vehicles,mode,seed,mean_ms,p95_ms,maximum_ms,steps_over_100ms,completion,violations,min_gap
38,1,0,8.58181466666666,21.79315,40.9824,0,100,0,2.00000001277715
38,1,1,8.14252366666667,21.99825,40.6211,0,100,0,2.00000005011361
38,1,2,9.92662288888889,32.25765,41.1137,0,100,0,2.00000003185903
38,2,0,7.48979022222222,21.48445,30.4427,0,100,0,2.10000001819549
38,2,1,6.451295,16.044,27.9891,0,100,0,2.10000013156491
38,2,2,8.75980377777778,28.24075,39.3457,0,100,0,2.10000005748725
38,3,0,3.92061488888889,6.3124,9.8484,0,100,0,2.00000031309696
38,3,1,4.02614644444444,6.7798,10.8374,0,100,0,2.00000031620993
38,3,2,4.00771977777778,7.2713,11.7239,0,100,0,2.00000031842865
57,1,0,12.638205,28.42225,38.3333,0,55.5555555555556,0,2.00000000000034
57,1,1,12.3396622222222,27.3293,41.646,0,50,0,2.00000000000034
57,1,2,15.5477,42.97045,70.4775,0,44.4444444444444,0,2.00000000000034
57,2,0,11.0266891111111,21.56545,35.325,0,83.3333333333333,0,2.10000000000048
57,2,1,12.1225666666667,26.27335,36.5615,0,77.7777777777778,0,2.10000000000036
57,2,2,13.7694072222222,37.99015,52.4897,0,77.7777777777778,0,2.10000000000036
57,3,0,7.72906666666667,11.37865,18.9954,0,61.1111111111111,0,2.00000000000057
57,3,1,8.04785355555555,11.5602,16.6633,0,61.1111111111111,0,2.00000000000057
57,3,2,7.83392077777778,11.12465,15.0311,0,66.6666666666667,0,2.00000000000057
76,1,0,20.9310894444444,50.64755,76.5209,0,0,0,2.00000000000034
76,1,1,18.6459438888889,40.05825,50.6059,0,0,0,2.00000000000034
76,1,2,18.7783923333333,46.22255,58.6253,0,0,0,2.00000000000034
76,2,0,19.6669182222222,48.6478,59.7827,0,0,0,2.10000000000036
76,2,1,17.1255823333333,36.7852,49.2625,0,0,0,2.10000000000036
76,2,2,18.0154658888889,41.6039,53.9144,0,0,0,2.10000000000036
76,3,0,3.91738422222222,4.52145,9.983,0,0,0,2.00000000000034
76,3,1,3.95412266666667,4.4106,9.083,0,0,0,2.00000000000034
76,3,2,3.91860033333333,4.73205,8.0557,0,0,0,2.00000000000034
