k1,sp1,mode,n,comp_mean,fuel_mean,fuel_ci95,perveh_mean,perkm_mean,sigma_mean,sigma_ci95,arms_mean,stop_veh_s_mean,stop_ci95,min_gap_min,pre_gap_violation_sum,gap_correction_sum,final_gap_violation_sum,safety_mean
25,40,1,20,100,4.9231927,0.0027613861,410.26606,7.9790998,7.1441776,0.00096218118,0.59700148,335.37,0.2343026,2,0,0,0,15653.5
25,40,2,20,100,4.7178501,0.0024258666,393.15418,7.4516906,7.0079136,0.0020168923,0.43932323,286.5,0.37747801,2,0,0,0,4750.45
29.411765,34,1,20,100,4.8826266,0.0036195868,406.88555,8.0411525,6.9673567,0.0013186961,0.60311256,319.445,0.26884309,2,0,0,0,20827.15
29.411765,34,2,20,100,4.7906699,0.0022600921,399.22249,7.474207,6.5070537,0.0022253645,0.4511203,226.68,0.50671298,2.0000007,0,0,0,24986.35
35.714286,28,1,20,100,4.9578912,0.013096405,413.1576,8.4548864,6.9518302,0.01696645,0.68957893,307.665,3.559737,2,0,0,0,21682.1
35.714286,28,2,20,100,4.9460608,0.0012094754,412.17174,7.9648667,6.4524783,0.0028412193,0.58129562,226.62,0.58407629,2.0000007,0,0,0,25337.2
41.666667,24,1,20,100,5.0214532,0.0018256505,418.45443,8.7493205,7.0157508,0.0015451183,0.77640562,284.735,0.26573771,2,0,0,0,22272.7
41.666667,24,2,20,100,5.0423415,0.001112828,420.19513,8.3028265,6.5801162,0.0032153003,0.69916123,226.98,0.57452412,2.0000007,0,0,0,25151.35
50,20,1,20,100,5.0923228,0.0023108475,424.36023,9.0856573,7.1562446,0.0066256439,0.86989327,246.79,2.0449887,2.0000001,0,0,0,22483.5
50,20,2,20,100,5.1097085,0.0018877317,425.80904,8.6272236,6.8436259,0.0047223154,0.80471838,229.38,0.68441028,2.0000006,0,0,0,24708.7
