k1,sp1,penetration,n,comp_mean,min_gap_min,final_gap_violation_sum,pre_gap_violation_sum,safety_mean,L100_mean,stop_mean,v_mean

25,40,0,20,100,2.10000000047648,0,0,4806.45,7.30834836467374,347.035,16.7884541311865
25,40,0.25,20,100,2.10000000062996,0,0,10054.9,7.32812375043981,336.715,17.0595055567441
25,40,0.5,20,100,2.10000000122216,0,0,13749.35,7.349105780569,324.715,17.3698380456453
25,40,0.75,20,100,2.10000000325601,0,0,16625.15,7.38373139669635,304.135,17.9079504027498
25,40,1,20,100,2.10000002295033,0,0,4425.65,7.45473898394178,281.755,18.5263534404835
29.4117647058824,34,0,20,100,2.10000002052652,0,0,4906.2,7.26999430376379,283.315,16.7833618045386
29.4117647058824,34,0.25,20,100,2.10000002735637,0,0,10339.2,7.29995639273783,277.255,17.0245142391754
29.4117647058824,34,0.5,20,100,2.10000004188714,0,0,14809.3,7.34009461182319,270.055,17.3123947397089
29.4117647058824,34,0.75,20,100,2.10000009163059,0,0,20461.5,7.39880563956962,255.895,17.8289163660977
29.4117647058824,34,1,20,100,2.10000066578652,0,0,24563.95,7.48532588035175,223.375,18.7366122907526
35.7142857142857,28,0,20,100,2.10000016091374,0,0,9845.35,7.6102773487331,248.575,16.3650415519089
35.7142857142857,28,0.25,20,100,2.1000000030923,0,0,13479.85,7.79443225133961,262.15,16.5457846222513
35.7142857142857,28,0.5,20,100,2.0914322407898,0,0,16496.85,7.98427743559477,272.465,16.7408498749553
35.7142857142857,28,0.75,20,100,2.09385862534941,0,0,20434.75,8.18993094837695,279.385,17.0781760865499
35.7142857142857,28,1,20,100,2.10000000552782,0,0,22413.2,8.36205942564979,280.56,17.4971915623982
41.6666666666667,24,0,20,100,2.10000015609546,0,0,10702.8,7.980999660734,248.455,15.955801947596
41.6666666666667,24,0.25,20,100,2.10000004141034,0,0,14117.3,8.10811090924419,254.215,16.1545991145692
41.6666666666667,24,0.5,20,100,2.09988364201854,0,0,16857.05,8.26566638129803,260.115,16.3676546767226
41.6666666666667,24,0.75,20,100,2.10000001819549,0,0,20646,8.41008331313781,262.515,16.7323566826325
41.6666666666667,24,1,20,100,2.10000006461701,0,0,22729.75,8.55844537775035,258.995,17.2101497183193
50,20,0,20,100,2.10000012614762,0,0,11161.15,8.34447677219565,251.575,15.5059368838982
50,20,0.25,20,100,2.10000010509236,0,0,15157.9,8.50465622852524,234.025,15.6928544986176
50,20,0.5,20,100,2.10000010085162,0,0,17796.5,8.63818097203013,233.975,15.9187038959258
50,20,0.75,20,100,2.1000002286479,0,0,21553.3,8.75984129137566,229.795,16.3138790164527
50,20,1,20,100,2.10000060924358,0,0,22942.4,8.86956855719436,225.66,16.858072436725
