k1,sp1,penetration,n,fuel_saving_pct,fuel_ci95,perveh_saving_pct,perveh_ci95,sigma_reduction_pct,sigma_ci95,stop_reduction,completion_gain_pp
25,40,0,20,0,0,0,0,0,0,0,0
25,40,0.25,20,-1.7725873,0.3929402,-1.7725873,0.3929402,-1.3116148,0.24201264,-21.225,0
25,40,0.5,20,-2.4524291,0.46488252,-2.4524291,0.46488252,-1.9144343,0.29205609,-33.455,0
25,40,0.75,20,-3.2548054,0.34756489,-3.2548054,0.34756489,-2.2503672,0.25678138,-45.445,0
25,40,1,20,-4.3525014,0.049888603,-4.3525017,0.049888878,-1.9444593,0.025858148,-48.87,0
29.411765,34,0,20,0,0,0,0,0,0,0,0
29.411765,34,0.25,20,-2.2885516,0.4685959,-2.2885516,0.4685959,-2.4177092,0.36234517,-25.68,0
29.411765,34,0.5,20,-2.8252072,0.4552143,-2.8252072,0.4552143,-3.9676062,0.81947875,-45.135,0
29.411765,34,0.75,20,-3.1669581,0.39630231,-3.1669581,0.39630231,-5.3007132,0.35976065,-62.83,0
29.411765,34,1,20,-1.9195069,0.06239228,-1.9195067,0.062392341,-7.0739644,0.043426671,-92.765,0
35.714286,28,0,20,0,0,0,0,0,0,0,0
35.714286,28,0.25,20,-2.8015865,0.62132067,-2.8015866,0.62132038,-4.4918006,1.0500507,-30.83,0
35.714286,28,0.5,20,-2.9791302,0.50205316,-2.9791303,0.50205288,-5.7704884,1.2018345,-43.74,0
35.714286,28,0.75,20,-2.0716581,0.43486436,-2.0716586,0.4348642,-6.978324,0.74908334,-59.25,0
35.714286,28,1,20,-0.23926701,0.27054497,-0.23926701,0.27054522,-7.7387992,0.24727609,-81.045,0
41.666667,24,0,20,0,0,0,0,0,0,0,0
41.666667,24,0.25,20,-2.5392999,0.571579,-2.5392999,0.571579,-4.4769425,0.99317815,-25.475,0
41.666667,24,0.5,20,-2.5015109,0.41158246,-2.5015109,0.41158246,-4.8118258,1.1882395,-27.655,0
41.666667,24,0.75,20,-1.4129391,0.3621765,-1.4129391,0.3621765,-5.9704572,0.72335904,-37.355,0
41.666667,24,1,20,0.41426064,0.027287512,0.41426042,0.027287753,-6.6205398,0.036295928,-57.755,0
50,20,0,20,0,0,0,0,0,0,0,0
50,20,0.25,20,-2.7941953,0.61001181,-2.7941953,0.61001181,-2.6280881,0.83252085,10.74,0
50,20,0.5,20,-3.012319,0.32435708,-3.012319,0.32435708,-3.1158578,1.2129072,10.23,0
50,20,0.75,20,-1.7760369,0.18279457,-1.7760369,0.18279457,-3.7571748,0.68814476,8.185,0
50,20,1,20,0.34025098,0.023513709,0.34025059,0.023513505,-4.5680666,0.07778661,-17.41,0
