k1,sp1,penetration,mode,n,comp_mean,fuel_mean,fuel_ci95,perveh_mean,perveh_ci95,sigma_mean,sigma_ci95,stop_mean,stop_ci95,min_gap_min,final_gap_violation_sum,pre_gap_violation_sum,gap_correction_sum,safety_mean
25,40,0,1,20,100,4.1910124,0.0012047845,349.25104,0.10039871,6.7938917,0.0017401712,351.78,0.36556247,2,0,0,0,4971.45
25,40,0,2,20,100,4.1910124,0.0012047845,349.25104,0.10039871,6.7938917,0.0017401712,351.78,0.36556247,2,0,0,0,4971.45
25,40,0.25,1,20,100,4.346551,0.017242605,362.21259,1.4368838,6.9234708,0.029372849,362.625,6.3380584,2,0,0,0,9756.1
25,40,0.25,2,20,100,4.2708602,0.0064959589,355.90502,0.54132991,6.8337441,0.016715017,341.4,1.9117868,2,0,0,0,10238.7
25,40,0.5,1,20,100,4.4683604,0.023443466,372.36337,1.9536222,7.00717,0.034667414,362.915,5.079316,2,0,0,0,12969.45
25,40,0.5,2,20,100,4.361363,0.0075586782,363.44692,0.62988985,6.8755655,0.029083463,329.46,3.0105102,2,0,0,0,13954.35
25,40,0.75,1,20,100,4.6654075,0.017277704,388.78396,1.4398087,7.0901119,0.024249756,353.905,3.052043,2,0,0,0,15643.8
25,40,0.75,2,20,100,4.5183648,0.0095514755,376.5304,0.79595629,6.9343825,0.03541309,308.46,3.6502092,2,0,0,0,16844.2
25,40,1,1,20,100,4.9231927,0.0027613903,410.26606,0.23011576,7.1441777,0.00096217172,335.37,0.2343026,2,0,0,0,15653.5
25,40,1,2,20,100,4.7178501,0.0024258654,393.15418,0.20215573,7.0079136,0.0020168935,286.5,0.37747801,2,0,0,0,4750.45
29.411765,34,0,1,20,100,4.1583087,0.0011413994,346.52573,0.095116617,6.2624317,0.001704901,288.06,0.3314235,2,0,0,0,5083.4
29.411765,34,0,2,20,100,4.1583087,0.0011413994,346.52573,0.095116617,6.2624317,0.001704901,288.06,0.3314235,2,0,0,0,5083.4
29.411765,34,0.25,1,20,100,4.33725,0.018794895,361.4375,1.5662412,6.462716,0.026476966,307.2,4.5577972,2,0,0,0,10225.35
29.411765,34,0.25,2,20,100,4.240273,0.0090414579,353.35608,0.75345483,6.3101673,0.014345058,281.52,0.9153053,2,0,0,0,10619.95
29.411765,34,0.5,1,20,100,4.4612293,0.021837513,371.7691,1.8197927,6.6217744,0.044668109,319.395,5.6614875,2,0,0,0,14336.25
29.411765,34,0.5,2,20,100,4.3387095,0.013974382,361.55913,1.1645318,6.3694991,0.024711531,274.26,1.1042301,2,0,0,0,15155.8
29.411765,34,0.75,1,20,100,4.6479303,0.020038555,387.32752,1.6698796,6.7899087,0.024476682,322.39,3.2776101,2,0,0,0,18579.05
29.411765,34,0.75,2,20,100,4.5053718,0.018185379,375.44765,1.5154483,6.4483707,0.028758413,259.56,1.1110992,2.0000001,0,0,0,20848.85
29.411765,34,1,1,20,100,4.8826266,0.0036195861,406.88555,0.30163244,6.9673567,0.0013187016,319.445,0.26884309,2,0,0,0,20827.15
29.411765,34,1,2,20,100,4.7906699,0.002260091,399.22249,0.18834081,6.5070537,0.0022253637,226.68,0.50671298,2.0000007,0,0,0,24986.35
35.714286,28,0,1,20,100,4.2434871,0.00094769569,353.62392,0.078974261,5.8489737,0.0025248783,252.06,0.38185049,2.0000002,0,0,0,9746.55
35.714286,28,0,2,20,100,4.2434871,0.00094769569,353.62392,0.078974261,5.8489737,0.0025248783,252.06,0.38185049,2.0000002,0,0,0,9746.55
35.714286,28,0.25,1,20,100,4.4545088,0.023724566,371.20906,1.9770466,6.2200575,0.056786922,282.23,7.048488,2,0,0,0,13495.55
35.714286,28,0.25,2,20,100,4.3332392,0.0099405649,361.10326,0.8283805,5.9529783,0.014330867,251.4,0.40744,2.0000002,0,0,0,13894.5
35.714286,28,0.5,1,20,100,4.5854415,0.022981775,382.12012,1.9151472,6.4286117,0.06739403,293.52,8.4993217,2,0,0,0,16592.3
35.714286,28,0.5,2,20,100,4.4528761,0.014555255,371.07301,1.2129378,6.0782934,0.021736197,249.78,0.46246385,2.0000002,0,0,0,17266.45
35.714286,28,0.75,1,20,100,4.7692585,0.022292567,397.43821,1.8577141,6.6902692,0.050320628,303.27,6.4803938,2,0,0,0,20200.75
35.714286,28,0.75,2,20,100,4.6725952,0.019279412,389.38293,1.6066171,6.2539504,0.024151411,244.02,0.65970899,2.0000003,0,0,0,21539.35
35.714286,28,1,1,20,100,4.9578912,0.013096401,413.1576,1.0913671,6.9518302,0.016966447,307.665,3.559737,2,0,0,0,21682.1
35.714286,28,1,2,20,100,4.9460608,0.0012094768,412.17174,0.10078967,6.4524783,0.0028412223,226.62,0.58407629,2.0000007,0,0,0,25337.2
41.666667,24,0,1,20,100,4.3397026,0.0010665684,361.64188,0.088880699,5.8943818,0.0031668554,251.64,0.45916157,2.0000002,0,0,0,10643.7
41.666667,24,0,2,20,100,4.3397026,0.0010665684,361.64188,0.088880699,5.8943818,0.0031668554,251.64,0.45916157,2.0000002,0,0,0,10643.7
41.666667,24,0.25,1,20,100,4.5398985,0.020668625,378.32488,1.7223854,6.275663,0.054002501,276.215,7.0549647,2,0,0,0,13973.1
41.666667,24,0.25,2,20,100,4.4276199,0.010019478,368.96833,0.83495649,6.0070472,0.015705788,250.74,0.46663296,2.0000002,0,0,0,14547.55
41.666667,24,0.5,1,20,100,4.6567814,0.017661792,388.06512,1.471816,6.4396002,0.067335861,276.595,8.9879352,2,0,0,0,17022.35
41.666667,24,0.5,2,20,100,4.543248,0.014257388,378.604,1.1881156,6.1443596,0.021148455,248.94,0.5682291,2.0000002,0,0,0,17684.2
41.666667,24,0.75,1,20,100,4.8361997,0.017205308,403.01665,1.4337756,6.7283942,0.050343136,280.895,4.0558668,2,0,0,0,20595.4
41.666667,24,0.75,2,20,100,4.7689928,0.019561476,397.41607,1.630123,6.3493667,0.023638805,243.54,0.87496891,2.0000002,0,0,0,21572.2
41.666667,24,1,1,20,100,5.0214532,0.0018256493,418.45443,0.15213741,7.0157508,0.0015451153,284.735,0.26573771,2,0,0,0,22272.7
41.666667,24,1,2,20,100,5.0423415,0.0011128282,420.19513,0.092735738,6.5801162,0.0032153057,226.98,0.57452412,2.0000007,0,0,0,25151.35
50,20,0,1,20,100,4.4101641,0.0010224747,367.51367,0.085206224,6.1071988,0.0048795059,254.58,0.57452412,2.0000001,0,0,0,11093.95
50,20,0,2,20,100,4.4101641,0.0010224747,367.51367,0.085206224,6.1071988,0.0048795059,254.58,0.57452412,2.0000001,0,0,0,11093.95
50,20,0.25,1,20,100,4.6222159,0.02202794,385.18466,1.8356616,6.3899789,0.046548313,242.76,5.892863,2,0,0,0,15041.15
50,20,0.25,2,20,100,4.4967438,0.010012848,374.72865,0.83440402,6.2266147,0.016383568,253.5,0.55042114,2.0000002,0,0,0,14873.2
50,20,0.5,1,20,100,4.7475505,0.014446933,395.62921,1.2039111,6.570346,0.066985452,241.47,10.252446,2,0,0,0,17888.95
50,20,0.5,2,20,100,4.6088167,0.013749698,384.06806,1.1458082,6.3724194,0.020596224,251.7,0.67872705,2.0000002,0,0,0,17773.45
50,20,0.75,1,20,100,4.9230613,0.015320821,410.25511,1.2767351,6.8454298,0.035882001,238.115,4.4176738,2.0000001,0,0,0,21249.3
50,20,0.75,2,20,100,4.8372612,0.019914754,403.1051,1.6595628,6.597943,0.02199775,246.3,1.136093,2.0000002,0,0,0,21398.25
50,20,1,1,20,100,5.0923228,0.0023108545,424.36023,0.19256997,7.1562446,0.0066256434,246.79,2.0449887,2.0000001,0,0,0,22483.5
50,20,1,2,20,100,5.1097085,0.0018877314,425.80904,0.15731085,6.8436259,0.0047223202,229.38,0.68441028,2.0000006,0,0,0,24708.7
