penetration,k1,mode,n,comp_mean,fuel_mean,fuel_ci95,perveh_mean,perkm_mean,sigma_mean,sigma_ci95,arms_mean,stop_veh_s_mean,stop_ci95,min_gap_min,pre_gap_violation_sum,gap_correction_sum,final_gap_violation_sum,safety_mean
0,35.714286,1,20,100,4.2434871,0.00094769549,353.62392,7.5881872,5.8489737,0.002524875,0.57529718,252.06,0.38185049,2.0000002,0,0,0,9746.55
0,35.714286,2,20,100,4.2434871,0.00094769549,353.62392,7.5881872,5.8489737,0.002524875,0.57529718,252.06,0.38185049,2.0000002,0,0,0,9746.55
0.25,35.714286,1,20,100,4.4545088,0.023724562,371.20906,7.9144969,6.2200575,0.056786917,0.61893931,282.23,7.048488,2,0,0,0,13495.55
0.25,35.714286,2,20,100,4.3332392,0.0099405662,361.10326,7.64105,5.9529783,0.014330863,0.57440255,251.4,0.40744,2.0000002,0,0,0,13894.5
0.5,35.714286,1,20,100,4.5854415,0.022981772,382.12012,8.0687771,6.4286117,0.067394032,0.64113184,293.52,8.4993217,2,0,0,0,16592.3
0.5,35.714286,2,20,100,4.4528761,0.014555255,371.07301,7.7175135,6.0782934,0.021736198,0.57365996,249.78,0.46246385,2.0000002,0,0,0,17266.45
0.75,35.714286,1,20,100,4.7692585,0.022292567,397.43821,8.269932,6.6902692,0.050320631,0.66695639,303.27,6.4803938,2,0,0,0,20200.75
0.75,35.714286,2,20,100,4.6725952,0.019279409,389.38293,7.8658552,6.2539504,0.024151418,0.57390433,244.02,0.65970899,2.0000003,0,0,0,21539.35
1,35.714286,1,20,100,4.9578912,0.013096405,413.1576,8.4548864,6.9518302,0.01696645,0.68957893,307.665,3.559737,2,0,0,0,21682.1
1,35.714286,2,20,100,4.9460608,0.0012094754,412.17174,7.9648667,6.4524783,0.0028412193,0.58129562,226.62,0.58407629,2.0000007,0,0,0,25337.2
