component_id,seed,completion,fuel_L100,speed_sd,acceleration_rms,stopped_vehicle_s,mean_speed,total_fuel_L,minimum_gap,violations,jerk_rms,hold_events
1,0,100,8.3719778483978,6.58605805324287,0.743281260500701,265.4,16.813045645245,4.80742448899582,2.10000001844378,0,0.607027803388573,0
1,1,100,8.3243027140217,6.55484195727896,0.723463190386381,258.2,16.8111176947706,4.77941641031054,2.10000012653029,0,0.484761489934155,0
1,2,100,8.36556095472607,6.56595626465234,0.729022180151787,265.5,16.6822313124018,4.76630561470555,2.10000005509471,0,0.614460270176313,0
1,3,100,8.36843366339121,6.59036067667883,0.73304661211468,264.3,16.7612371805149,4.7905533761628,2.10000005821882,0,0.612339284885186,0
1,4,100,8.31981539032986,6.47325288302452,0.724177557288437,258.8,16.6231808337095,4.7234738045603,2.10000012253431,0,0.481559812251575,0
1,5,100,8.31971085129801,6.4901394953538,0.722619478380779,259.3,16.694416122669,4.74365952136184,2.10000011624345,0,0.484807217986558,0
1,6,100,8.30601287247026,6.49089983473113,0.727167114916954,258.2,16.7707268742276,4.75749770464131,2.10000012442208,0,0.485555140874431,0
1,7,100,8.36417088367651,6.60175390286711,0.734558025244117,263.6,16.8121859345041,4.80269601803314,2.10000006081748,0,0.605288710924661,0
1,8,100,8.32260996492758,6.44898709428549,0.732425062849019,261.7,16.6871065575386,4.74326259353072,2.10000002720597,0,0.593167288715461,0
1,9,100,8.35678975033575,6.57593601288771,0.738665891408983,265.4,16.8093320900013,4.79765586125655,2.10000001909225,0,0.601165180740259,0
1,10,100,8.40301709489055,6.62494528518678,0.738668961628045,266.6,16.7170527228929,4.79766475493564,2.10000004872279,0,0.618384603793389,0
1,11,100,8.31389874876863,6.41344099473009,0.720919707044662,253.9,16.6727477122896,4.73418823651251,2.10000020312873,0,0.469611809584562,0
1,12,100,8.41671903749855,6.67211034935379,0.745331303768492,268.5,16.7307791616909,4.80937063305119,2.10000004104381,0,0.619649107372528,0
1,13,100,8.3708300537698,6.5683091310892,0.729934377071891,265.8,16.6870620623567,4.77072239551366,2.10000005507823,0,0.614043559177989,0
1,14,100,8.40531010476643,6.64622009848286,0.737287707019651,267.7,16.7395143619048,4.80543836990517,2.10000004469407,0,0.616787866517492,0
1,15,100,8.36298660589947,6.55241629140548,0.727932428883304,264.6,16.6975589722344,4.7691652040783,2.10000005301049,0,0.614820463020537,0
1,16,100,8.42930770043364,6.67471635397456,0.740830811213707,267.2,16.7816845670891,4.83126874465963,2.10000004443452,0,0.619455622020789,0
1,17,100,8.4488812798279,6.70827887946387,0.745056223848081,267.8,16.8161342099633,4.85249069915572,2.1000000453904,0,0.594425651352736,0
1,18,100,8.37898333279381,6.57588602851551,0.740172641803869,265.5,16.5980440159718,4.74983621100387,2.10000005115819,0,0.621783363267419,0
1,19,100,8.40095522355893,6.65658292421229,0.73989766655941,266.7,16.7674706369914,4.81092756344713,2.10000004608253,0,0.620163992244132,0
2,0,100,8.50717692846428,6.66905505558276,0.760328684155612,273.9,16.7537345567906,4.86760458947711,2.10000001260289,0,0.626113287189732,0
2,1,100,8.47893631112361,6.67613817396157,0.739197430696902,271.5,16.7073947627779,4.83792842982409,2.10000006051291,0,0.506586203230937,0
2,2,100,8.53075351764768,6.69059940215819,0.748359659748896,278.5,16.5835910542338,4.83145622411276,2.1000000272245,0,0.628128697348925,0
2,3,100,8.41288554264743,6.60968392308383,0.737812808216661,267.6,16.7672029543422,4.81752378248578,2.10000005256074,0,0.614508719645055,0
2,4,100,8.36148434808718,6.48942418550924,0.726863260336556,262.7,16.6168642521978,4.7451282160005,2.10000011093246,0,0.493251132216575,0
2,5,100,8.46842630111149,6.60479292692725,0.737096498942191,272.5,16.5874110715807,4.79727035730398,2.10000005586733,0,0.504637394923183,0
2,6,100,8.46218918344754,6.61092641695253,0.743054490240025,271.3,16.6664708222815,4.81659053831167,2.10000005992379,0,0.50792211318278,0
2,7,100,8.5124076136472,6.70189651458544,0.748857206469312,275.7,16.7006644498756,4.85515950723973,2.10000003158996,0,0.604305969876464,0
2,8,100,8.45349042373199,6.59194915238758,0.749069328680283,277.4,16.5960257715931,4.7913249473096,2.1000000129568,0,0.606923500026745,0
2,9,100,8.49972242120209,6.66180227953249,0.756982186587867,274.2,16.7529412925453,4.86312422034806,2.10000001294281,0,0.62086701428581,0
2,10,100,8.56316681118747,6.69309905165347,0.758810684736775,274.8,16.6314869293894,4.86371058056465,2.10000002463732,0,0.63734263196921,0
2,11,100,8.41767574993844,6.49629756092603,0.734897666627794,265.8,16.618567837883,4.77747702809745,2.10000011566888,0,0.485064052279302,0
2,12,100,8.57259236640341,6.73656881083995,0.763547506354466,277.4,16.6162781556791,4.86467505570843,2.10000002498793,0,0.635970392729696,0
2,13,100,8.5333409509546,6.6950082391906,0.748373014531148,280.8,16.563186341938,4.82686385480839,2.10000001929552,0,0.62748054268766,0
2,14,100,8.5635850920108,6.71834799261259,0.755561249084999,277.5,16.6131442320838,4.85872577192502,2.10000002532979,0,0.626143590883575,0
2,15,100,8.5243721761362,6.69210284459667,0.748522589189694,278.9,16.5948173641542,4.83105787274278,2.10000002481638,0,0.628100435600374,0
2,16,100,8.58197702286028,6.73723619574692,0.759283847240642,277.5,16.6402986441728,4.87707611314597,2.10000002578067,0,0.626025054094119,0
2,17,100,8.51711838944652,6.71309868896481,0.750313449731094,269.6,16.8121923627445,4.89032598667551,2.10000004397943,0,0.5922421340053,0
2,18,100,8.52423763705279,6.67263972185553,0.758627883191091,274.5,16.5328466990147,4.81298030155034,2.1000000308926,0,0.637430827813494,0
2,19,100,8.58380303248183,6.73122229117233,0.760158675587992,275.4,16.6622371821843,4.88454667861985,2.10000002824813,0,0.637385226047484,0
3,0,100,8.50456079845807,6.67841225027294,0.752993973883261,268.3,16.7254759545567,4.85804891258254,2.10000002989057,0,0.606516511605226,0
3,1,100,8.4134000815845,6.58695117581886,0.73291108504249,256.2,16.7922333216076,4.82512873193808,2.10000012740613,0,0.487931291824461,0
3,2,100,8.47309838539341,6.60807132312467,0.738056470730312,264.1,16.6366629871547,4.81435622736953,2.10000005874213,0,0.536087747866958,0
3,3,100,8.4491007198762,6.61647762778805,0.741258724306944,260.9,16.7419701230166,4.83114857602259,2.10000006644793,0,0.525806769256341,0
3,4,100,8.41398253586534,6.51267716742287,0.733710107243547,257.7,16.5948842628514,4.7687889003686,2.10000011516797,0,0.483163034574206,0
3,5,100,8.40875365224348,6.52998849855452,0.732338188285629,259.1,16.6664788355829,4.78637831557589,2.10000009898658,0,0.485623280004701,0
3,6,100,8.39618309425719,6.53064516007617,0.736599103548333,257.8,16.7401798056016,4.80035460944515,2.10000010539909,0,0.48689777509439,0
3,7,100,8.46546028858841,6.64101344257807,0.746193732241288,261,16.7864506965533,4.85339435772953,2.10000006351117,0,0.527446162519703,0
3,8,100,8.37581464503119,6.49430586887694,0.733931044002736,262.9,16.6487326658166,4.7625433225725,2.10000005553184,0,0.59168650778086,0
3,9,100,8.49529154898377,6.67600122725748,0.749374108621858,268.5,16.7244451133779,4.85247009777132,2.10000002970628,0,0.600596875120541,0
3,10,100,8.61166534845174,6.71284722156287,0.75733854493357,270.2,16.5513687338949,4.8679546996222,2.10000003182211,0,0.534231738638,0
3,11,100,8.37747354149833,6.46366216015173,0.729418140216533,259,16.6385060965965,4.76053167243738,2.10000013794195,0,0.473076477223711,0
3,12,100,8.62349483726988,6.75158274222998,0.764997019621813,271.8,16.5561168654974,4.87599066436898,2.10000002848938,0,0.576795256128853,0
3,13,100,8.46681852258543,6.60263375170537,0.738737346945305,263.2,16.6520943834407,4.81528627662383,2.10000006010227,0,0.530013044483613,0
3,14,100,8.60738061359385,6.72950725572394,0.755906509138276,271.1,16.5707362686745,4.87125530202601,2.10000002975983,0,0.532214898893751,0
3,15,100,8.44873401429657,6.58764525215509,0.73520293760275,261.7,16.6635032829279,4.80821856711044,2.10000006509006,0,0.551040354467228,0
3,16,100,8.61204708111235,6.74203691722132,0.759195755392784,270.8,16.5915000360601,4.8799815926249,2.10000002991865,0,0.53588130592404,0
3,17,100,8.63680071677951,6.76768744376296,0.765811467406823,270,16.6334186281921,4.90633698579529,2.10000003030757,0,0.545027365549538,0
3,18,100,8.57856049386243,6.7234612996386,0.760219094329291,271.5,16.4814508488313,4.82875271284103,2.10000003013499,0,0.575514402975267,0
3,19,100,8.62417249958484,6.74647235775256,0.759864030066275,270.1,16.6008850985993,4.88958647834196,2.10000003137429,0,0.541570326405745,0
4,0,100,8.41535578932414,6.58611807403271,0.74748617650598,264.3,16.8138009801865,4.83255198001757,2.10000001819549,0,0.608614160203258,0
4,1,100,8.35958968275713,6.55747639005096,0.727134541816109,257.1,16.8128240762763,4.80017320764524,2.10000012875275,0,0.490872472058772,0
4,2,100,8.40364191390248,6.56545941279849,0.732672027262932,263.8,16.6860332266844,4.78910641381756,2.10000005623215,0,0.617782971538334,0
4,3,100,8.39003129084262,6.58837383588725,0.735591203062477,261.5,16.7950763874156,4.81264040948561,2.10000006466498,0,0.608071342467158,0
4,4,100,8.35400256989593,6.47520410256344,0.727394458172951,258,16.623257117506,4.74291299508479,2.10000012540581,0,0.485937167639065,0
4,5,100,8.35595056349003,6.49223105039846,0.726178050021159,258.3,16.6962708120459,4.76486241511693,2.10000011898217,0,0.489801003229822,0
4,6,100,8.34134015187169,6.49363555018698,0.730841637048383,257.1,16.7724191771924,4.77822623338306,2.1000001270022,0,0.490710512425887,0
4,7,100,8.39600303747097,6.59892919872119,0.737858553952768,260.5,16.8355322667971,4.82769061094356,2.10000006750352,0,0.599617448893954,0
4,8,100,8.34122944178315,6.4584244903547,0.733629399092785,262.5,16.6787887822649,4.75150114983366,2.1000000250516,0,0.592811860498394,0
4,9,100,8.40603352082122,6.56892538969501,0.743551190881523,263.2,16.8177439338378,4.82834636581135,2.10000002016068,0,0.603177812140661,0
4,10,100,8.45640549106839,6.62743569940927,0.744407528462508,264.7,16.7157630476096,4.82778678054985,2.10000005029451,0,0.619288980546881,0
4,11,100,8.33865022720578,6.40474698613257,0.724165656272909,252.5,16.6812180533836,4.75069803626881,2.10000021842359,0,0.472183566326869,0
4,12,100,8.47421882308034,6.67388590311233,0.751925861981401,266.7,16.7328860249543,4.84284904951011,2.10000004190488,0,0.623347313069497,0
4,13,100,8.39207089303097,6.55243169851779,0.732600809293176,261.7,16.7152640194879,4.79093533915262,2.10000006510609,0,0.617279795084075,0
4,14,100,8.46417726480131,6.64827808445442,0.743538056608304,265.7,16.7379728045158,4.8386609820556,2.10000004633162,0,0.619799943778303,0
4,15,100,8.38703356229929,6.55222364104269,0.730485244733112,262.9,16.7010257031528,4.7838840454591,2.1000000543437,0,0.617025155154489,0
4,16,100,8.49227391820239,6.68275184532713,0.74691333660783,266.5,16.7693949396015,4.86378576106877,2.10000004424035,0,0.617665764436551,0
4,17,100,8.51313207470199,6.71295099264384,0.751563781224906,265.9,16.8237367558156,4.89160551633164,2.10000004717381,0,0.584505470296015,0
4,18,100,8.42824887537628,6.57855364702258,0.745720962422765,263.9,16.5977253804859,4.77768263527937,2.10000005185486,0,0.62575562260935,0
4,19,100,8.46947836118774,6.66004877067365,0.747197656216586,264.8,16.7653286168562,4.84956093321404,2.10000004774349,0,0.623748000445989,0
5,0,100,8.41589664373817,6.58718102444409,0.747398612882789,264.3,16.8132556002759,4.83270541150415,2.10000001819549,0,0.608379166560556,0
5,1,100,8.3588348796579,6.55775337362153,0.726235310853572,257,16.81155385257,4.79937637856758,2.10000013156491,0,0.485263876331408,0
5,2,100,8.40402260708691,6.56674361673934,0.732180714573238,263.8,16.6833246785834,4.78854437703856,2.10000005748725,0,0.61411120667901,0
5,3,100,8.39303215032684,6.58676605355328,0.735536598364712,261.5,16.7833133375632,4.81098496706975,2.10000006503878,0,0.604482442358058,0
5,4,100,8.35543054216258,6.48243873468472,0.726674883431139,259,16.6147296806215,4.74128670545741,2.10000011909563,0,0.480986731024133,0
5,5,100,8.35719440480174,6.49920577375413,0.725405265083349,259.4,16.6873203698356,4.76301326028783,2.10000011312468,0,0.484839967432954,0
5,6,100,8.34211494283586,6.50075118871082,0.729892497986539,258.2,16.7634413727062,4.77610841434142,2.10000012133924,0,0.485806522250731,0
5,7,100,8.39776558540106,6.59787207744278,0.737819534913921,260.5,16.8279040007693,4.82651301647798,2.10000006767223,0,0.597661777224375,0
5,8,100,8.34126592530003,6.45857199262106,0.733590642486824,262.4,16.6787062941873,4.75149837117635,2.1000000250516,0,0.59241599599499,0
5,9,100,8.40853384463041,6.57726467014257,0.743530457713127,264.4,16.809466089605,4.82740187006758,2.10000001877881,0,0.602896806338467,0
5,10,100,8.45648592891196,6.62829846229755,0.744028123472961,264.6,16.7142886983856,4.82740601723045,2.10000005079223,0,0.613934205589698,0
5,11,100,8.33796466049766,6.41336676315052,0.72328331779214,253.7,16.6731647139187,4.7480108208847,2.10000020413258,0,0.471187241308583,0
5,12,100,8.47411195766395,6.67419741469941,0.751479234301388,266.7,16.730602112473,4.84212582888703,2.1000000426792,0,0.620362846937931,0
5,13,100,8.39928925521508,6.56155790253731,0.732489305986443,262.9,16.6982338579194,4.79016258307834,2.10000006166104,0,0.612729249724288,0
5,14,100,8.46604715670915,6.65523985092122,0.743211665139851,266.9,16.7281862632729,4.8368961204132,2.10000004367896,0,0.615089998096488,0
5,15,100,8.38702435766787,6.55318433024188,0.730054913782071,262.8,16.6993483089942,4.78339732864511,2.10000005568406,0,0.613924745136529,0
5,16,100,8.49209520862964,6.68235307192239,0.746704627637785,266.5,16.767010650965,4.86299098192485,2.10000004446306,0,0.614881798456728,0
5,17,100,8.51716835094552,6.71644956376497,0.751715237370786,267,16.802174960697,4.88764442867733,2.10000004397943,0,0.583357203029916,0
5,18,100,8.42767959096834,6.57986242668198,0.745130022039833,263.9,16.5974238041684,4.77727288327792,2.10000005302345,0,0.621483454487961,0
5,19,100,8.46970826960556,6.66079502782429,0.74681487043369,264.8,16.7636850051386,4.84921613005295,2.10000004839321,0,0.620993852096392,0
6,0,100,8.40058487328111,6.56781899273185,0.746291293755418,264.4,16.841208454086,4.83188122883496,2.00000000649504,0,0.610632510463152,0
6,1,100,8.34519193356159,6.53925663857665,0.724461659797031,257.2,16.8398040960326,4.79967859978334,2.00000014624845,0,0.48550486375268,0
6,2,100,8.38825216830338,6.54832150739166,0.731196733973508,264.1,16.7157114525641,4.78878267120197,2.00000005367394,0,0.616103361791846,0
6,3,100,8.38281414482404,6.57569467744411,0.734834556522247,262.7,16.8019101969404,4.81039478252955,2.00000006032417,0,0.616372103675973,0
6,4,100,8.34143194654893,6.46409523732626,0.724972101350759,258.7,16.6439854445079,4.74162385626355,2.0000001316314,0,0.483859596164578,0
6,5,100,8.34393868321182,6.48111196568076,0.723346256501528,259.1,16.7158626644848,4.76352263873599,2.00000012797807,0,0.48652513613453,0
6,6,100,8.32889122660996,6.48213846693608,0.727662689077107,257.8,16.790507871267,4.77617364605412,2.00000013759814,0,0.486871975899084,0
6,7,100,8.38694979792812,6.58667069014289,0.736491427111626,261.6,16.8463868297514,4.82552063577237,2.00000006666767,0,0.617957870096575,0
6,8,100,8.32694062015069,6.4384777994178,0.732363755817194,262.5,16.706399257307,4.75114982344646,2.00000001102137,0,0.595249393741087,0
6,9,100,8.39333844891785,6.55778842951756,0.742467919091621,264.5,16.8372601741558,4.82659763826324,2.00000000797229,0,0.605059290287863,0
6,10,100,8.44222832735144,6.61688740570159,0.74266645747862,265.9,16.7380393664357,4.82604987243862,2.00000004900517,0,0.621639398659698,0
6,11,100,8.32373868172269,6.3941006913427,0.721144348428209,253.6,16.7003723344639,4.74770014893926,2.00000022878783,0,0.473955242143084,0
6,12,100,8.464636195289,6.66372809701608,0.748522253133367,267.3,16.7455001013219,4.8410887206294,2.00000004959736,0,0.603462665387231,0
6,13,100,8.38877512319178,6.55094401967315,0.731269051577172,264.2,16.7161071181024,4.78922500053045,2.00000005959896,0,0.61580586729219,0
6,14,100,8.45163699635127,6.63840756372419,0.741725823775867,266.6,16.7586818677577,4.83741081710391,2.0000000454786,0,0.619106600418326,0
6,15,100,8.37352232097984,6.54079546175278,0.727386661066097,263.5,16.7208718717501,4.78193348888759,2.00000006517951,0,0.614508638312701,0
6,16,100,8.48020775997339,6.67417157213429,0.745776234169215,267.5,16.7937816392467,4.86389344940225,2.0000000415954,0,0.62290020427133,0
6,17,100,8.50327706877608,6.70068954747623,0.750195929579157,266.7,16.8341226529622,4.88890789500168,2.0000000476474,0,0.606270584887236,0
6,18,100,8.41429869138032,6.56670134140458,0.744125343319585,265.2,16.6181177863317,4.77559391305866,2.0000000483974,0,0.62361826753636,0
6,19,100,8.45596091700144,6.64937032411037,0.745475493183527,266,16.787841321984,4.84825251651292,2.00000004528511,0,0.623091355229429,0
