condition,delay_s,drop_probability,position_sigma,speed_sigma,noisy_safety,hdv_variation,cav_only_safety,closure_m,speed_factor
ideal,0,0,0,0,0,0,0,750,1
delay_100ms,0.1,0,0,0,0,0,0,750,1
delay_300ms,0.3,0,0,0,0,0,0,750,1
delay_500ms,0.5,0,0,0,0,0,0,750,1
loss_5pct,0,0.05,0,0,0,0,0,750,1
loss_10pct,0,0.1,0,0,0,0,0,750,1
loss_20pct,0,0.2,0,0,0,0,0,750,1
measurement_nominal,0,0,0.2,0.1,0,0,0,750,1
measurement_all_layers,0,0,0.2,0.1,1,0,0,750,1
combined,0.3,0.1,0.2,0.1,0,0,0,750,1
hdv_variation_20pct,0,0,0,0,0,0.2,0,750,1
hdv_variation_40pct,0,0,0,0,0,0.4,0,750,1
hdv_unfiltered,0,0,0,0,0,0.2,1,750,1
closure_650m,0,0,0,0,0,0,0,650,1
closure_850m,0,0,0,0,0,0,0,850,1
speed_80pct,0,0,0,0,0,0,0,750,0.8
speed_120pct,0,0,0,0,0,0,0,750,1.2
