condition_id,condition,mode,mode_id,runs,runs_with_overlap,negative_gap_samples,minimum_observed_gap,minimum_completion,completion_mean,completion_low,completion_high,completion_sd,completion_n,fuel_L100_mean,fuel_L100_low,fuel_L100_high,fuel_L100_sd,fuel_L100_n,speed_sd_mean,speed_sd_low,speed_sd_high,speed_sd_sd,speed_sd_n,acceleration_rms_mean,acceleration_rms_low,acceleration_rms_high,acceleration_rms_sd,acceleration_rms_n,stopped_vehicle_s_mean,stopped_vehicle_s_low,stopped_vehicle_s_high,stopped_vehicle_s_sd,stopped_vehicle_s_n,mean_speed_mean,mean_speed_low,mean_speed_high,mean_speed_sd,mean_speed_n,total_fuel_L_mean,total_fuel_L_low,total_fuel_L_high,total_fuel_L_sd,total_fuel_L_n,minimum_gap_mean,minimum_gap_low,minimum_gap_high,minimum_gap_sd,minimum_gap_n,jerk_rms_mean,jerk_rms_low,jerk_rms_high,jerk_rms_sd,jerk_rms_n,hdv_filter_count_mean,hdv_filter_count_low,hdv_filter_count_high,hdv_filter_count_sd,hdv_filter_count_n,cav_filter_count_mean,cav_filter_count_low,cav_filter_count_high,cav_filter_count_sd,cav_filter_count_n,filter_mean_delta_mean,filter_mean_delta_low,filter_mean_delta_high,filter_mean_delta_sd,filter_mean_delta_n,mean_information_age_mean,mean_information_age_low,mean_information_age_high,mean_information_age_sd,mean_information_age_n,maximum_information_age_mean,maximum_information_age_low,maximum_information_age_high,maximum_information_age_sd,maximum_information_age_n,hold_events_mean,hold_events_low,hold_events_high,hold_events_sd,hold_events_n,hold_vehicle_s_mean,hold_vehicle_s_low,hold_vehicle_s_high,hold_vehicle_s_sd,hold_vehicle_s_n
1,ideal,COOP,1,20,0,0,2.00000001047999,100.0,100.0,100.0,100.0,0.0,20,8.566351674949377,8.514357923413726,8.618345426485028,0.11109433988021247,20,6.72839418509885,6.678051048765637,6.778737321432063,0.10756749288619837,20,0.7519147834512443,0.7458005034846351,0.7580290634178535,0.01306429862572052,20,280.895,276.8391332394639,284.9508667605361,8.666115198379199,20,16.532592101847847,16.469813475574504,16.59537072812119,0.13413823466155145,20,4.836199749084137,4.8189944413194095,4.853405056848864,0.036762346476339344,20,2.000000033464999,2.0000000203505945,2.000000046579404,2.802136972169428e-08,20,0.5498813154142819,0.5332325864287192,0.5665300443998446,0.03557311218882623,20,1218.6,1091.9848001428193,1345.2151998571806,270.536970914474,20,18504.9,17796.232840874323,19213.56715912568,1514.1994549839476,20,0.20856021504770741,0.20507662460162315,0.21204380549379168,0.007443340201281459,20,0.0,0.0,0.0,0.0,20,0.0,0.0,0.0,0.0,20,0.0,0.0,0.0,0.0,20,0.0,0.0,0.0,0.0,20
1,ideal,ECO,2,20,0,0,2.10000001819549,100.0,100.0,100.0,100.0,0.0,20,8.410083313137811,8.384771891432584,8.435394734843038,0.054082569591923715,20,6.576992665987793,6.539907248351709,6.614078083623876,0.07923990613829268,20,0.7376587918123079,0.7333443079355092,0.7419732756891065,0.009218698863999324,20,262.515,260.82841962819714,264.20158037180283,3.6036932809491304,20,16.73235668263251,16.701243483589298,16.76346988167572,0.06647914811258447,20,4.806127794753024,4.787127975022117,4.8251276144839315,0.040596655723156086,20,2.100000069291792,2.1000000477217284,2.1000000908618555,4.608846060806551e-08,20,0.5772394543529598,0.5503291332476982,0.6041497754582213,0.0574989161361769,20,1052.25,962.4456628995754,1142.0543371004246,191.8837024428023,20,18850.15,18134.076362155953,19566.22363784405,1530.02477706116,20,0.22595957236775904,0.22285338782614897,0.22906575690936912,0.006636942151783015,20,0.0,0.0,0.0,0.0,20,0.0,0.0,0.0,0.0,20,0.0,0.0,0.0,0.0,20,0.0,0.0,0.0,0.0,20
1,ideal,PASSIVE,3,20,0,0,2.00000024707151,100.0,100.0,100.0,100.0,0.0,20,8.216910368205125,8.209682406842509,8.224138329567742,0.0154438864775688,20,6.349366719038542,6.325727913590049,6.373005524487036,0.05050871324521617,20,0.6879268686951382,0.6863316916654258,0.6895220457248505,0.003408393006349313,20,243.54000000000002,242.66503108992322,244.41496891007682,1.8695341384250896,20,16.993758155922436,16.935711836668816,17.051804475176056,0.12402677878581858,20,4.768992796663642,4.7494313209335335,4.78855427239375,0.04179673843748448,20,2.0000003225479763,2.0000003056973386,2.000000339398614,3.600452747250912e-08,20,0.4463254671794469,0.4450887486689468,0.44756218568994693,0.002642479576559061,20,948.45,881.7748720805487,1015.1251279194514,142.46383659315828,20,19867.7,19239.46602463325,20495.933975366752,1342.338968093811,20,0.2082962235135743,0.20419268208362296,0.21239976494352564,0.008767981014391038,20,0.0,0.0,0.0,0.0,20,0.0,0.0,0.0,0.0,20,0.0,0.0,0.0,0.0,20,0.0,0.0,0.0,0.0,20
2,delay_100ms,COOP,1,20,0,0,2.00000001864976,100.0,100.0,100.0,100.0,0.0,20,8.516339132684745,8.468708891676632,8.563969373692858,0.10177088644014355,20,6.674858143954916,6.624932151296532,6.7247841366133,0.1066761876846762,20,0.7481710134871179,0.7420823770148249,0.7542596499594109,0.01300950652110912,20,272.725,269.64197467042976,275.8080253295703,6.587458179234072,20,16.639696531955597,16.595255404807627,16.684137659103566,0.0949567503443396,20,4.839352653298192,4.8191289079560296,4.859576398640355,0.0432118008863547,20,2.000000052358655,2.000000034775499,2.0000000699418115,3.75696901552905e-08,20,0.5475239713887421,0.5298666462392153,0.5651812965382689,0.03772816585839022,20,1092.25,985.2767501599101,1199.22324984009,228.56828416540162,20,18830.85,18134.876801635666,19526.82319836433,1487.0764421296044,20,0.21051705316081834,0.206685972971134,0.21434813335050268,0.008185816797799485,20,0.0998888888888889,0.0998888888888889,0.0998888888888889,0.0,20,0.100000000000009,0.100000000000009,0.100000000000009,0.0,20,0.0,0.0,0.0,0.0,20,0.0,0.0,0.0,0.0,20
2,delay_100ms,ECO,2,20,0,0,2.10000001928779,100.0,100.0,100.0,100.0,0.0,20,8.418655246680846,8.394573109442476,8.442737383919216,0.05145597423503895,20,6.568355388138511,6.529082737831436,6.607628038445586,0.08391333635964754,20,0.7414095596624246,0.7367562087416984,0.7460629105831508,0.009942751455712575,20,260.58,258.9642636277699,262.19573637223004,3.452321873144139,20,16.759152490269262,16.724691993531685,16.79361298700684,0.07363127344985226,20,4.8187745007217515,4.7981907476422,4.839358253801303,0.04398102450949564,20,2.100000080043253,2.1000000544065465,2.1000001056799595,5.477760102203059e-08,20,0.5758954937863585,0.5505790257423265,0.6012119618303905,0.05409335203523005,20,1011.5,928.1344358093676,1094.8655641906323,178.12606417041306,20,18936.2,18226.02025882136,19646.37974117864,1517.4313684298004,20,0.22744773620842781,0.22457373543130496,0.23032173698555067,0.0061408382684361345,20,0.0998888888888889,0.0998888888888889,0.0998888888888889,0.0,20,0.100000000000009,0.100000000000009,0.100000000000009,0.0,20,0.0,0.0,0.0,0.0,20,0.0,0.0,0.0,0.0,20
2,delay_100ms,PASSIVE,3,20,0,0,2.0000002452789,100.0,100.0,100.0,100.0,0.0,20,8.219732449672218,8.212495813860379,8.226969085484058,0.01546242105493489,20,6.357297710427667,6.333640765719994,6.38095465513534,0.0505474711529444,20,0.6891672844665953,0.6875746124844637,0.6907599564487268,0.0034030405053439646,20,244.77999999999997,243.90001238296193,245.659987617038,1.8802575411503182,20,16.987746965835605,16.92970063457475,17.04579329709646,0.12402680444151203,20,4.768939098203336,4.749369164843185,4.788509031563486,0.04181480974026234,20,2.000000320331055,2.0000003035995655,2.0000003370625445,3.574994584277102e-08,20,0.44802891585216376,0.44681550422852984,0.4492423274757977,0.002592680069222506,20,948.45,881.7748720805487,1015.1251279194514,142.46383659315828,20,19838.15,19209.728142334425,20466.571857665578,1342.7404136396033,20,0.20852674170314062,0.20442132164966512,0.21263216175661612,0.008771995043656746,20,0.0998888888888889,0.0998888888888889,0.0998888888888889,0.0,20,0.100000000000009,0.100000000000009,0.100000000000009,0.0,20,0.0,0.0,0.0,0.0,20,0.0,0.0,0.0,0.0,20
3,delay_300ms,COOP,1,20,0,0,2.00000000014393,100.0,100.0,100.0,100.0,0.0,20,8.700889808520325,8.590929061202662,8.810850555837987,0.2349516292859631,20,6.793010110616947,6.688073374981775,6.89794684625212,0.224216892035198,20,0.7769823499456583,0.7667471023872504,0.7872175975040662,0.021869513882494612,20,268.9,258.8576967147705,278.94230328522946,21.45725248512787,20,16.45811306788452,16.227690180110464,16.688535955658573,0.49234144208653124,20,4.886870972376466,4.86203046754521,4.911711477207721,0.05307636792908384,20,2.0000000762956356,2.000000019196176,2.000000133395095,1.2200363641150964e-07,20,0.5611192760509031,0.542773748191375,0.5794648039104311,0.039198639203998555,20,1026.2,927.8745692612871,1124.525430738713,210.09060701967317,20,18212.1,17345.651014092145,19078.54898590785,1851.3297326374275,20,0.21942578133985777,0.21637115055883366,0.22248041212088188,0.006526787934564964,20,0.2993333333333389,0.29933333333333884,0.29933333333333895,1.1390647892519134e-16,20,0.30000000000001104,0.30000000000001104,0.30000000000001104,5.695323946259567e-17,20,0.0,0.0,0.0,0.0,20,0.0,0.0,0.0,0.0,20
3,delay_300ms,ECO,2,20,0,0,1.9718010768994,100.0,100.0,100.0,100.0,0.0,20,8.608806180200443,8.563765636316175,8.65384672408471,0.09623751591068717,20,6.647657755280184,6.548997829295521,6.746317681264847,0.2108053184502649,20,0.7661370320989895,0.759347424329484,0.7729266398684951,0.01450726233288983,20,250.73000000000002,240.07536924040772,261.3846307595923,22.76560424943966,20,16.623697177426788,16.584491316838168,16.662903038015408,0.08377062767902109,20,4.887472064713438,4.867106157909633,4.907837971517243,0.04351555534282501,20,2.0935902635357087,2.08017406894384,2.1070064581275774,0.028666200031097697,20,0.5460949771185498,0.5277932461124826,0.5643967081246171,0.039105059064455994,20,1022.6,919.7000655399455,1125.4999344600546,219.8648867396807,20,18551.4,17729.717015412112,19373.08298458789,1755.6788280800167,20,0.23046929803127264,0.22809136068572342,0.23284723537682187,0.005080906298887842,20,0.2993333333333389,0.29933333333333884,0.29933333333333895,1.1390647892519134e-16,20,0.30000000000001104,0.30000000000001104,0.30000000000001104,5.695323946259567e-17,20,0.0,0.0,0.0,0.0,20,0.0,0.0,0.0,0.0,20
3,delay_300ms,PASSIVE,3,20,0,0,2.00000024331882,100.0,100.0,100.0,100.0,0.0,20,8.22600059194123,8.218734908667791,8.233266275214667,0.015524486370017462,20,6.3752785318071705,6.351557522904698,6.398999540709643,0.0506843562443449,20,0.6908812333223147,0.6892910337648784,0.6924714328797509,0.0033977577092133638,20,247.26500000000001,246.38820487358493,248.1417951264151,1.8734361899714465,20,16.971310658075538,16.913264295761042,17.029357020390034,0.1240268707934031,20,4.767948602707967,4.74835985368531,4.787537351730624,0.04185501290975406,20,2.000000317916727,2.000000301306112,2.0000003345273423,3.5491674812530264e-08,20,0.45430540683445003,0.4531289359047088,0.45548187776419125,0.002513749392333135,20,948.45,881.7748720805487,1015.1251279194514,142.46383659315828,20,19269.7,18640.384012823346,19899.015987176655,1344.6508879729029,20,0.21315572774120825,0.2090589678515827,0.2172524876308338,0.008753490989655124,20,0.2993333333333389,0.29933333333333884,0.29933333333333895,1.1390647892519134e-16,20,0.30000000000001104,0.30000000000001104,0.30000000000001104,5.695323946259567e-17,20,0.0,0.0,0.0,0.0,20,0.0,0.0,0.0,0.0,20
4,delay_500ms,COOP,1,20,0,0,1.86103703860374,66.6666666666667,93.75,87.9686479635233,99.5313520364767,12.35293605746285,20,9.299431213442563,9.149992498349262,9.448869928535865,0.31930366468082455,20,7.344507013147611,7.158523748900724,7.530490277394498,0.3973879045082559,20,0.8181247848886739,0.8056623269547334,0.8305872428226144,0.026628363919974633,20,277.985,249.40256311878315,306.5674368812169,61.071703112428686,20,14.981781831912633,14.419794941698987,15.543768722126279,1.2007897246423886,20,4.74638184524999,4.628035357634699,4.8647283328652815,0.2528693262256248,20,1.9930518941344306,1.9785092484415026,2.0075945398273585,0.031073072737593858,20,0.5742260840855847,0.5509064956530735,0.597545672518096,0.049826646600250414,20,1567.9,1313.6074873736525,1822.1925126263477,543.3433440042164,20,16174.2,15367.881902667477,16980.518097332522,1722.8488830086667,20,0.22067786763985492,0.21698230059178675,0.2243734346879231,0.007896267716067653,20,0.49833333333333296,0.49833333333333296,0.49833333333333296,5.695323946259567e-17,20,0.500000000000014,0.500000000000014,0.500000000000014,0.0,20,0.0,0.0,0.0,0.0,20,0.0,0.0,0.0,0.0,20
4,delay_500ms,ECO,2,20,0,0,2.1000000053665,100.0,100.0,100.0,100.0,0.0,20,9.001072634432576,8.891404650024363,9.11074061884079,0.23432608676968017,20,7.016908788632351,6.923803528991283,7.1100140482734195,0.19893673862152522,20,0.7941579601111314,0.7852036264252082,0.8031122937970545,0.01913260267866403,20,255.33,243.35251602865864,267.30748397134136,25.592126667559718,20,15.81425210026084,15.547030571374371,16.081473629147307,0.5709685967373991,20,4.8570931321184405,4.822307053497482,4.891879210739399,0.07432693982019549,20,2.1000000831977053,2.100000043280238,2.1000001231151724,8.529110775184477e-08,20,0.5398476240659369,0.5215048385912792,0.5581904095405946,0.039192779587643424,20,1310.7,1119.9275151462843,1501.4724848537157,407.6209668694422,20,17518.5,16797.43696935987,18239.56303064013,1540.6855446094187,20,0.23016929690576302,0.22613733562882787,0.23420125818269816,0.008615036677562242,20,0.49833333333333296,0.49833333333333296,0.49833333333333296,5.695323946259567e-17,20,0.500000000000014,0.500000000000014,0.500000000000014,0.0,20,0.0,0.0,0.0,0.0,20,0.0,0.0,0.0,0.0,20
4,delay_500ms,PASSIVE,3,20,0,0,2.00000024246822,100.0,100.0,100.0,100.0,0.0,20,8.23312123267927,8.225823546016478,8.240418919342062,0.01559286757562615,20,6.394303436610281,6.370454254195026,6.418152619025536,0.05095822284123586,20,0.692107824701446,0.6905184471268022,0.6936972022760899,0.0033960013897901347,20,250.06499999999997,249.17800855470801,250.95199144529192,1.8952225254709896,20,16.94744853773234,16.889402129089866,17.00549494637481,0.12402696978176209,20,4.765353608456743,4.745749195024041,4.7849580218894445,0.04188848284108525,20,2.000000316957648,2.0000003003942393,2.000000333521057,3.5390809508811465e-08,20,0.467873136617182,0.4667466035415623,0.4689996696928017,0.002407047860421969,20,948.45,881.7748720805487,1015.1251279194514,142.46383659315828,20,18952.45,18322.82716825158,19582.07283174842,1345.306518585028,20,0.21621939016332078,0.21213624846174783,0.22030253186489374,0.008724393192950977,20,0.49833333333333296,0.49833333333333296,0.49833333333333296,5.695323946259567e-17,20,0.500000000000014,0.500000000000014,0.500000000000014,0.0,20,0.0,0.0,0.0,0.0,20,0.0,0.0,0.0,0.0,20
5,loss_5pct,COOP,1,20,0,0,2.00000001049989,100.0,100.0,100.0,100.0,0.0,20,8.560124246937615,8.508233788255367,8.612014705619863,0.11087363544892624,20,6.7236390867812785,6.672995108437388,6.774283065125169,0.10821029790790486,20,0.7514614203245008,0.7453041155035648,0.7576187251454368,0.013156229245241291,20,280.17,276.0458200631533,284.2941799368467,8.81207903063206,20,16.542938743797666,16.479599391621843,16.60627809597349,0.13533633005089998,20,4.835711356891444,4.818588604883675,4.852834108899214,0.036585950716239365,20,2.0000000350502884,2.0000000214733147,2.000000048627262,2.900973442373717e-08,20,0.5506389567309509,0.5340348050408843,0.5672431084210174,0.035477864489429134,20,1209.65,1083.6722167470798,1335.6277832529204,269.17501154844456,20,18544.5,17842.064976210688,19246.935023789312,1500.8833363968313,20,0.2085641328400627,0.20500414760754412,0.21212411807258127,0.0076065718996787225,20,0.005307118055555505,0.005226607095826403,0.0053876290152846075,0.00017202666974500057,20,0.31500000000000233,0.283604639183878,0.34639536081612665,0.06708203932499299,20,0.0,0.0,0.0,0.0,20,0.0,0.0,0.0,0.0,20
5,loss_5pct,ECO,2,20,0,0,2.10000001815558,100.0,100.0,100.0,100.0,0.0,20,8.409440560606935,8.384072339554367,8.434808781659504,0.05420393198282679,20,6.575779968435128,6.538072053707975,6.613487883162282,0.08056998718394337,20,0.7376847791904506,0.733360221213131,0.7420093371677702,0.009240224057204318,20,262.3,260.51043061300555,264.08956938699447,3.8237485052731874,20,16.734195672185223,16.7032521507379,16.765139193632546,0.06611660030729473,20,4.806289070943063,4.787320132712685,4.8252580091734405,0.04053067164210011,20,2.1000000711321194,2.1000000480581975,2.1000000942060413,4.9301734162020126e-08,20,0.5777326121761389,0.5509095157100231,0.6045557086422547,0.057312544439174995,20,1049.4,958.8609799032658,1139.9390200967343,193.45348958232555,20,18844.75,18130.90319353951,19558.59680646049,1525.2667368106645,20,0.2261586943533887,0.2229890096839769,0.2293283790228005,0.006772622008921353,20,0.005307118055555505,0.005226607095826403,0.0053876290152846075,0.00017202666974500057,20,0.31500000000000233,0.283604639183878,0.34639536081612665,0.06708203932499299,20,0.0,0.0,0.0,0.0,20,0.0,0.0,0.0,0.0,20
5,loss_5pct,PASSIVE,3,20,0,0,2.00000024697374,100.0,100.0,100.0,100.0,0.0,20,8.217074366552676,8.209854389712648,8.224294343392705,0.015426826057037308,20,6.349818109821134,6.326198416402322,6.373437803239947,0.050467876832021884,20,0.6880017009023991,0.6864103036138998,0.6895930981908984,0.003400316884842756,20,243.59500000000008,242.720152973223,244.46984702677716,1.8692737120406713,20,16.99343353019148,16.935377711691277,17.051489348691685,0.12404707569645536,20,4.76899660883042,4.74943503820169,4.788558179459151,0.041796941206076625,20,2.0000003224317147,2.0000003055853983,2.000000339278031,3.599529473994775e-08,20,0.4476884335074547,0.44645943687963374,0.44891743013527563,0.0026259803351400533,20,948.45,881.7748720805487,1015.1251279194514,142.46383659315828,20,19866.75,19238.48452206837,20495.01547793163,1342.406279194586,20,0.20830828758023606,0.20420609823450137,0.21241047692597076,0.008765092034483335,20,0.005307118055555505,0.005226607095826403,0.0053876290152846075,0.00017202666974500057,20,0.31500000000000233,0.283604639183878,0.34639536081612665,0.06708203932499299,20,0.0,0.0,0.0,0.0,20,0.0,0.0,0.0,0.0,20
6,loss_10pct,COOP,1,20,0,0,2.0000000112758,100.0,100.0,100.0,100.0,0.0,20,8.556836716420689,8.505212596887366,8.608460835954011,0.11030455222142045,20,6.720138329334475,6.669595255603409,6.770681403065541,0.10799469639769405,20,0.7512512485733396,0.7450491991911294,0.7574532979555497,0.013251834339145277,20,279.5,275.474675133226,283.525324866774,8.600856750469994,20,16.551919686779385,16.49139828306052,16.61244109049825,0.12931525801059424,20,4.836504890258731,4.819074377511211,4.853935403006251,0.03724353889200682,20,2.00000003618194,2.0000000225912733,2.000000049772607,2.903899198549098e-08,20,0.5516846017818249,0.5350589263490887,0.5683102772145611,0.03552385397687742,20,1201.0,1073.8864093069224,1328.1135906930776,271.60187581710187,20,18552.5,17847.522549929614,19257.477450070386,1506.3157039611583,20,0.20863084971645826,0.20505391370495138,0.21220778572796514,0.007642790397989423,20,0.011164409722222232,0.011059835744672673,0.01126898369977179,0.00022344179178051025,20,0.4250000000000026,0.40420791436865877,0.4457920856313464,0.04442616583193035,20,0.0,0.0,0.0,0.0,20,0.0,0.0,0.0,0.0,20
6,loss_10pct,ECO,2,20,0,0,2.10000001814171,100.0,100.0,100.0,100.0,0.0,20,8.409168899937425,8.384186599622048,8.434151200252803,0.053379340406378914,20,6.5759647264887136,6.538784679511502,6.613144773465925,0.07944209936104431,20,0.7377541771728343,0.7334442766341486,0.74206407771152,0.009208905707955422,20,262.45,260.76060412438227,264.1393958756177,3.6097091295560086,20,16.735317894042517,16.70386642979059,16.766769358294443,0.06720191477119943,20,4.80646109559705,4.787339546411335,4.825582644782765,0.04085675338925081,20,2.1000000706100193,2.100000048636168,2.1000000925838704,4.6951227713604834e-08,20,0.5783496019681172,0.5515300374818571,0.6051691664543773,0.05730499770598206,20,1046.0,956.8681338294563,1135.1318661705436,190.44684297724655,20,18830.75,18124.649271943177,19536.850728056823,1508.7157967169157,20,0.2265168499424144,0.2232519954412174,0.22978170444361137,0.006975970090689113,20,0.011164409722222232,0.011059835744672673,0.01126898369977179,0.00022344179178051025,20,0.4250000000000026,0.40420791436865877,0.4457920856313464,0.04442616583193035,20,0.0,0.0,0.0,0.0,20,0.0,0.0,0.0,0.0,20
6,loss_10pct,PASSIVE,3,20,0,0,2.00000024695078,100.0,100.0,100.0,100.0,0.0,20,8.217246553151472,8.210036690660061,8.224456415642884,0.015405214866275002,20,6.350286096272781,6.326656861624784,6.373915330920779,0.050488263446311514,20,0.6880813587118665,0.686489729801488,0.6896729876222449,0.0034008117881534025,20,243.68999999999997,242.81102170124282,244.56897829875712,1.8781009445433812,20,16.993062137885907,16.935022629936924,17.05110164583489,0.12401222516408957,20,4.768992075704309,4.749434804265786,4.788549347142832,0.04178775518498784,20,2.000000322336053,2.0000003054931743,2.0000003391789316,3.598794953392568e-08,20,0.4491869037437607,0.4479804569266132,0.4503933505609082,0.0025777984621802486,20,948.45,881.7748720805487,1015.1251279194514,142.46383659315828,20,19865.65,19237.091836726326,20494.208163273677,1343.0316559736664,20,0.20832011534222192,0.20422168518557698,0.21241854549886685,0.008757059826418431,20,0.011164409722222232,0.011059835744672673,0.01126898369977179,0.00022344179178051025,20,0.4250000000000026,0.40420791436865877,0.4457920856313464,0.04442616583193035,20,0.0,0.0,0.0,0.0,20,0.0,0.0,0.0,0.0,20
7,loss_20pct,COOP,1,20,0,0,2.00000001139676,100.0,100.0,100.0,100.0,0.0,20,8.547870924396245,8.495574396952033,8.600167451840456,0.11174127703515208,20,6.711408799139839,6.659540715408802,6.763276882870876,0.11082582719579549,20,0.750554053893816,0.7442091396858694,0.7568989681017626,0.013557091664083823,20,278.345,274.3344378911964,282.35556210880367,8.569313366830944,20,16.568010071035303,16.50884759418064,16.627172547889966,0.126411657511202,20,4.836148174772932,4.818191445081188,4.854104904464676,0.03836789946084005,20,2.0000000388106165,2.000000024805905,2.000000052815328,2.9923675919139535e-08,20,0.5537582160432242,0.5371309009387015,0.5703855311477468,0.035527357441223664,20,1176.6,1048.7986057371797,1304.40139426282,273.07149632516234,20,18590.1,17879.58950412856,19300.61049587144,1518.138087471485,20,0.2092692914229075,0.2056167471069198,0.21292183573889523,0.007804341631121748,20,0.025146874999999996,0.024949430911934332,0.02534431908806566,0.0004218760904734011,20,0.5750000000000025,0.5492536099970949,0.6007463900029101,0.05501196042201951,20,0.0,0.0,0.0,0.0,20,0.0,0.0,0.0,0.0,20
7,loss_20pct,ECO,2,20,0,0,2.1000000180544,100.0,100.0,100.0,100.0,0.0,20,8.408924939997448,8.383847813019791,8.434002066975104,0.05358195524254259,20,6.574676787249544,6.537203596109199,6.612149978389889,0.08006845649687655,20,0.738009123992961,0.7336601631819587,0.7423580848039634,0.009292365259159007,20,262.18999999999994,260.5124922634119,263.867507736588,3.5843079050068707,20,16.738566247748764,16.707387447074737,16.76974504842279,0.06661931822255485,20,4.8072595552828234,4.787968295402309,4.826550815163338,0.04121937191652469,20,2.1000000717970573,2.1000000496736666,2.100000093920448,4.727074715938942e-08,20,0.5796305629152811,0.5529143645967493,0.606346761233813,0.05708413662497641,20,1039.85,951.9211868062093,1127.7788131937905,187.87629608755583,20,18828.4,18110.273020255812,19546.52697974419,1534.412124698268,20,0.22687628208269378,0.22389062389700445,0.2298619402683831,0.006379415130675439,20,0.025146874999999996,0.024949430911934332,0.02534431908806566,0.0004218760904734011,20,0.5750000000000025,0.5492536099970949,0.6007463900029101,0.05501196042201951,20,0.0,0.0,0.0,0.0,20,0.0,0.0,0.0,0.0,20
7,loss_20pct,PASSIVE,3,20,0,0,2.00000024676706,100.0,100.0,100.0,100.0,0.0,20,8.217700939351893,8.210493713067294,8.224908165636492,0.015399582119128155,20,6.351504179125726,6.3278577515363486,6.375150606715104,0.05052499936970142,20,0.6882623138924895,0.6866703613457478,0.6898542664392312,0.003401503297557333,20,243.78999999999996,242.88351593538835,244.69648406461158,1.936872139355237,20,16.992025219068545,16.933972090256212,17.050078347880877,0.12404132867706268,20,4.76896403601244,4.749406501214511,4.788521570810368,0.041788317901439,20,2.0000003220204245,2.000000305200032,2.000000338840817,3.593990343534238e-08,20,0.452263603028668,0.45121351428729267,0.4533136917700434,0.002243710293894614,20,948.45,881.7748720805487,1015.1251279194514,142.46383659315828,20,19859.7,19230.478984442463,20488.92101555754,1344.4479634094396,20,0.20836899298513364,0.20427055966812768,0.2124674263021396,0.008757066579118693,20,0.025146874999999996,0.024949430911934332,0.02534431908806566,0.0004218760904734011,20,0.5750000000000025,0.5492536099970949,0.6007463900029101,0.05501196042201951,20,0.0,0.0,0.0,0.0,20,0.0,0.0,0.0,0.0,20
8,measurement_nominal,COOP,1,20,0,0,2.00810882715314,100.0,100.0,100.0,100.0,0.0,20,8.565325813348863,8.513497462688624,8.617154164009103,0.11074093008525263,20,6.726779615781714,6.676082389771038,6.7774768417923905,0.10832407147139965,20,0.7523281175089073,0.746139839214177,0.7585163958036375,0.013222409844319693,20,280.67,276.5683557845943,284.77164421540573,8.763927261943218,20,16.536092192504306,16.473423816342944,16.598760568665668,0.13390266475074086,20,4.8366570602216274,4.819471650623067,4.853842469820188,0.0367198303360385,20,2.014132546742053,2.012127453353132,2.016137640130974,0.004284255701142088,20,0.6672856563475575,0.6533863321037494,0.6811849805913657,0.029698496570075873,20,1215.75,1089.5194803662723,1341.9805196337277,269.71502992681195,20,17758.0,17044.55424850197,18471.44575149803,1524.4098081414638,20,0.2198283118148639,0.216597859428624,0.2230587642011038,0.006902463560793521,20,0.0,0.0,0.0,0.0,20,0.0,0.0,0.0,0.0,20,0.0,0.0,0.0,0.0,20,0.0,0.0,0.0,0.0,20
8,measurement_nominal,ECO,2,20,0,0,2.1011870196271,100.0,100.0,100.0,100.0,0.0,20,8.41133191247007,8.38614010901466,8.43652371592548,0.053826982908742264,20,6.577353964103915,6.540436421459933,6.614271506747897,0.07888120993193981,20,0.7382509761947342,0.7339387882098102,0.7425631641796583,0.009213793263139416,20,262.96500000000003,261.2566866803773,264.67331331962276,3.6501297741890015,20,16.73240439524593,16.70141328723187,16.76339550325999,0.06621827787551876,20,4.80685746786431,4.78784894375287,4.82586599197575,0.0406152542543411,20,2.1033962039232783,2.1026075390284036,2.104184868818153,0.0016851295260498726,20,0.6555538419058797,0.6321434972607963,0.6789641865509631,0.05002056416203307,20,1052.35,962.4897874706755,1142.2102125293243,192.00309070977283,20,18236.4,17516.673183284136,18956.126816715867,1537.8304745390672,20,0.22859966122721379,0.2254524878881165,0.23174683456631107,0.006724522356419768,20,0.0,0.0,0.0,0.0,20,0.0,0.0,0.0,0.0,20,0.0,0.0,0.0,0.0,20,0.0,0.0,0.0,0.0,20
8,measurement_nominal,PASSIVE,3,20,0,0,2.01458383648765,100.0,100.0,100.0,100.0,0.0,20,8.217619057113703,8.210416815574138,8.224821298653268,0.015388931282391105,20,6.348145439403181,6.3243089823968575,6.371981896409505,0.05093103263350638,20,0.6882489130961841,0.6866148796415953,0.6898829465507729,0.003491416999507174,20,243.09999999999997,242.1992442305627,244.00075576943723,1.9246325691715274,20,16.994391142810525,16.936484255114138,17.05229803050691,0.1237288572788725,20,4.769583139127467,4.750032983652042,4.789133294602892,0.041772550603675365,20,2.022560843409786,2.0200646082573104,2.0250570785622615,0.0053336716097487314,20,0.5720378052142394,0.5707161130496573,0.5733594973788215,0.0028240416244712818,20,948.45,881.7748720805487,1015.1251279194514,142.46383659315828,20,19302.4,18667.591628268437,19937.208371731565,1356.3863911530752,20,0.21594595053952728,0.2118818487124649,0.22001005236658966,0.008683710952726352,20,0.0,0.0,0.0,0.0,20,0.0,0.0,0.0,0.0,20,0.0,0.0,0.0,0.0,20,0.0,0.0,0.0,0.0,20
9,measurement_all_layers,COOP,1,20,0,0,1.93143451928631,100.0,100.0,100.0,100.0,0.0,20,8.723844541634474,8.676549634568358,8.77113944870059,0.1010543829791427,20,6.7503275240215315,6.699958301320735,6.800696746722328,0.1076232312720793,20,0.7769099001726375,0.7710221747910069,0.7827976255542681,0.012580222533465989,20,284.445,279.9951575164865,288.8948424835135,9.507917753115033,20,16.479420805942038,16.41489519758615,16.543946414297924,0.13787098745416138,20,4.909288931811663,4.89622267467112,4.9223551889522055,0.027918493450859835,20,1.9774741264784779,1.9673340752479638,1.987614177708992,0.021666109186852626,20,1.9306110583778597,1.8874773201590274,1.973744796596692,0.0921632702479914,20,653.55,589.2146637725532,717.8853362274467,137.46443559201623,20,9596.6,9080.605447641003,10112.594552358998,1102.5185235345673,20,0.4061848753141721,0.4030030535346151,0.4093666970937291,0.00679855520665785,20,0.0,0.0,0.0,0.0,20,0.0,0.0,0.0,0.0,20,0.0,0.0,0.0,0.0,20,0.0,0.0,0.0,0.0,20
9,measurement_all_layers,ECO,2,20,0,0,2.00448344778533,100.0,100.0,100.0,100.0,0.0,20,8.57099513882724,8.548515486954862,8.593474790699617,0.04803196560621842,20,6.604127770617154,6.568121253468752,6.640134287765556,0.07693463417896414,20,0.7636229552252288,0.7597808205705152,0.7674650898799424,0.00820943672248053,20,266.66999999999996,264.74056017664026,268.59943982335966,4.122607759275928,20,16.683553726598753,16.6529303296558,16.714177123541706,0.06543259464427419,20,4.883728830519271,4.8678362241947415,4.8996214368438,0.03395751521005438,20,2.046819244127044,2.035407366403273,2.0582311218508154,0.02438360351140975,20,1.9757847021126493,1.934337750866411,2.0172316533588877,0.08855913552594898,20,579.5,532.9954586249232,626.0045413750768,99.36561938512472,20,10125.0,9609.363162369682,10640.636837630318,1101.754199351867,20,0.40993586410623617,0.40671501578682506,0.4131567124256473,0.006881942682168709,20,0.0,0.0,0.0,0.0,20,0.0,0.0,0.0,0.0,20,0.0,0.0,0.0,0.0,20,0.0,0.0,0.0,0.0,20
9,measurement_all_layers,PASSIVE,3,20,0,0,1.94308201022397,100.0,100.0,100.0,100.0,0.0,20,8.374022138514054,8.365125195739564,8.382919081288543,0.0190099763008287,20,6.379646477589048,6.356733248126153,6.402559707051942,0.04895838493128835,20,0.7159731447493186,0.7146746323831247,0.7172716571155126,0.0027745136653526178,20,247.82500000000005,246.84060215137544,248.80939784862466,2.1033494591646957,20,16.943363709906993,16.888739764548404,16.997987655265582,0.11671423915437557,20,4.8456983798267315,4.829372803424265,4.862023956229198,0.03488263647127705,20,1.9937439674848796,1.9828301791633622,2.004657755806397,0.023319342677937126,20,1.9767580543300511,1.9315811135339258,2.0219349951261765,0.09652895333224217,20,520.25,483.7657644970939,556.7342355029061,77.95536847250618,20,10489.2,9985.802589634313,10992.597410365688,1075.6023820215937,20,0.39809118052223635,0.39616250250448,0.4000198585399927,0.00412098001963192,20,0.0,0.0,0.0,0.0,20,0.0,0.0,0.0,0.0,20,0.0,0.0,0.0,0.0,20,0.0,0.0,0.0,0.0,20
10,combined,COOP,1,20,0,0,2.00248986771487,100.0,100.0,100.0,100.0,0.0,20,8.736251629868711,8.62704913099689,8.845454128740533,0.23333149017178306,20,6.834414973593144,6.720520723435492,6.948309223750796,0.24335629116395538,20,0.7794245933935101,0.770230991022889,0.7886181957641312,0.01964384481440992,20,276.32000000000005,264.50744442396416,288.13255557603594,25.23972641439848,20,16.40026956124472,16.166061491623648,16.634477630865792,0.5004291885214597,20,4.88937400299549,4.865020111460349,4.9137278945306315,0.05203662793510274,20,2.013946133492601,2.0115410549943893,2.016351211990813,0.005138898429665058,20,0.6689024174475615,0.6536970020950659,0.6841078328000572,0.03248920363116518,20,1058.0,957.3367541912374,1158.6632458087624,215.08578459963854,20,17265.55,16454.934719994915,18076.165280005083,1732.0306146255036,20,0.2315159676886745,0.22782865383113202,0.23520328154621697,0.007878633236418109,20,0.3104618055555562,0.31035814905697373,0.31056546205413865,0.00022148142698300387,20,0.7250000000000018,0.7042079143686576,0.7457920856313459,0.04442616583193114,20,0.0,0.0,0.0,0.0,20,0.0,0.0,0.0,0.0,20
10,combined,ECO,2,20,0,0,2.10102327840127,100.0,100.0,100.0,100.0,0.0,20,8.628241460492045,8.586165843046462,8.670317077937629,0.08990239802112189,20,6.677746944255825,6.607467468977959,6.74802641953369,0.15016519644228266,20,0.7691038477814198,0.7631191842923345,0.7750885112705052,0.0127873488657435,20,253.42000000000002,247.50430803641734,259.3356919635827,12.639978347749608,20,16.60674525131205,16.569736228997296,16.6437542736268,0.0790766732969858,20,4.8935527141928725,4.87311945785522,4.913985970530525,0.04365946017336592,20,2.1035128201671456,2.102757406843351,2.10426823349094,0.001614081347565808,20,0.6194307066453711,0.6036145325253598,0.6352468807653825,0.033794203560948755,20,1012.8,912.0484267526224,1113.5515732473775,215.2745126332276,20,18004.5,17200.27535139675,18808.72464860325,1718.375839656677,20,0.23225830336071338,0.22938708352220422,0.23512952319922253,0.0061348962748232,20,0.3104618055555562,0.31035814905697373,0.31056546205413865,0.00022148142698300387,20,0.7250000000000018,0.7042079143686576,0.7457920856313459,0.04442616583193114,20,0.0,0.0,0.0,0.0,20,0.0,0.0,0.0,0.0,20
10,combined,PASSIVE,3,20,0,0,2.01455369520045,100.0,100.0,100.0,100.0,0.0,20,8.22710442616551,8.219840331010808,8.234368521320214,0.015521093058371464,20,6.375340139654955,6.351462008488257,6.3992182708216525,0.051020077243676326,20,0.6913399360902585,0.6897167372379924,0.6929631349425245,0.0034682668524730464,20,246.72499999999997,245.77699337369074,247.6730066263092,2.0255928307015396,20,16.970226952710746,16.912456440646885,17.027997464774607,0.12343746532457824,20,4.768284374530365,4.748732100912021,4.787836648148709,0.041777076410765196,20,2.0225261664258944,2.020028591524533,2.025023741327256,0.005336534232924026,20,0.581089488965401,0.5796697761927546,0.5825092017380474,0.003033480921039499,20,948.45,881.7748720805487,1015.1251279194514,142.46383659315828,20,18533.5,17901.043724937652,19165.956275062348,1351.3606982749295,20,0.22324671280542802,0.21925046530496062,0.22724296030589541,0.008538727538403663,20,0.3104618055555562,0.31035814905697373,0.31056546205413865,0.00022148142698300387,20,0.7250000000000018,0.7042079143686576,0.7457920856313459,0.04442616583193114,20,0.0,0.0,0.0,0.0,20,0.0,0.0,0.0,0.0,20
11,hdv_variation_20pct,COOP,1,20,0,0,2.00000000975149,100.0,100.0,100.0,100.0,0.0,20,8.507131848514838,8.444469032113233,8.569794664916444,0.13389078528788428,20,6.649794595555522,6.5627312832788105,6.736857907832234,0.18602699208065637,20,0.75150575348432,0.7449735516006787,0.7580379553679614,0.013957266686744805,20,282.6049999999999,278.81019354636754,286.39980645363227,8.108311200633318,20,16.35649665772676,16.263923501460162,16.449069813993354,0.1977998005974535,20,4.752226165456594,4.703158935154444,4.801293395758743,0.10484128186884181,20,2.0000000303171874,2.0000000181724364,2.0000000424619384,2.5949523671367308e-08,20,0.5450339988534991,0.5292967040702262,0.560771293636772,0.03362566315779776,20,1225.8,1085.2225701934185,1366.3774298065814,300.3698772478604,20,18683.9,17986.43960014528,19381.360399854722,1490.2541252735177,20,0.2040262964020522,0.19975849037285295,0.20829410243125143,0.009118962943568022,20,0.0,0.0,0.0,0.0,20,0.0,0.0,0.0,0.0,20,0.0,0.0,0.0,0.0,20,0.0,0.0,0.0,0.0,20
11,hdv_variation_20pct,ECO,2,20,0,0,2.10000002158722,100.0,100.0,100.0,100.0,0.0,20,8.354782002495366,8.315333027063856,8.394230977926876,0.08429008784852557,20,6.4958045647936276,6.420080026262558,6.571529103324697,0.1617995888424145,20,0.7371774828873991,0.7326868943860144,0.7416680713887839,0.009594979213856865,20,264.38,262.8288416639017,265.9311583360983,3.3143388639762175,20,16.542531216993016,16.429733249859293,16.65532918412674,0.24101387817646758,20,4.720845250847347,4.6688035396343786,4.772886962060316,0.11119681466872323,20,2.100000060903426,2.1000000448900824,2.1000000769167695,3.4215493015410964e-08,20,0.5773891425719376,0.550448109017579,0.6043301761262962,0.057564539007344456,20,1124.95,1004.3627410213594,1245.5372589786407,257.6571518408461,20,18816.3,18081.899406403296,19550.700593596703,1569.183733497669,20,0.22191857933183043,0.21790242024254222,0.22593473842111864,0.008581272358707601,20,0.0,0.0,0.0,0.0,20,0.0,0.0,0.0,0.0,20,0.0,0.0,0.0,0.0,20,0.0,0.0,0.0,0.0,20
11,hdv_variation_20pct,PASSIVE,3,20,0,0,2.00000019357708,100.0,100.0,100.0,100.0,0.0,20,8.14158450989565,8.106405970607346,8.176763049183952,0.07516550517622038,20,6.271454572285242,6.205838984938405,6.337070159632079,0.14019993070034728,20,0.6878273291179634,0.6861692063659063,0.6894854518700205,0.0035428882729079776,20,245.88000000000002,244.2318392934902,247.52816070650985,3.521602506037036,20,16.79352066895435,16.651127200981318,16.935914136927384,0.3042501812332535,20,4.6702338118263444,4.6115985793295255,4.728869044323163,0.12528510168169796,20,2.000000284741458,2.0000002577718505,2.0000003117110654,5.7625592403579434e-08,20,0.4469371953224012,0.44561573859948916,0.4482586520453133,0.002823538559465573,20,1053.95,944.7475619253252,1163.152438074675,233.3313602673471,20,20008.3,19382.842635402016,20633.757364597983,1336.4062217281407,20,0.2042224763225357,0.19946999355207354,0.20897495909299788,0.010154565127206949,20,0.0,0.0,0.0,0.0,20,0.0,0.0,0.0,0.0,20,0.0,0.0,0.0,0.0,20,0.0,0.0,0.0,0.0,20
12,hdv_variation_40pct,COOP,1,20,0,0,2.00000000629188,100.0,100.0,100.0,100.0,0.0,20,8.402503665360278,8.31604390881568,8.488963421904877,0.18473738277839136,20,6.48453431980312,6.344108571775033,6.624960067831207,0.300045780860198,20,0.7519270470977586,0.7449086539379378,0.7589454402575794,0.014996104956486317,20,287.2,283.44328188673853,290.95671811326145,8.026928363164101,20,15.918902573001393,15.711973961393435,16.12583118460935,0.442141542588101,20,4.5697618090537,4.472715092089426,4.666808526017975,0.20735839673533663,20,2.0000000231988735,2.000000013496251,2.000000032901496,2.073146195559706e-08,20,0.5421578459718024,0.5289031345803312,0.5554125573632736,0.028321161078914716,20,1636.45,1358.5945593298875,1914.3054406701126,593.68993103347,20,18826.2,18058.088618835907,19594.311381164094,1641.21311358718,20,0.20429014145700836,0.19837279644220482,0.2102074864718119,0.012643510399750965,20,0.0,0.0,0.0,0.0,20,0.0,0.0,0.0,0.0,20,0.0,0.0,0.0,0.0,20,0.0,0.0,0.0,0.0,20
12,hdv_variation_40pct,ECO,2,20,0,0,2.10000001914716,100.0,100.0,100.0,100.0,0.0,20,8.238105901084605,8.172534872995138,8.303676929174072,0.14010472154277012,20,6.330531506842629,6.19650607403015,6.4645569396551075,0.28637031461853324,20,0.7382110371786871,0.7333738752638653,0.7430481990935088,0.010335497900211392,20,269.61499999999995,267.2241801634193,272.0058198365806,5.1084321417993195,20,16.08017166788154,15.840424371960058,16.319918963803023,0.5122647778204772,20,4.526451009145015,4.424669375333405,4.628232642956625,0.2174754289941414,20,2.1000000455238417,2.100000034305223,2.10000005674246,2.3970668804934143e-08,20,0.5790445872972294,0.5526138940606881,0.6054752805337708,0.05647410180964976,20,1610.15,1338.2688307408025,1882.0311692591977,580.9247867794392,20,18987.3,18199.299052068945,19775.300947931053,1683.7108796690093,20,0.21990652948032285,0.2141447457291598,0.2256683132314859,0.012311124769081054,20,0.0,0.0,0.0,0.0,20,0.0,0.0,0.0,0.0,20,0.0,0.0,0.0,0.0,20,0.0,0.0,0.0,0.0,20
12,hdv_variation_40pct,PASSIVE,3,20,0,0,2.00000009259691,100.0,100.0,100.0,100.0,0.0,20,7.986957896471473,7.919572692800157,8.05434310014279,0.14398104576903953,20,6.1019094511401,5.972890176186694,6.230928726093507,0.2756737253887984,20,0.6893779318588404,0.6872118573725285,0.6915440063451523,0.00462822181667713,20,252.54000000000002,249.26705361288535,255.8129463871147,6.993259912982378,20,16.274550783478094,15.99148025342133,16.55762131353486,0.6048329414090386,20,4.441947624290132,4.328621366067825,4.55527388251244,0.24214267054127236,20,2.0000002035227284,2.000000165796225,2.0000002412492317,8.060970486978535e-08,20,0.44862829278909533,0.44710384496082334,0.4501527406173673,0.003257266886148417,20,1576.7,1276.8031331095397,1876.5968668904604,640.7855458649748,20,20188.2,19517.81601153877,20858.583988461232,1432.400326283418,20,0.20559745077703434,0.1983682060933573,0.21282669546071137,0.015446628532179573,20,0.0,0.0,0.0,0.0,20,0.0,0.0,0.0,0.0,20,0.0,0.0,0.0,0.0,20,0.0,0.0,0.0,0.0,20
13,hdv_unfiltered,COOP,1,20,4,74,-1.23232830632423,100.0,100.0,100.0,100.0,0.0,20,8.461496684769386,8.3901568561623,8.532836513376473,0.1524308389410512,20,6.570309094660763,6.4754131687139,6.665205020607625,0.2027628308982402,20,0.7199200408828256,0.7114710284155543,0.7283690533500968,0.018052889721711835,20,273.535,266.53775789621034,280.5322421037897,14.950911783496512,20,16.49701016056609,16.397664438447904,16.59635588268428,0.21227064969673487,20,4.767464460095387,4.712353276005643,4.8225756441851315,0.11775531550688438,20,1.4114197222909048,0.858463075188469,1.9643763693933407,1.1814949273298714,20,0.5825286677686256,0.565197956955247,0.5998593785820041,0.03703029346030171,20,0.0,0.0,0.0,0.0,20,18578.75,17853.937014140865,19303.562985859135,1548.69802278865,20,0.1939974970202804,0.19000720288626607,0.19798779115429474,0.008526007061487949,20,0.0,0.0,0.0,0.0,20,0.0,0.0,0.0,0.0,20,0.0,0.0,0.0,0.0,20,0.0,0.0,0.0,0.0,20
13,hdv_unfiltered,ECO,2,20,2,48,-2.81331846763646,100.0,100.0,100.0,100.0,0.0,20,8.31430209527438,8.251721024129733,8.376883166419027,0.13371612131207927,20,6.4033129911661195,6.316258329869383,6.490367652462856,0.18600850764971527,20,0.7069382158329002,0.6997850346986566,0.7140913969671437,0.015284104583365012,20,257.10999999999996,253.02952401540176,261.19047598459815,8.718697391842793,20,16.672721314834554,16.56356141990732,16.78188120976179,0.23324045890436484,20,4.735109094241595,4.673928117844057,4.796290070639134,0.1307245579586805,20,1.3613125544959626,0.7430193303787365,1.9796057786131886,1.3210987004585297,20,0.6063754460540424,0.5832880579334154,0.6294628341746693,0.049330507360305684,20,0.0,0.0,0.0,0.0,20,18818.25,18085.99792091752,19550.50207908248,1564.593031833888,20,0.21177141930777466,0.20750718904120918,0.21603564957434013,0.009111322660310268,20,0.0,0.0,0.0,0.0,20,0.0,0.0,0.0,0.0,20,0.0,0.0,0.0,0.0,20,0.0,0.0,0.0,0.0,20
13,hdv_unfiltered,PASSIVE,3,20,0,0,2.00000032819639,100.0,100.0,100.0,100.0,0.0,20,8.06571596679164,8.019180350261744,8.112251583321536,0.09943201724466413,20,6.154344631296457,6.078591106295924,6.2300981562969895,0.161861523836434,20,0.6484773701547166,0.6443583249527625,0.6525964153566708,0.008801107712608327,20,235.14000000000001,232.710857868278,237.56914213172203,5.190314867236148,20,16.885151380817124,16.748082779354135,17.022219982280113,0.2928726115751374,20,4.652174874289399,4.589278033599735,4.715071714979063,0.13439082179284556,20,2.000000550844976,2.00000047132397,2.0000006303659816,1.6991144844398336e-07,20,0.47868178526891214,0.47413186582206157,0.4832317047157627,0.009721750835952317,20,0.0,0.0,0.0,0.0,20,19922.2,19274.686397061658,20569.713602938344,1383.533485414487,20,0.19505878971009016,0.1899298645548944,0.20018771486528592,0.010958904437214912,20,0.0,0.0,0.0,0.0,20,0.0,0.0,0.0,0.0,20,0.0,0.0,0.0,0.0,20,0.0,0.0,0.0,0.0,20
14,closure_650m,COOP,1,20,0,0,2.00000000416878,100.0,100.0,100.0,100.0,0.0,20,8.460844898497633,8.414983319177857,8.50670647781741,0.09799181112947937,20,6.862415144097511,6.790594222521119,6.934236065673903,0.1534587837280198,20,0.7414485517171168,0.7362514079901904,0.7466456954440431,0.011104666129151697,20,296.635,291.84882567405475,301.42117432594523,10.226553414364108,20,16.695439306080555,16.63907353225278,16.75180507990833,0.12043598029160134,20,4.823869150617494,4.808561054486999,4.8391772467479885,0.03270860024928314,20,2.0000000141006127,2.000000007109785,2.00000002109144,1.493720619860702e-08,20,0.6089288681013683,0.5914974728124311,0.6263602633903054,0.03724542460621836,20,1058.5,947.7088103070297,1169.2911896929702,236.72602418474355,20,19574.35,18901.25662198747,20247.443378012525,1438.1894419903906,20,0.20510354932126665,0.20096368133388104,0.20924341730865226,0.008845599474284493,20,0.0,0.0,0.0,0.0,20,0.0,0.0,0.0,0.0,20,0.0,0.0,0.0,0.0,20,0.0,0.0,0.0,0.0,20
14,closure_650m,ECO,2,20,0,0,2.10000000587161,100.0,100.0,100.0,100.0,0.0,20,8.3287860242929,8.313882385721696,8.343689662864103,0.03184440129783532,20,6.636293116964081,6.601902970445994,6.670683263482169,0.07348095709522054,20,0.7313908902178721,0.7282838866534878,0.7344978937822564,0.006638692146575843,20,274.265,273.28254810166584,275.24745189833413,2.0991915737154367,20,16.919767261893192,16.87437130883635,16.965163214950035,0.09699691384310315,20,4.813086685120604,4.792714179487404,4.833459190753804,0.043529654971606845,20,2.1000000259788636,2.1000000183157392,2.100000033641988,1.637369350794343e-08,20,0.5773892006755192,0.5642004685425935,0.590577932808445,0.028180184096923397,20,902.4,824.7718969299913,980.0281030700087,165.86690923432366,20,19745.7,19078.552345791297,20412.847654208705,1425.4852950191346,20,0.2243865310859367,0.22109044496481817,0.22768261720705524,0.007042702267077575,20,0.0,0.0,0.0,0.0,20,0.0,0.0,0.0,0.0,20,0.0,0.0,0.0,0.0,20,0.0,0.0,0.0,0.0,20
14,closure_650m,PASSIVE,3,20,0,0,2.00000012727207,100.0,100.0,100.0,100.0,0.0,20,8.181839473774902,8.171955824800687,8.191723122749117,0.021118257982314627,20,6.473846848089747,6.4500043050741995,6.497689391105294,0.050944036526420405,20,0.6837344762167497,0.6821504043587244,0.6853185480747749,0.0033846647374438455,20,258.27,257.5579345591721,258.98206544082785,1.5214605171555171,20,17.059915443206485,17.00174843954497,17.118082446868,0.12428464351442821,20,4.767206258404908,4.746127267577282,4.788285249232534,0.04503919225237247,20,2.000000157412023,2.0000001503924896,2.0000001644315564,1.49985414817955e-08,20,0.44511221307163795,0.44388974179020474,0.44633468435307116,0.002612037716497882,20,948.45,881.7748720805487,1015.1251279194514,142.46383659315828,20,20721.75,20100.802788466994,21342.697211533006,1326.7694391780517,20,0.20583448592743753,0.20176622799577984,0.20990274385909521,0.00869259124473938,20,0.0,0.0,0.0,0.0,20,0.0,0.0,0.0,0.0,20,0.0,0.0,0.0,0.0,20,0.0,0.0,0.0,0.0,20
15,closure_850m,COOP,1,20,0,0,2.00000001475939,100.0,100.0,100.0,100.0,0.0,20,8.632314178736065,8.586380824504474,8.678247532967656,0.09814517160477763,20,6.575729987452535,6.542380589900592,6.609079385004478,0.07125720297169791,20,0.764340893516029,0.7582326855372917,0.7704491014947662,0.013051324692036822,20,266.06499999999994,263.35194910630145,268.77805089369843,5.796938847357285,20,16.461277436684956,16.404489308987085,16.518065564382827,0.12133841804629746,20,4.852515651109547,4.834816119905578,4.870215182313516,0.0378183469593632,20,2.000000041255339,2.0000000276160836,2.0000000548945946,2.9142810994550922e-08,20,0.5440300676988622,0.5288893559489954,0.559170779448729,0.03235095232577518,20,1152.9,1044.7625074236407,1261.0374925763595,231.05590574349614,20,17525.15,16826.454767821997,18223.845232178006,1492.8925746595714,20,0.21579791094650255,0.21261945602064028,0.21897636587236483,0.006791361296281213,20,0.0,0.0,0.0,0.0,20,0.0,0.0,0.0,0.0,20,0.0,0.0,0.0,0.0,20,0.0,0.0,0.0,0.0,20
15,closure_850m,ECO,2,20,0,0,2.10000000226705,100.0,100.0,100.0,100.0,0.0,20,8.473022415073064,8.443505035547028,8.5025397945991,0.06306938231203052,20,6.459304856399922,6.424259625645917,6.4943500871539275,0.07488066664888442,20,0.7476084463820716,0.7429883286013002,0.752228564162843,0.009871742658763574,20,249.62000000000003,247.682600050919,251.55739994908106,4.139616051354471,20,16.62811977806649,16.592150097048226,16.664089459084757,0.07685592692202554,20,4.81179650802194,4.792892725771865,4.8307002902720155,0.04039145374750327,20,2.1000000961316756,2.1000000537930696,2.1000001384702816,9.046432151509418e-08,20,0.5503480768901248,0.5316420302298572,0.5690541235503923,0.03996895480923259,20,1080.2,990.8537395143068,1169.5462604856934,190.90493638678416,20,17950.15,17234.011855142067,18666.288144857936,1530.162608318063,20,0.2297016744738772,0.22716726123718012,0.2322360877105743,0.005415246201680246,20,0.0,0.0,0.0,0.0,20,0.0,0.0,0.0,0.0,20,0.0,0.0,0.0,0.0,20,0.0,0.0,0.0,0.0,20
15,closure_850m,PASSIVE,3,20,0,0,2.00000053486951,100.0,100.0,100.0,100.0,0.0,20,8.218831076502033,8.211938863755305,8.22572328924876,0.014726496988522192,20,6.199075347707057,6.1748272484958,6.223323446918314,0.05181058291932354,20,0.6919728893343129,0.6903756414767624,0.6935701371918633,0.0034128177159514555,20,226.98499999999999,225.96908868163027,228.0009113183697,2.1706838602276073,20,16.9297864962239,16.870999065713107,16.988573926734695,0.12561030110267052,20,4.752120081130998,4.732546498108499,4.771693664153497,0.04182260792403286,20,2.0000007095269265,2.0000006670384525,2.0000007520154006,9.078454316063559e-08,20,0.44758179166836376,0.4463356103257103,0.44882797301101723,0.0026626986809789826,20,948.45,881.7748720805487,1015.1251279194514,142.46383659315828,20,19318.6,18688.76265154979,19948.437348450207,1345.7648734964228,20,0.21348913061789068,0.20940079788453178,0.21757746335124958,0.008735484799779238,20,0.0,0.0,0.0,0.0,20,0.0,0.0,0.0,0.0,20,0.0,0.0,0.0,0.0,20,0.0,0.0,0.0,0.0,20
16,speed_80pct,COOP,1,20,0,0,2.00000000218063,100.0,100.0,100.0,100.0,0.0,20,8.020163292061953,7.963102805259995,8.077223778863912,0.12192036402990958,20,5.182622189642538,5.139540012390419,5.225704366894658,0.0920531006335399,20,0.5640920143727055,0.5570783623504642,0.5711056663949469,0.014985974632474228,20,293.39500000000004,287.4444329555652,299.34556704443486,12.714495457423478,20,13.617308889072188,13.550778319547183,13.683839458597193,0.14215496064305227,20,3.72934180707606,3.716769826627505,3.741913787524615,0.02686237918342017,20,2.0000000089024237,2.0000000042036206,2.000000013601227,1.0039868676849081e-08,20,0.46715790473675806,0.4512787253855321,0.483037084087984,0.03392882597929807,20,1118.2,994.8256575480199,1241.5743424519803,263.6122750915582,20,17559.75,16869.93212887231,18249.56787112769,1473.92443836175,20,0.1700585829753431,0.16545393958527374,0.17466322636541246,0.009838678739170922,20,0.0,0.0,0.0,0.0,20,0.0,0.0,0.0,0.0,20,0.0,0.0,0.0,0.0,20,0.0,0.0,0.0,0.0,20
16,speed_80pct,ECO,2,20,0,0,2.10000000952516,100.0,100.0,100.0,100.0,0.0,20,7.853268578413301,7.828739804600821,7.877797352225781,0.05241029651226498,20,5.0331343302231195,5.000406524674039,5.0658621357722,0.0699290558156784,20,0.548682645111945,0.5450261829533157,0.5523391072705742,0.007812712832067267,20,266.42,263.70243490277744,269.1375650972226,5.806584284468072,20,13.826758253873422,13.79957219637341,13.853944311373434,0.058088078330692614,20,3.708679262941105,3.6965213948904423,3.7208371309917676,0.025977550869991945,20,2.1000000271493664,2.1000000160170624,2.1000000382816704,2.378624166133009e-08,20,0.48409622754825243,0.46448588356333825,0.5037065715331666,0.04190115457112458,20,916.35,834.2130646442396,998.4869353557605,175.50086969345165,20,18280.4,17595.53704714896,18965.262952851044,1463.3373320490464,20,0.1884271704779016,0.18427319590973032,0.1925811450460729,0.00887574081308129,20,0.0,0.0,0.0,0.0,20,0.0,0.0,0.0,0.0,20,0.0,0.0,0.0,0.0,20,0.0,0.0,0.0,0.0,20
16,speed_80pct,PASSIVE,3,20,0,0,2.0000003558664,100.0,100.0,100.0,100.0,0.0,20,7.612312996311067,7.6081638969974374,7.616462095624696,0.00886532392318423,20,4.7711412445637125,4.751573920917845,4.79070856820958,0.04180923359934262,20,0.4794567720530808,0.4779747841142734,0.4809387599918882,0.003166543419344473,20,229.86999999999998,229.05199943115073,230.68800056884922,1.7478106605874562,20,14.051398616978489,14.00460817288579,14.098189061071187,0.0999765038230824,20,3.653230051256037,3.640788683849585,3.665671418662489,0.026583300077495826,20,2.0000004383643617,2.0000004148080377,2.0000004619206857,5.0332476079018813e-08,20,0.371870800541816,0.3688148889615922,0.37492671212203976,0.006529524600748959,20,766.6,710.501447654215,822.6985523457851,119.86501179506712,20,19514.2,18909.216882666115,20119.183117333887,1292.6591768012252,20,0.1742870053573208,0.16869344612731949,0.17988056458732213,0.011951681728751285,20,0.0,0.0,0.0,0.0,20,0.0,0.0,0.0,0.0,20,0.0,0.0,0.0,0.0,20,0.0,0.0,0.0,0.0,20
17,speed_120pct,COOP,1,20,0,0,2.00000002099591,100.0,100.0,100.0,100.0,0.0,20,9.49273643205088,9.44260505652583,9.542867807575929,0.10711502645512609,20,8.404323153088601,8.345149681517682,8.46349662465952,0.12643514977149398,20,0.9255053292227418,0.919457423521808,0.9315532349236755,0.01292247763738127,20,273.54499999999996,269.9750697386286,277.11493026137134,7.627821307210649,20,19.253755143241158,19.19580606417251,19.311704222309807,0.12381900700862976,20,6.241288694788737,6.218213935008493,6.26436345456898,0.0493035245576186,20,2.000000057791385,2.0000000344894655,2.0000000810933045,4.978889335441147e-08,20,0.6088434335230052,0.5891925792021493,0.6284942878438611,0.04198771245350183,20,1249.35,1129.8939616198757,1368.8060383801242,255.24008821417326,20,19899.05,19126.028322882754,20672.071677117245,1651.7048759897818,20,0.24705018712035054,0.24421059373934123,0.24988978050135985,0.006067320454365507,20,0.0,0.0,0.0,0.0,20,0.0,0.0,0.0,0.0,20,0.0,0.0,0.0,0.0,20,0.0,0.0,0.0,0.0,20
17,speed_120pct,ECO,2,20,0,0,1.32014307746761,100.0,100.0,100.0,100.0,0.0,20,9.312308996919256,9.289930159854569,9.334687833983944,0.04781655598141544,20,8.204335621495463,8.165555031692428,8.2431162112985,0.0828619573907757,20,0.9110412587030856,0.9059053414902971,0.9161771759158741,0.010973844271324373,20,256.46000000000004,254.68054727773622,258.2394527222638,3.80213236570162,20,19.514162435950908,19.46789403836273,19.560430833539087,0.0988610541758971,20,6.2062496329803905,6.179431535885042,6.233067730075739,0.05730186235183068,20,2.036851078154695,1.9476714700409048,2.1260306862684857,0.19054885253633658,20,0.6255692438951755,0.5999815037862661,0.651156984004085,0.05467297535698326,20,1114.95,1015.5840187448329,1214.3159812551673,212.3139371184493,20,20588.7,19821.925331135684,21355.474668864317,1638.3569786446678,20,0.260243398257615,0.2578357239150861,0.2626510726001439,0.005144444934818202,20,0.0,0.0,0.0,0.0,20,0.0,0.0,0.0,0.0,20,0.0,0.0,0.0,0.0,20,0.0,0.0,0.0,0.0,20
17,speed_120pct,PASSIVE,3,20,0,0,2.00000019017614,100.0,100.0,100.0,100.0,0.0,20,9.175655670295871,9.164185477143157,9.187125863448586,0.024508205293201055,20,8.015399562357915,7.987858965801877,8.042940158913954,0.0588456170969407,20,0.8699664070729625,0.8678909658740571,0.8720418482718678,0.0044345669074194955,20,250.06499999999997,249.07693173836122,251.0530682616387,2.111191980599436,20,19.80878202184998,19.736948394588133,19.880615649111824,0.15348593179286146,20,6.2074304231513135,6.177709755815792,6.237151090486835,0.06350374460237132,20,2.000000243368163,2.00000022949897,2.000000257237356,2.9634115768164908e-08,20,0.49010988379605064,0.48838667989527906,0.4918330876968222,0.003681946275870469,20,1007.65,938.1661348232533,1077.1338651767467,148.46522718876136,20,20568.35,19914.362743760634,21222.337256239363,1397.365652143158,20,0.24236558035095596,0.2391749939224868,0.2455561667794251,0.006817282512467005,20,0.0,0.0,0.0,0.0,20,0.0,0.0,0.0,0.0,20,0.0,0.0,0.0,0.0,20,0.0,0.0,0.0,0.0,20
