condition_id,baseline,metric,direction,mean_difference,ci_low,ci_high,p_t,dz,n,p_holm
1,COOP,completion,ECO minus baseline,0.0,0.0,0.0,1.0,,20,1.0
1,COOP,fuel_L100,ECO minus baseline,-0.15626836181156864,-0.1925360145531256,-0.12000070907001167,2.705733136545045e-08,-2.016558532657739,20,3.517453077508559e-07
1,COOP,speed_sd,ECO minus baseline,-0.151401519111057,-0.17995977223301732,-0.1228432659890967,9.608775609539388e-10,-2.4811773953830554,20,1.537404097526302e-08
1,COOP,acceleration_rms,ECO minus baseline,-0.014255991638936349,-0.017573389443595912,-0.010938593834276786,2.819739323629637e-08,-2.0112177850521094,20,4.5115829178074194e-07
1,COOP,stopped_vehicle_s,ECO minus baseline,-18.380000000000003,-21.345415041206472,-15.414584958793533,6.869982136037842e-11,-2.900809724934284,20,1.0991971417660548e-09
1,COOP,mean_speed,ECO minus baseline,0.19976458078466486,0.13745263074624015,0.26207653082308957,2.0551765661704274e-06,1.5003976226391031,20,2.466211879404513e-05
1,COOP,total_fuel_L,ECO minus baseline,-0.030071954331112094,-0.04260620839575227,-0.01753770026647192,7.576723716162092e-05,-1.1228516498533565,20,0.0008107728528464456
1,COOP,minimum_gap,ECO minus baseline,0.10000003582679251,0.10000002281621068,0.10000004883737434,3.033438725852129e-126,3597184.045858023,20,3.336782598437342e-125
1,COOP,jerk_rms,ECO minus baseline,0.027358138938677952,0.009489127639340653,0.045227150238015254,0.0046668689748544405,0.716547935509667,20,0.046668689748544406
1,PASSIVE,completion,ECO minus baseline,0.0,0.0,0.0,1.0,,20,1.0
1,PASSIVE,fuel_L100,ECO minus baseline,0.1931729449326859,0.17162661606153823,0.2147192738038336,1.0113288996328301e-13,4.195968682169434,20,4.728616065435447e-13
1,PASSIVE,speed_sd,ECO minus baseline,0.22762594694924937,0.20408327405278046,0.2511686198457183,2.5711659488782495e-14,4.525069133641297,20,2.3140493539904245e-13
1,PASSIVE,acceleration_rms,ECO minus baseline,0.04973192311716975,0.04551049965718006,0.05395334657715944,6.871154492833119e-16,5.513603811227255,20,7.538491409756792e-15
1,PASSIVE,stopped_vehicle_s,ECO minus baseline,18.974999999999994,16.794737234413034,21.155262765586954,1.7286115801254909e-13,4.07316654762353,20,2.074333896150589e-12
1,PASSIVE,mean_speed,ECO minus baseline,-0.2614014732899248,-0.3007749599157551,-0.2220279866640945,2.0963383978058007e-11,-3.1071582895790044,20,1.9769672422906631e-10
1,PASSIVE,total_fuel_L,ECO minus baseline,0.03713499808938296,0.028895424660647907,0.045374571518118016,1.3361318963723037e-08,2.109297797820046,20,9.285008656979824e-08
1,PASSIVE,minimum_gap,ECO minus baseline,0.09999974674381604,0.09999971621420405,0.09999977727342803,3.31150821700278e-119,1532981.2287591062,20,4.96726232550417e-118
1,PASSIVE,jerk_rms,ECO minus baseline,0.13091398717351288,0.1035936672281329,0.15823430711889286,5.019912568997569e-09,2.2426396221409424,20,4.5179213120978125e-08
2,COOP,completion,ECO minus baseline,0.0,0.0,0.0,1.0,,20,1.0
2,COOP,fuel_L100,ECO minus baseline,-0.09768388600390035,-0.12787687536445083,-0.06749089664334988,1.8140112391984936e-06,-1.5141748761267078,20,7.2560449567939745e-06
2,COOP,speed_sd,ECO minus baseline,-0.10650275581640453,-0.13199774266208064,-0.08100776897072842,4.369777111426398e-08,-1.9550833403922219,20,3.0588439779984786e-07
2,COOP,acceleration_rms,ECO minus baseline,-0.006761453824693298,-0.009623636490878815,-0.0038992711585077804,9.001298843175623e-05,-1.105610007245575,20,0.00036005195372702494
2,COOP,stopped_vehicle_s,ECO minus baseline,-12.145,-14.268181799128783,-10.021818200871216,2.693265629686757e-10,-2.6771306010169664,20,2.579943733306979e-09
2,COOP,mean_speed,ECO minus baseline,0.11945595831366536,0.07607834319035153,0.16283357343697918,1.4872953677780014e-05,1.288847007023325,20,5.949181471112006e-05
2,COOP,total_fuel_L,ECO minus baseline,-0.020578152576439468,-0.03019445332669242,-0.010961851826186517,0.00025720544732281474,-1.001515251384741,20,0.0016821664406418892
2,COOP,minimum_gap,ECO minus baseline,0.10000002768459752,0.10000001479310704,0.10000004057608801,2.5471689722600992e-126,3630414.471127408,20,3.056602766712119e-125
2,COOP,jerk_rms,ECO minus baseline,0.02837152239761625,0.01090950871246751,0.045833536082764983,0.0030000209704683658,0.7604095068052125,20,0.033915848251451
2,PASSIVE,completion,ECO minus baseline,0.0,0.0,0.0,1.0,,20,1.0
2,PASSIVE,fuel_L100,ECO minus baseline,0.19892279700862855,0.1784134647498228,0.2194321292674343,2.4280077261401765e-14,4.53933524458902,20,2.913609271368212e-13
2,PASSIVE,speed_sd,ECO minus baseline,0.21105767771084386,0.18758699828080994,0.23452835714087777,9.579631607047412e-14,4.208571551951215,20,4.789815803523706e-13
2,PASSIVE,acceleration_rms,ECO minus baseline,0.052242275195829156,0.04766974230255465,0.05681480808910366,1.2089802837389983e-15,5.347175840279786,20,7.538491409756792e-15
2,PASSIVE,stopped_vehicle_s,ECO minus baseline,15.8,13.693688862141755,17.906311137858246,2.4599976619685464e-12,3.5107005268717257,20,1.967998129574837e-11
2,PASSIVE,mean_speed,ECO minus baseline,-0.22859447556634488,-0.26064003383949147,-0.1965489172931983,5.9729057050418865e-12,-3.338544046608387,20,8.95935855756283e-11
2,PASSIVE,total_fuel_L,ECO minus baseline,0.049835402518415915,0.04234995432775243,0.0573208507090794,1.9967527187722246e-11,3.1158703840132875,20,2.595778534403892e-10
2,PASSIVE,minimum_gap,ECO minus baseline,0.09999975971219854,0.09999972577656219,0.0999997936478349,2.470496862085004e-118,1379120.3938772185,20,2.470496862085004e-117
2,PASSIVE,jerk_rms,ECO minus baseline,0.1278665779341947,0.10214062089577303,0.15359253497261638,2.774573444359574e-09,2.3261875343818117,20,3.329488133231489e-08
3,COOP,completion,ECO minus baseline,0.0,0.0,0.0,1.0,,20,1.0
3,COOP,fuel_L100,ECO minus baseline,-0.09208362831987786,-0.20958191600540815,0.025414659365652417,0.11739252299849859,-0.3667837676448744,20,0.13148220911416936
3,COOP,speed_sd,ECO minus baseline,-0.14535235533676363,-0.2677124178783946,-0.02299229279513265,0.02237604086157806,-0.5559575149900534,20,0.03797715194774153
3,COOP,acceleration_rms,ECO minus baseline,-0.010845317846668789,-0.021484696848304535,-0.00020593884503304107,0.04613580680071345,-0.4770734263403609,20,0.06439254609966828
3,COOP,stopped_vehicle_s,ECO minus baseline,-18.169999999999998,-29.02237035450834,-7.3176296454916585,0.002371943239932379,-0.7835911867048699,20,0.004902904644619464
3,COOP,mean_speed,ECO minus baseline,0.16558410954226516,-0.07371784645523635,0.4048860655397667,0.1638463188501359,0.3238408495950752,20,0.1880935082159736
3,COOP,total_fuel_L,ECO minus baseline,0.0006010923369720089,-0.013696084673478704,0.014898269347422721,0.9308003630396261,0.019676602806685723,20,1.0
3,COOP,minimum_gap,ECO minus baseline,0.09359018724007397,0.08017399298656258,0.10700638149358535,8.837994692261025e-12,3.2648272006368946,20,2.6513984076783076e-11
3,COOP,jerk_rms,ECO minus baseline,-0.01502429893235335,-0.03560905906157914,0.005560461196872448,0.14307723364000333,-0.3415919497025126,20,0.42923170092000995
3,PASSIVE,completion,ECO minus baseline,0.0,0.0,0.0,1.0,,20,1.0
3,PASSIVE,fuel_L100,ECO minus baseline,0.38280558825921507,0.3413507556785131,0.42426042083991705,5.924909738217802e-14,4.321776714803724,20,4.728616065435447e-13
3,PASSIVE,speed_sd,ECO minus baseline,0.27237922347301435,0.18595191056688676,0.35880653637914195,2.59115053418719e-06,1.474966608452818,20,2.59115053418719e-06
3,PASSIVE,acceleration_rms,ECO minus baseline,0.0752557987766749,0.06844007026751273,0.08207152728583708,2.266762384029538e-15,5.167576429544714,20,7.538491409756792e-15
3,PASSIVE,stopped_vehicle_s,ECO minus baseline,3.4649999999999963,-7.650610771346448,14.580610771346441,0.5219300988445374,0.14589121116271198,20,0.7604782409690207
3,PASSIVE,mean_speed,ECO minus baseline,-0.3476134806487547,-0.42587823161354793,-0.26934872968396145,1.682640935668426e-08,-2.0786895096947675,20,5.047922807005278e-08
3,PASSIVE,total_fuel_L,ECO minus baseline,0.11952346200547152,0.10590910555805826,0.1331378184528848,1.477394724117006e-13,4.10880252326381,20,2.0683526137638084e-12
3,PASSIVE,minimum_gap,ECO minus baseline,0.09358994561898201,0.08017375924459134,0.10700613199337268,8.838303492438215e-12,3.2648206892347824,20,3.535321396975286e-11
3,PASSIVE,jerk_rms,ECO minus baseline,0.0917895702840998,0.07327366880226203,0.11030547176593757,2.8954628269551956e-09,2.320105304847877,20,3.329488133231489e-08
4,COOP,completion,ECO minus baseline,6.249999999999995,0.4686479635232965,12.031352036476694,0.03556302748838378,0.5059525906170417,20,0.6045714673025243
4,COOP,fuel_L100,ECO minus baseline,-0.2983585790099886,-0.470141538023522,-0.12657561999645517,0.0017613661675627786,-0.8128635928587636,20,0.005284098502688336
4,COOP,speed_sd,ECO minus baseline,-0.32759822451526155,-0.5208140924473253,-0.13438235658319775,0.002144417390422305,-0.7935201711519804,20,0.006433252171266916
4,COOP,acceleration_rms,ECO minus baseline,-0.023966824777542785,-0.03491736693508557,-0.013016282620000003,0.00020410954032508546,-1.0243163407490026,20,0.0006123286209752563
4,COOP,stopped_vehicle_s,ECO minus baseline,-22.654999999999998,-49.607029113172196,4.297029113172201,0.09461537002815357,-0.393397704229303,20,0.09461537002815357
4,COOP,mean_speed,ECO minus baseline,0.8324702683482098,0.24176605417241404,1.4231744825240056,0.008227939751672238,0.6595654291155436,20,0.024683819255016715
4,COOP,total_fuel_L,ECO minus baseline,0.11071128686845091,-0.005309752926535571,0.2267323266634374,0.06032494730562285,0.44659552525370927,20,0.1823604614436071
4,COOP,minimum_gap,ECO minus baseline,0.1069481890632745,0.09240554344892817,0.12149083467762083,3.491947639643933e-12,3.441828574352122,20,1.3967790558575733e-11
4,COOP,jerk_rms,ECO minus baseline,-0.03437846001964761,-0.060567609842609636,-0.008189310196685583,0.012803900982478711,-0.614361850937953,20,0.07682340589487227
4,PASSIVE,completion,ECO minus baseline,0.0,0.0,0.0,1.0,,20,1.0
4,PASSIVE,fuel_L100,ECO minus baseline,0.7679514017533056,0.6612423188673949,0.8746604846392162,5.113733779151492e-12,3.3681511426275565,20,5.113733779151492e-12
4,PASSIVE,speed_sd,ECO minus baseline,0.6226053520220682,0.5434679870818535,0.701742716962283,1.0552422295917976e-12,3.682056819564387,20,3.165726688775393e-12
4,PASSIVE,acceleration_rms,ECO minus baseline,0.10205013540968502,0.09322549896320245,0.11087477185616759,9.675225729553097e-16,5.41222676293631,20,7.538491409756792e-15
4,PASSIVE,stopped_vehicle_s,ECO minus baseline,5.265000000000002,-7.001585978776122,17.53158597877613,0.38023912048451036,0.20087870040321754,20,0.7604782409690207
4,PASSIVE,mean_speed,ECO minus baseline,-1.1331964374715,-1.435522482448559,-0.8308703924944408,2.2375414191634556e-07,-1.7542393943619228,20,4.475082838326911e-07
4,PASSIVE,total_fuel_L,ECO minus baseline,0.0917395236616974,0.04854908035361256,0.13492996696978224,0.00027733864382242074,0.9940953466374443,20,0.0005546772876448415
4,PASSIVE,minimum_gap,ECO minus baseline,0.09999976624005698,0.09999971527877104,0.09999981720134292,5.596119804581661e-115,918370.2957233984,20,4.4768958436653286e-114
4,PASSIVE,jerk_rms,ECO minus baseline,0.07197448744875497,0.053575724382488366,0.09037325051502157,1.1854668339250465e-07,1.830834871854364,20,4.741867335700186e-07
5,COOP,completion,ECO minus baseline,0.0,0.0,0.0,1.0,,20,1.0
5,COOP,fuel_L100,ECO minus baseline,-0.1506836863306808,-0.18673883209228762,-0.11462854056907398,4.339993159538286e-08,-1.9559520430593893,20,4.339993159538286e-07
5,COOP,speed_sd,ECO minus baseline,-0.14785911834615012,-0.17705878490757476,-0.11865945178472548,2.0469477144344174e-09,-2.3698968397798663,20,2.456337257321301e-08
5,COOP,acceleration_rms,ECO minus baseline,-0.013776641134050355,-0.017116300283623816,-0.010436981984476896,5.3013607918343226e-08,-1.9306361020813514,20,6.89176902938462e-07
5,COOP,stopped_vehicle_s,ECO minus baseline,-17.87,-20.961845821279766,-14.778154178720236,2.260938899802361e-10,-2.7049917512582216,20,2.579943733306979e-09
5,COOP,mean_speed,ECO minus baseline,0.19125692838755537,0.1290236901517885,0.25349016662332224,3.629598933684192e-06,1.4383149640051154,20,3.266639040315773e-05
5,COOP,total_fuel_L,ECO minus baseline,-0.029422285948380988,-0.04146762757837641,-0.017376944318385566,6.187859155348536e-05,-1.1431849852525855,20,0.0007425430986418243
5,COOP,minimum_gap,ECO minus baseline,0.1000000360818305,0.10000002136839564,0.10000005079526536,3.1395318567683024e-125,3180865.513984837,20,2.825578671091472e-124
5,COOP,jerk_rms,ECO minus baseline,0.027093655445187957,0.00924671677144,0.04494059411893592,0.004958522395285166,0.7104983830967885,20,0.046668689748544406
5,PASSIVE,completion,ECO minus baseline,0.0,0.0,0.0,1.0,,20,1.0
5,PASSIVE,fuel_L100,ECO minus baseline,0.1923661940542572,0.17078564176140737,0.21394674634710703,1.1225000459065745e-13,4.171818631138161,20,4.728616065435447e-13
5,PASSIVE,speed_sd,ECO minus baseline,0.22596185861399443,0.20194808651053503,0.24997563071745382,4.21164790358599e-14,4.403864777143264,20,2.811692097323165e-13
5,PASSIVE,acceleration_rms,ECO minus baseline,0.0496830782880514,0.04544976700498273,0.05391638957112007,7.369454978207276e-16,5.492720671663301,20,7.538491409756792e-15
5,PASSIVE,stopped_vehicle_s,ECO minus baseline,18.704999999999995,16.44561164489695,20.96438835510304,4.2442343392718347e-13,3.8745926313696217,20,4.238334519567206e-12
5,PASSIVE,mean_speed,ECO minus baseline,-0.2592378580062604,-0.29889939555365613,-0.21957632045886472,2.7481893763773696e-11,-3.059060735892678,20,2.1985515011018957e-10
5,PASSIVE,total_fuel_L,ECO minus baseline,0.03729246211264199,0.029111932622775925,0.04547299160250806,1.114940170208473e-08,2.133530542394174,20,8.919521361667784e-08
5,PASSIVE,minimum_gap,ECO minus baseline,0.09999974870040398,0.09999971697149085,0.09999978042931712,6.886046960379983e-119,1475037.0691885224,20,7.806862698121983e-118
5,PASSIVE,jerk_rms,ECO minus baseline,0.1300441786686842,0.10278907170675704,0.15729928563061135,5.378002800336892e-09,2.2330695371333347,20,4.5179213120978125e-08
6,COOP,completion,ECO minus baseline,0.0,0.0,0.0,1.0,,20,1.0
6,COOP,fuel_L100,ECO minus baseline,-0.14766781648326316,-0.18355380869303162,-0.1117818242734947,5.5072005581081724e-08,-1.9258396166047085,20,4.956480502297355e-07
6,COOP,speed_sd,ECO minus baseline,-0.1441736028457611,-0.17292337066097307,-0.11542383503054915,2.3994943412845187e-09,-2.3469867162397695,20,2.6394437754129707e-08
6,COOP,acceleration_rms,ECO minus baseline,-0.013497071400505194,-0.01681834249397415,-0.010175800307036239,6.66466015960853e-08,-1.9019296173493034,20,7.997592191530236e-07
6,COOP,stopped_vehicle_s,ECO minus baseline,-17.050000000000008,-19.988072032598904,-14.111927967401112,2.1114379998975793e-10,-2.715946219467319,20,2.579943733306979e-09
6,COOP,mean_speed,ECO minus baseline,0.18339820726313505,0.12310767626771404,0.24368873825855605,4.157463442974125e-06,1.4236564464368786,20,3.3259707543793e-05
6,COOP,total_fuel_L,ECO minus baseline,-0.030043794661680945,-0.04186528208119155,-0.01822230724217034,3.9155415717243046e-05,-1.1894382006431694,20,0.0005473255471142889
6,COOP,minimum_gap,ECO minus baseline,0.10000003442808003,0.10000002096418485,0.10000004789197521,5.814888614936168e-126,3476071.0877324496,20,5.814888614936168e-125
6,COOP,jerk_rms,ECO minus baseline,0.026665000186292465,0.008852395731426724,0.04447760464115821,0.0054741995148842315,0.7006052520840517,20,0.046668689748544406
6,PASSIVE,completion,ECO minus baseline,0.0,0.0,0.0,1.0,,20,1.0
6,PASSIVE,fuel_L100,ECO minus baseline,0.19192234678595224,0.17075884865927318,0.2130858449126313,8.224454332539019e-14,4.244214386113881,20,4.728616065435447e-13
6,PASSIVE,speed_sd,ECO minus baseline,0.22567863021593254,0.20205282932294594,0.24930443110891914,3.2050742617378447e-14,4.47057226295021,20,2.5640594093902757e-13
6,PASSIVE,acceleration_rms,ECO minus baseline,0.04967281846096801,0.04545701072575782,0.053888626196178194,6.85317400886981e-16,5.514386828661981,20,7.538491409756792e-15
6,PASSIVE,stopped_vehicle_s,ECO minus baseline,18.759999999999998,16.58781441614121,20.932185583858786,1.985208387137423e-13,4.0419890131305065,20,2.183729225851165e-12
6,PASSIVE,mean_speed,ECO minus baseline,-0.25774424384339023,-0.29603292041582685,-0.2194555672709536,1.647472701908886e-11,-3.1504880839196563,20,1.9769672422906631e-10
6,PASSIVE,total_fuel_L,ECO minus baseline,0.03746901989274147,0.029429594838732587,0.045508444946750354,7.837972495375774e-09,2.1812556229370106,20,7.054175245838196e-08
6,PASSIVE,minimum_gap,ECO minus baseline,0.09999974827396649,0.0999997174739409,0.09999977907399207,3.9155409167746994e-119,1519522.2062004535,20,5.481757283484579e-118
6,PASSIVE,jerk_rms,ECO minus baseline,0.12916269822435653,0.10191628343654141,0.15640911301217164,5.969093851328128e-09,2.2186406546266526,20,4.5179213120978125e-08
7,COOP,completion,ECO minus baseline,0.0,0.0,0.0,1.0,,20,1.0
7,COOP,fuel_L100,ECO minus baseline,-0.13894598439879502,-0.17474225374304814,-0.10314971505454192,1.332083297260672e-07,-1.8166340684123128,20,1.0656666378085376e-06
7,COOP,speed_sd,ECO minus baseline,-0.136732011890295,-0.1653139858855956,-0.10815003789499439,5.156304575571785e-09,-2.238912938412139,20,5.156304575571785e-08
7,COOP,acceleration_rms,ECO minus baseline,-0.012544929900854951,-0.01592100915367669,-0.009168850648033215,2.5423858478495176e-07,-1.7390610472846453,20,2.033908678279614e-06
7,COOP,stopped_vehicle_s,ECO minus baseline,-16.154999999999998,-19.01734758659669,-13.292652413403305,3.3765757928236563e-10,-2.641458630362743,20,2.701260634258925e-09
7,COOP,mean_speed,ECO minus baseline,0.17055617671346007,0.11177452144990642,0.22933783197701374,7.6936151090777e-06,1.3579533861016224,20,3.846807554538849e-05
7,COOP,total_fuel_L,ECO minus baseline,-0.02888861949010906,-0.04025406783678652,-0.017523171143431597,3.909468193673492e-05,-1.1895958426406288,20,0.0005473255471142889
7,COOP,minimum_gap,ECO minus baseline,0.10000003298644052,0.1000000203082553,0.10000004566462573,1.855165048518168e-126,3691494.9016788625,20,2.411714563073618e-125
7,COOP,jerk_rms,ECO minus baseline,0.02587234687205699,0.008003106297217767,0.04374158744689621,0.006881596240046376,0.6776242679873911,20,0.048171173680324635
7,PASSIVE,completion,ECO minus baseline,0.0,0.0,0.0,1.0,,20,1.0
7,PASSIVE,fuel_L100,ECO minus baseline,0.19122400064555353,0.16999678257328732,0.21245121871781975,9.275939170961435e-14,4.21607705968305,20,4.728616065435447e-13
7,PASSIVE,speed_sd,ECO minus baseline,0.22317260812381803,0.1995170850408848,0.24682813120675126,4.01670299617595e-14,4.415374597892963,20,2.811692097323165e-13
7,PASSIVE,acceleration_rms,ECO minus baseline,0.04974681010047159,0.04550695971144305,0.053986660489500134,7.405096807390326e-16,5.491284282271866,20,7.538491409756792e-15
7,PASSIVE,stopped_vehicle_s,ECO minus baseline,18.400000000000002,16.177625272496968,20.622374727503036,4.2383345195672057e-13,3.87489336139185,20,4.238334519567206e-12
7,PASSIVE,mean_speed,ECO minus baseline,-0.25345897131977446,-0.2912837303118975,-0.2156342123276514,1.7840959385105532e-11,-3.1361059045671813,20,1.9769672422906631e-10
7,PASSIVE,total_fuel_L,ECO minus baseline,0.03829551927038408,0.03023613451968266,0.04635490402108551,5.748275931320817e-09,2.2238490001748015,20,5.748275931320817e-08
7,PASSIVE,minimum_gap,ECO minus baseline,0.09999974977663251,0.09999971861916104,0.09999978093410397,4.875319557119372e-119,1502089.9108347227,20,6.337915424255184e-118
7,PASSIVE,jerk_rms,ECO minus baseline,0.12736695988661317,0.10022187888175703,0.15451204089146933,7.03887039714497e-09,2.1959622120184155,20,4.5179213120978125e-08
8,COOP,completion,ECO minus baseline,0.0,0.0,0.0,1.0,,20,1.0
8,COOP,fuel_L100,ECO minus baseline,-0.15399390087879353,-0.1902464632182248,-0.11774133853936225,3.375723838359267e-08,-1.988035037007183,20,3.713296222195194e-07
8,COOP,speed_sd,ECO minus baseline,-0.14942565167779764,-0.17799088185123899,-0.12086042150435632,1.1990839650279524e-09,-2.4481986404196747,20,1.7986259475419287e-08
8,COOP,acceleration_rms,ECO minus baseline,-0.014077141314173047,-0.017433098956419747,-0.010721183671926348,4.1006440663009644e-08,-1.9631668926045744,20,6.150966099451447e-07
8,COOP,stopped_vehicle_s,ECO minus baseline,-17.705000000000005,-20.676468627888188,-14.733531372111822,1.348702713195863e-10,-2.7885857477666396,20,1.8881837984742082e-09
8,COOP,mean_speed,ECO minus baseline,0.19631220274161992,0.1339958156461256,0.25862858983711423,2.605510773205622e-06,1.4743624160738478,20,2.866061850526184e-05
8,COOP,total_fuel_L,ECO minus baseline,-0.029799592357317505,-0.04218982052981292,-0.017409364184822095,7.370662298604051e-05,-1.1256159559373677,20,0.0008107728528464456
8,COOP,minimum_gap,ECO minus baseline,0.08926365718122542,0.08782279265014285,0.09070452171230799,1.8066900557242033e-29,28.99417442051563,20,1.2646830390069423e-28
8,COOP,jerk_rms,ECO minus baseline,-0.011731814441677863,-0.027900484809914264,0.0044368559265585365,0.1453091136182979,-0.3395862521223136,20,0.42923170092000995
8,PASSIVE,completion,ECO minus baseline,0.0,0.0,0.0,1.0,,20,1.0
8,PASSIVE,fuel_L100,ECO minus baseline,0.1937128553563679,0.17248819687568032,0.21493751383705548,7.324854021486135e-14,4.271465997816202,20,4.728616065435447e-13
8,PASSIVE,speed_sd,ECO minus baseline,0.22920852470073494,0.20610099977930488,0.25231604962216503,1.613304701549053e-14,4.642335862406208,20,1.6234161668998324e-13
8,PASSIVE,acceleration_rms,ECO minus baseline,0.050002063098550154,0.04577896775754647,0.05422515843955384,6.263058559858706e-16,5.541358646020417,20,7.515670271830447e-15
8,PASSIVE,stopped_vehicle_s,ECO minus baseline,19.864999999999995,17.750589030131817,21.979410969868173,4.332278747107436e-14,4.397019461222018,20,6.498418120661154e-13
8,PASSIVE,mean_speed,ECO minus baseline,-0.2619867475646,-0.3012986907205509,-0.22267480440864915,1.962305292705238e-11,-3.118990370557934,20,1.9769672422906631e-10
8,PASSIVE,total_fuel_L,ECO minus baseline,0.03727432873684351,0.029007650802653002,0.04554100667103402,1.3264298081399748e-08,2.110270047696374,20,9.285008656979824e-08
8,PASSIVE,minimum_gap,ECO minus baseline,0.08083536051349198,0.07879724360064777,0.08287347742633619,8.519383463117847e-26,18.562288075843036,20,5.111630077870708e-25
8,PASSIVE,jerk_rms,ECO minus baseline,0.0835160366916404,0.05956670321782467,0.10746537016545613,6.366500196784618e-07,1.6320582942951862,20,1.9099500590353854e-06
9,COOP,completion,ECO minus baseline,0.0,0.0,0.0,1.0,,20,1.0
9,COOP,fuel_L100,ECO minus baseline,-0.15284940280723402,-0.1829468734079386,-0.12275193220652944,1.951648420166884e-09,-2.37680180755097,20,2.927472630250326e-08
9,COOP,speed_sd,ECO minus baseline,-0.14619975340437802,-0.17465194975045803,-0.11774755705829801,1.609572337018207e-09,-2.404861472766956,20,2.092444038123669e-08
9,COOP,acceleration_rms,ECO minus baseline,-0.013286944947408485,-0.01646349236046776,-0.010110397534349213,4.283302526445005e-08,-1.9576228036548116,20,6.150966099451447e-07
9,COOP,stopped_vehicle_s,ECO minus baseline,-17.775000000000002,-21.019982287317504,-14.530017712682502,5.575750161147258e-10,-2.5636368206468787,20,3.903025112803081e-09
9,COOP,mean_speed,ECO minus baseline,0.20413292065670968,0.14086868938560365,0.2673971519278157,1.8816394793735524e-06,1.5101289586924633,20,2.4461313231856182e-05
9,COOP,total_fuel_L,ECO minus baseline,-0.025560101292392147,-0.03646881630449132,-0.014651386280292975,9.851338504513523e-05,-1.0965998856074233,20,0.0008866204654062171
9,COOP,minimum_gap,ECO minus baseline,0.06934511764856648,0.06448299928187656,0.07420723601525639,1.9850898710686405e-17,6.674974080589499,20,9.925449355343202e-17
9,COOP,jerk_rms,ECO minus baseline,0.04517364373479003,0.023621283569014787,0.06672600390056527,0.00031697645186332086,0.9809559554380342,20,0.004754646777949813
9,PASSIVE,completion,ECO minus baseline,0.0,0.0,0.0,1.0,,20,1.0
9,PASSIVE,fuel_L100,ECO minus baseline,0.19697300031318674,0.1772527896533384,0.21669321097303507,1.4212438525328462e-14,4.674706746922538,20,1.8476170082927e-13
9,PASSIVE,speed_sd,ECO minus baseline,0.22448129302810654,0.20196057753377794,0.24700200852243515,1.4758328789998477e-14,4.665059559736578,20,1.6234161668998324e-13
9,PASSIVE,acceleration_rms,ECO minus baseline,0.047649810475910354,0.04364760324164319,0.051652017710177515,5.654557416912473e-16,5.5721246953341,20,7.350924641986215e-15
9,PASSIVE,stopped_vehicle_s,ECO minus baseline,18.845,16.319754049530136,21.37024595046986,2.6953575476469274e-12,3.4926227630787157,20,1.967998129574837e-11
9,PASSIVE,mean_speed,ECO minus baseline,-0.25980998330824023,-0.2972036618957451,-0.2224163047207354,9.481676132237578e-12,-3.251747881274414,20,1.327434658513261e-10
9,PASSIVE,total_fuel_L,ECO minus baseline,0.038030450692538055,0.029481553352704755,0.046579348032371355,1.6410264694911803e-08,2.0819993619314285,20,9.285008656979824e-08
9,PASSIVE,minimum_gap,ECO minus baseline,0.05307527664216396,0.044356438216704305,0.06179411506762361,9.355103209924252e-11,2.8490026860367967,20,2.8065309629772757e-10
9,PASSIVE,jerk_rms,ECO minus baseline,-0.0009733522174014797,-0.013418802155228903,0.011472097720425945,0.8717004906368797,-0.036603165216233975,20,0.8717004906368797
10,COOP,completion,ECO minus baseline,0.0,0.0,0.0,1.0,,20,1.0
10,COOP,fuel_L100,ECO minus baseline,-0.10801016937666245,-0.2237796597897258,0.007759321036400896,0.06574110455708468,-0.43664626256685674,20,0.13148220911416936
10,COOP,speed_sd,ECO minus baseline,-0.1566680293373194,-0.2845608921315475,-0.028775166543091313,0.018988575973870766,-0.5733149853190497,20,0.03797715194774153
10,COOP,acceleration_rms,ECO minus baseline,-0.01032074561209011,-0.019666731944074596,-0.0009747592801056231,0.03219627304983414,-0.5168269522204304,20,0.06439254609966828
10,COOP,stopped_vehicle_s,ECO minus baseline,-22.90000000000001,-35.966740957814686,-9.833259042185333,0.0016343015482064881,-0.8202144621690426,20,0.004902904644619464
10,COOP,mean_speed,ECO minus baseline,0.2064756900673344,-0.038706379681444886,0.45165775981611367,0.0940467541079868,0.3941299525940882,20,0.1880935082159736
10,COOP,total_fuel_L,ECO minus baseline,0.0041787111973830005,-0.0117175392779642,0.0200749616727302,0.5885916673857495,0.12302882643152116,20,1.0
10,COOP,minimum_gap,ECO minus baseline,0.08956668667454448,0.08763204298938454,0.09150133035970442,4.539337489765201e-27,21.667297198202345,20,2.7236024938591207e-26
10,COOP,jerk_rms,ECO minus baseline,-0.049471710802190275,-0.06445367967851476,-0.0344897419258658,1.3693431740866816e-06,-1.5454226047855228,20,2.3278833959473588e-05
10,PASSIVE,completion,ECO minus baseline,0.0,0.0,0.0,1.0,,20,1.0
10,PASSIVE,fuel_L100,ECO minus baseline,0.4011370343265357,0.36306545497519355,0.43920861367787783,5.352474946088844e-15,4.931182635762184,20,8.56395991374215e-14
10,PASSIVE,speed_sd,ECO minus baseline,0.302406804600871,0.24549349739795176,0.3593201118037902,9.25613767961484e-10,2.4867776642816812,20,1.851227535922968e-09
10,PASSIVE,acceleration_rms,ECO minus baseline,0.07776391169116158,0.07172571746506196,0.0838021059172612,1.3222579308997918e-16,6.027403161977975,20,1.9833868963496876e-15
10,PASSIVE,stopped_vehicle_s,ECO minus baseline,6.694999999999998,0.3280758882020205,13.061924111797975,0.04031002435110744,0.49213032792007344,20,0.12093007305332232
10,PASSIVE,mean_speed,ECO minus baseline,-0.36348170139869573,-0.4371119789944211,-0.28985142380297035,3.100094217740283e-09,-2.310390212823116,20,1.2400376870961133e-08
10,PASSIVE,total_fuel_L,ECO minus baseline,0.12526833966250864,0.11156072021540965,0.13897595910960764,7.15536682805258e-14,4.276992650446353,20,1.0733050242078869e-12
10,PASSIVE,minimum_gap,ECO minus baseline,0.08098665374125051,0.07886623188913991,0.08310707559336111,1.74101553905353e-25,17.875179243658287,20,8.70507769526765e-25
10,PASSIVE,jerk_rms,ECO minus baseline,0.038341217679970105,0.021963307620085786,0.05471912773985442,9.94689211370589e-05,1.0956368772509233,20,0.0001989378422741178
11,COOP,completion,ECO minus baseline,0.0,0.0,0.0,1.0,,20,1.0
11,COOP,fuel_L100,ECO minus baseline,-0.15234984601946994,-0.18776756667768296,-0.11693212536125693,2.777478952336644e-08,-2.013170848599885,20,3.517453077508559e-07
11,COOP,speed_sd,ECO minus baseline,-0.1539900307618955,-0.18957026175392017,-0.11840979976987082,2.5245044501057565e-08,-2.025550448443354,20,2.0196035600846052e-07
11,COOP,acceleration_rms,ECO minus baseline,-0.014328270596921044,-0.017874064031338302,-0.010782477162503787,7.263231861480036e-08,-1.8912091700976594,20,7.997592191530236e-07
11,COOP,stopped_vehicle_s,ECO minus baseline,-18.224999999999994,-21.39722545764184,-15.052774542358147,2.502104044018014e-10,-2.6888260846830527,20,2.579943733306979e-09
11,COOP,mean_speed,ECO minus baseline,0.18603455926625917,0.13022246941525314,0.2418466491172652,1.2020715063608033e-06,1.5599998864228204,20,1.6829001089051247e-05
11,COOP,total_fuel_L,ECO minus baseline,-0.03138091460924648,-0.04330570721614595,-0.019456122002347018,2.589762365943583e-05,-1.2316122055878111,20,0.0003884643548915375
11,COOP,minimum_gap,ECO minus baseline,0.100000030586238,0.1000000211754109,0.10000003999706511,6.44504719841822e-129,4973150.014492325,20,9.023066077785507e-128
11,COOP,jerk_rms,ECO minus baseline,0.032355143718438596,0.012594455645407013,0.05211583179147018,0.002826320687620916,0.7663029407706815,20,0.033915848251451
11,PASSIVE,completion,ECO minus baseline,0.0,0.0,0.0,1.0,,20,1.0
11,PASSIVE,fuel_L100,ECO minus baseline,0.21319749259971807,0.19197610071830934,0.2344188844811268,1.2788056277781054e-14,4.701835699885708,20,1.8462878128117785e-13
11,PASSIVE,speed_sd,ECO minus baseline,0.224349992508385,0.2030795693958412,0.2456204156209288,5.2500423313509535e-15,4.936386456374917,20,6.300050797621144e-14
11,PASSIVE,acceleration_rms,ECO minus baseline,0.0493501537694356,0.045021435844768455,0.053678871694102744,1.2579336398266135e-15,5.335663659560396,20,7.538491409756792e-15
11,PASSIVE,stopped_vehicle_s,ECO minus baseline,18.499999999999996,16.49842290267797,20.501577097322023,5.827722523865627e-14,4.325722216922187,20,8.158811533411877e-13
11,PASSIVE,mean_speed,ECO minus baseline,-0.2509894519613402,-0.2920640097205153,-0.20991489420216508,8.766696888313978e-11,-2.859840392343802,20,5.260018132988387e-10
11,PASSIVE,total_fuel_L,ECO minus baseline,0.050611439021002,0.038849414933892566,0.062373463108111434,2.7630648434347816e-08,2.0138440812607925,20,1.1052259373739126e-07
11,PASSIVE,minimum_gap,ECO minus baseline,0.09999977616196754,0.09999974452778274,0.09999980779615233,6.505718915101653e-119,1479454.4631364415,20,7.806862698121983e-118
11,PASSIVE,jerk_rms,ECO minus baseline,0.13045194724953638,0.1030689822962523,0.15783491220282045,5.513838942174369e-09,2.2296121242704308,20,4.5179213120978125e-08
12,COOP,completion,ECO minus baseline,0.0,0.0,0.0,1.0,,20,1.0
12,COOP,fuel_L100,ECO minus baseline,-0.16439776427567435,-0.20710143920288276,-0.12169408934846591,1.5063496698648367e-07,-1.8017306987136916,20,1.0656666378085376e-06
12,COOP,speed_sd,ECO minus baseline,-0.1540028129604914,-0.1937744798817424,-0.1142311460392404,1.3812492546714436e-07,-1.8122331969996088,20,5.524997018685774e-07
12,COOP,acceleration_rms,ECO minus baseline,-0.01371600991907152,-0.017632135139290444,-0.009799884698852596,5.982699393328043e-07,-1.6391943259580264,20,4.18788957532963e-06
12,COOP,stopped_vehicle_s,ECO minus baseline,-17.585000000000015,-20.807894893085976,-14.362105106914054,5.952785444355672e-10,-2.553615184457331,20,3.903025112803081e-09
12,COOP,mean_speed,ECO minus baseline,0.16126909488015,0.10944820548903386,0.21308998427126616,3.069806679630874e-06,1.456483294691393,20,3.069806679630874e-05
12,COOP,total_fuel_L,ECO minus baseline,-0.04331079990868556,-0.06206838529031869,-0.024553214527052437,0.00011563366948454596,-1.080633668909392,20,0.0009250693558763677
12,COOP,minimum_gap,ECO minus baseline,0.10000002232496807,0.10000001490454226,0.10000002974539389,7.054177998596992e-131,6307111.240134037,20,1.1286684797755188e-129
12,COOP,jerk_rms,ECO minus baseline,0.03688674132542694,0.01663489110785575,0.057138591542998135,0.0011764511122553053,0.8524419329946648,20,0.016470315571574273
12,PASSIVE,completion,ECO minus baseline,0.0,0.0,0.0,1.0,,20,1.0
12,PASSIVE,fuel_L100,ECO minus baseline,0.2511480046131331,0.22519126924578278,0.27710473998048335,2.5375931458134204e-14,4.52833850786997,20,2.913609271368212e-13
12,PASSIVE,speed_sd,ECO minus baseline,0.2286220557025275,0.2088129089481253,0.2484312024569297,1.003673523150828e-15,5.401465142376303,20,1.505510284726242e-14
12,PASSIVE,acceleration_rms,ECO minus baseline,0.048833105319846644,0.04448022898336847,0.05318598165632482,1.6917676897526374e-15,5.250458555043774,20,7.538491409756792e-15
12,PASSIVE,stopped_vehicle_s,ECO minus baseline,17.074999999999992,14.740260787330024,19.40973921266996,3.850892669832247e-12,3.4228002623390896,20,2.310535601899348e-11
12,PASSIVE,mean_speed,ECO minus baseline,-0.19437911559655524,-0.2467370293606495,-0.14202120183246097,2.5759472236077033e-07,-1.7375067084650955,20,4.475082838326911e-07
12,PASSIVE,total_fuel_L,ECO minus baseline,0.08450338485488337,0.06384805441927921,0.10515871529048754,6.017882155015261e-08,1.914701951955265,20,1.8053646465045781e-07
12,PASSIVE,minimum_gap,ECO minus baseline,0.09999984200111305,0.09999980546924522,0.09999987853298087,1.0024881320998834e-117,1281110.6982073002,20,9.022393188898952e-117
12,PASSIVE,jerk_rms,ECO minus baseline,0.13041629450813397,0.10344366110250103,0.1573889279137669,4.341094219238478e-09,2.2629123283514057,20,4.3410942192384786e-08
13,COOP,completion,ECO minus baseline,0.0,0.0,0.0,1.0,,20,1.0
13,COOP,fuel_L100,ECO minus baseline,-0.14719458949500694,-0.17266289961741815,-0.12172627937259574,2.2622610695978156e-10,-2.7048982873076213,20,3.845843818316287e-09
13,COOP,speed_sd,ECO minus baseline,-0.16699610349464242,-0.20847860370470633,-0.1255136032845785,7.691666168280728e-08,-1.8840856229905656,20,3.845833084140364e-07
13,COOP,acceleration_rms,ECO minus baseline,-0.012981825049925389,-0.016394610458471962,-0.009569039641378818,1.7999385766484937e-07,-1.780270488080752,20,1.6199447189836443e-06
13,COOP,stopped_vehicle_s,ECO minus baseline,-16.425000000000008,-21.360041419371306,-11.489958580628707,1.22738299729185e-06,-1.5576640543022,20,4.9095319891674e-06
13,COOP,mean_speed,ECO minus baseline,0.17571115426846456,0.11616587688782995,0.23525643164909918,6.188576657739855e-06,1.3810558147313132,20,3.713145994643913e-05
13,COOP,total_fuel_L,ECO minus baseline,-0.032355365853791576,-0.043354854457347686,-0.021355877250235467,6.448392225100713e-06,-1.37668012489835,20,0.00010317427560161141
13,COOP,minimum_gap,ECO minus baseline,-0.05010716779494245,-0.4626983753931698,0.3624840398032849,0.8020813333959381,-0.056838042016080184,20,0.8020813333959381
13,COOP,jerk_rms,ECO minus baseline,0.023846778285416897,0.004216534578419032,0.043477021992414766,0.01986830069716479,0.5685429050632841,20,0.09934150348582395
13,PASSIVE,completion,ECO minus baseline,0.0,0.0,0.0,1.0,,20,1.0
13,PASSIVE,fuel_L100,ECO minus baseline,0.24858612848273767,0.22166975576792736,0.275502501197548,5.910770081794309e-14,4.322346498867549,20,4.728616065435447e-13
13,PASSIVE,speed_sd,ECO minus baseline,0.24896835986966206,0.22587211478553731,0.2720646049537868,3.5224540552536136e-15,5.045009642793908,20,4.931435677355059e-14
13,PASSIVE,acceleration_rms,ECO minus baseline,0.05846084567818353,0.053348750346800464,0.06357294100956659,1.1885983635635828e-15,5.352114194920401,20,7.538491409756792e-15
13,PASSIVE,stopped_vehicle_s,ECO minus baseline,21.97,18.576938872669906,25.36306112733009,3.2350648468074615e-11,3.0303835160012214,20,1.6175324234037307e-10
13,PASSIVE,mean_speed,ECO minus baseline,-0.21243006598256997,-0.2547856368678698,-0.17007449509727016,2.3946220927925425e-09,-2.347278744177718,20,1.1973110463962713e-08
13,PASSIVE,total_fuel_L,ECO minus baseline,0.08293421995219603,0.07021324071564226,0.0956551991887498,2.8732832692899424e-11,3.051212410699701,20,3.447939923147931e-10
13,PASSIVE,minimum_gap,ECO minus baseline,-0.638687996349013,-1.2569812360075652,-0.02039475669046087,0.04357997322826368,-0.4834521297109521,20,0.08715994645652736
13,PASSIVE,jerk_rms,ECO minus baseline,0.12769366078513025,0.1022444403838359,0.1531428811864246,2.3776197612255116e-09,2.348302695075868,20,3.090905689593165e-08
14,COOP,completion,ECO minus baseline,0.0,0.0,0.0,1.0,,20,1.0
14,COOP,fuel_L100,ECO minus baseline,-0.13205887420473506,-0.16785992417602327,-0.09625782423344684,2.8305321125179345e-07,-1.726358742913371,20,1.6983192675107607e-06
14,COOP,speed_sd,ECO minus baseline,-0.22612202713343002,-0.2811462477704805,-0.17109780649637954,5.6193073813658717e-08,-1.9233051387566922,20,3.371584428819523e-07
14,COOP,acceleration_rms,ECO minus baseline,-0.01005766149924463,-0.013190812390921996,-0.006924510607567266,2.0188396470664108e-06,-1.5023631606907524,20,1.2113037882398465e-05
14,COOP,stopped_vehicle_s,ECO minus baseline,-22.369999999999997,-26.989303314419356,-17.75069668558064,4.232407797818102e-09,-2.266463481393969,20,2.116203898909051e-08
14,COOP,mean_speed,ECO minus baseline,0.22432795581263462,0.14930522419034295,0.2993506874349263,5.210073165610015e-06,1.3994253849835643,20,3.64705121592701e-05
14,COOP,total_fuel_L,ECO minus baseline,-0.010782465496889992,-0.021330681486161258,-0.00023424950761872718,0.045590115360901774,-0.47840783639650003,20,0.1823604614436071
14,COOP,minimum_gap,ECO minus baseline,0.10000001187825096,0.10000000779522862,0.1000000159612733,8.297607926687941e-136,11462451.665279564,20,1.41059334753695e-134
14,COOP,jerk_rms,ECO minus baseline,-0.03153966742584878,-0.04240419388015218,-0.02067514097154538,7.643594384051817e-06,-1.3586435442976443,20,0.00012229751014482907
14,PASSIVE,completion,ECO minus baseline,0.0,0.0,0.0,1.0,,20,1.0
14,PASSIVE,fuel_L100,ECO minus baseline,0.14694655051799882,0.1371149105817953,0.15677819045420233,8.290969603708316e-18,6.995079464097285,20,1.4094648326304136e-16
14,PASSIVE,speed_sd,ECO minus baseline,0.16244626887433453,0.14918569462236744,0.1757068431263016,3.3384296717128e-16,5.733325922221988,20,5.67533044191176e-15
14,PASSIVE,acceleration_rms,ECO minus baseline,0.047656414001122346,0.044664946710481275,0.05064788129176342,2.5188948493661857e-18,7.455835596336233,20,4.030231758985897e-17
14,PASSIVE,stopped_vehicle_s,ECO minus baseline,15.995000000000001,14.741714890246483,17.248285109753517,1.5641594483941795e-16,5.973014737371972,20,2.6590710622701053e-15
14,PASSIVE,mean_speed,ECO minus baseline,-0.14014818131329515,-0.15561255839885946,-0.12468380422773084,8.322012259900001e-14,-4.241449075204032,20,1.4147420841830002e-12
14,PASSIVE,total_fuel_L,ECO minus baseline,0.045880426715695546,0.04094904389944306,0.050811809531948034,5.171976160317276e-14,4.354296041441103,20,8.79235947253937e-13
14,PASSIVE,minimum_gap,ECO minus baseline,0.09999986856684044,0.09999985787493013,0.09999987925875076,7.283870367277015e-128,4377270.081264034,20,1.2382579624370926e-126
14,PASSIVE,jerk_rms,ECO minus baseline,0.13227698760388135,0.11886056766700465,0.14569340754075805,1.8016038298938697e-14,4.6143111297735295,20,3.0627265108195783e-13
15,COOP,completion,ECO minus baseline,0.0,0.0,0.0,1.0,,20,1.0
15,COOP,fuel_L100,ECO minus baseline,-0.15929176366300224,-0.18815047096701684,-0.13043305635898764,4.906572966351474e-10,-2.5833049080459394,20,7.850516746162358e-09
15,COOP,speed_sd,ECO minus baseline,-0.11642513105261307,-0.13191727076908924,-0.1009329913361369,2.380979263360495e-12,-3.517179653627858,20,4.0476647477128416e-11
15,COOP,acceleration_rms,ECO minus baseline,-0.016732447133957506,-0.019808352091333286,-0.013656542176581726,6.260094649169184e-10,-2.5459259703631667,20,1.0642160903587612e-08
15,COOP,stopped_vehicle_s,ECO minus baseline,-16.445,-17.972709486744375,-14.917290513255628,3.614361874265494e-15,-5.037932264188008,20,6.144415186251341e-14
15,COOP,mean_speed,ECO minus baseline,0.16684234138154003,0.12717584645026633,0.20650883631281372,3.931703445019144e-08,1.9685283386566101,20,6.683895856532544e-07
15,COOP,total_fuel_L,ECO minus baseline,-0.04071914308760709,-0.05352052893881731,-0.027917757236396865,2.286309497886247e-06,-1.4886783199549112,20,3.88672614640662e-05
15,COOP,minimum_gap,ECO minus baseline,0.10000005487633648,0.10000002481652083,0.10000008493615213,2.466243441256213e-119,1556944.5556354467,20,1.9729947530049704e-118
15,COOP,jerk_rms,ECO minus baseline,0.006318009191262649,-0.0034927417794017503,0.016128760161927047,0.1935484603737841,0.30139581875495697,20,0.42923170092000995
15,PASSIVE,completion,ECO minus baseline,0.0,0.0,0.0,1.0,,20,1.0
15,PASSIVE,fuel_L100,ECO minus baseline,0.2541913385710307,0.22690402939547297,0.2814786477465885,5.056367383308491e-14,4.3597266287057455,20,4.550730644977642e-13
15,PASSIVE,speed_sd,ECO minus baseline,0.2602295086928661,0.2358419547697612,0.28461706261597103,4.2444105354975225e-15,4.9939883035359856,20,5.517733696146779e-14
15,PASSIVE,acceleration_rms,ECO minus baseline,0.055635557047758424,0.051315421987077045,0.059955692108439804,1.3231558856976745e-16,6.02718244726391,20,1.9833868963496876e-15
15,PASSIVE,stopped_vehicle_s,ECO minus baseline,22.634999999999998,20.048287386238805,25.22171261376119,1.5673656346006455e-13,4.095354865847063,20,2.037575324980839e-12
15,PASSIVE,mean_speed,ECO minus baseline,-0.30166671815740537,-0.34547047011084947,-0.25786296620396126,1.1068665453732312e-11,-3.2231113486611385,20,1.4389265089852005e-10
15,PASSIVE,total_fuel_L,ECO minus baseline,0.05967642689094199,0.049904632049246514,0.06944822173263747,8.854926389959031e-11,2.8581676100539157,20,9.740419028954935e-10
15,PASSIVE,minimum_gap,ECO minus baseline,0.0999993866047495,0.0999993169638025,0.09999945624569649,2.112417890573177e-112,672034.9963602236,20,1.4786925234012237e-111
15,PASSIVE,jerk_rms,ECO minus baseline,0.1027662852217611,0.08376771758586575,0.12176485285765644,6.879310434778388e-10,2.5315646368609017,20,1.0318965652167582e-08
16,COOP,completion,ECO minus baseline,0.0,0.0,0.0,1.0,,20,1.0
16,COOP,fuel_L100,ECO minus baseline,-0.16689471364865427,-0.21414386745428443,-0.1196455598430241,5.30059187422072e-07,-1.6531328934316272,20,2.6502959371103598e-06
16,COOP,speed_sd,ECO minus baseline,-0.1494878594194185,-0.17826169010161175,-0.12071402873722525,1.3428579112148643e-09,-2.4314618573348312,20,1.88000107570081e-08
16,COOP,acceleration_rms,ECO minus baseline,-0.015409369260760353,-0.020754829097867633,-0.010063909423653072,8.362313126120731e-06,-1.3491461965193277,20,4.181156563060366e-05
16,COOP,stopped_vehicle_s,ECO minus baseline,-26.975,-31.606385930080517,-22.343614069919486,1.98457210254383e-10,-2.725898641091622,20,2.579943733306979e-09
16,COOP,mean_speed,ECO minus baseline,0.2094493648012299,0.15046200820794853,0.26843672139451125,4.917458758051556e-07,1.6618022200649332,20,7.86793401288249e-06
16,COOP,total_fuel_L,ECO minus baseline,-0.020662544134954563,-0.03143386451444463,-0.00989122375546449,0.0007403295213726908,-0.897788570736391,20,0.0037016476068634538
16,COOP,minimum_gap,ECO minus baseline,0.10000001824694252,0.10000000912955383,0.10000002736433121,3.5305140975581845e-129,5133207.628903528,20,5.295771146337277e-128
16,COOP,jerk_rms,ECO minus baseline,0.016938322811494357,0.006996182111543993,0.02688046351144472,0.002062514354483556,0.7973513286137757,20,0.026812686608286226
16,PASSIVE,completion,ECO minus baseline,0.0,0.0,0.0,1.0,,20,1.0
16,PASSIVE,fuel_L100,ECO minus baseline,0.24095558210223414,0.21702134096532022,0.26488982323914806,1.230858541874519e-14,4.711688291517059,20,1.8462878128117785e-13
16,PASSIVE,speed_sd,ECO minus baseline,0.261993085659407,0.2395558302591827,0.2844303410596313,8.094034800907001e-16,5.464863517566632,20,1.2950455681451202e-14
16,PASSIVE,acceleration_rms,ECO minus baseline,0.06922587305886421,0.06555256670532722,0.0728991794124012,1.0804156985458791e-19,8.820039160999626,20,1.8367066875279943e-18
16,PASSIVE,stopped_vehicle_s,ECO minus baseline,36.550000000000004,33.48532839320871,39.6146716067913,5.479005543994036e-16,5.581650744158504,20,8.766408870390458e-15
16,PASSIVE,mean_speed,ECO minus baseline,-0.2246403631050698,-0.26051719648769384,-0.18876352972244576,5.769364781242526e-11,-2.9304405178494295,20,4.038555346869768e-10
16,PASSIVE,total_fuel_L,ECO minus baseline,0.055449211685068465,0.049435742808293215,0.061462680561843716,6.083447138639372e-14,4.315484194732565,20,9.733515421822994e-13
16,PASSIVE,minimum_gap,ECO minus baseline,0.09999958878500503,0.09999956102686082,0.09999961654314925,5.429409339015255e-120,1686036.639514998,20,8.687054942424408e-119
16,PASSIVE,jerk_rms,ECO minus baseline,0.11222542700643637,0.09231486900705899,0.13213598500581375,3.4528842411233896e-10,2.637953020065123,20,5.524614785797423e-09
17,COOP,completion,ECO minus baseline,0.0,0.0,0.0,1.0,,20,1.0
17,COOP,fuel_L100,ECO minus baseline,-0.18042743513162493,-0.21891238870302415,-0.1419424815602257,7.131381695781724e-09,-2.1941728160937957,20,9.983934374094413e-08
17,COOP,speed_sd,ECO minus baseline,-0.19998753159313942,-0.24273099244696128,-0.15724407073931757,7.3660859146475005e-09,-2.189739530218204,20,6.62947732318275e-08
17,COOP,acceleration_rms,ECO minus baseline,-0.014464070519655908,-0.01810151800155489,-0.010826623037756927,9.267748602793863e-08,-1.861028485595773,20,9.267748602793863e-07
17,COOP,stopped_vehicle_s,ECO minus baseline,-17.085,-19.865704439225162,-14.30429556077484,7.982142268555851e-11,-2.875539744854153,20,1.1973213402833777e-09
17,COOP,mean_speed,ECO minus baseline,0.2604072927097551,0.18626550263165137,0.33454908278785883,5.747724306635285e-07,1.643801213817299,20,8.621586459952928e-06
17,COOP,total_fuel_L,ECO minus baseline,-0.03503906180834586,-0.051304312952178965,-0.018773810664512756,0.0002403094915202699,-1.0082098068286751,20,0.0016821664406418892
17,COOP,minimum_gap,ECO minus baseline,0.03685102036330999,-0.052328581967492044,0.12603062269411203,0.3978907701420594,0.1933940942832167,20,0.7957815402841188
17,COOP,jerk_rms,ECO minus baseline,0.016725810372170313,0.002647369621170702,0.030804251123169923,0.0223625039325174,0.5560218174493236,20,0.09934150348582395
17,PASSIVE,completion,ECO minus baseline,0.0,0.0,0.0,1.0,,20,1.0
17,PASSIVE,fuel_L100,ECO minus baseline,0.13665332662338478,0.12248329583876884,0.1508233574080007,2.694306208178612e-14,4.513450007066042,20,2.913609271368212e-13
17,PASSIVE,speed_sd,ECO minus baseline,0.18893605913755013,0.16667440809490777,0.21119771018019248,2.717270908036769e-13,3.9720682621069296,20,1.0869083632147076e-12
17,PASSIVE,acceleration_rms,ECO minus baseline,0.04107485163012325,0.03623375277858282,0.04591595048166368,2.7314114307492393e-13,3.9709212503152003,20,2.7314114307492393e-13
17,PASSIVE,stopped_vehicle_s,ECO minus baseline,6.395000000000008,4.024752090920048,8.765247909079967,1.9140391902680446e-05,1.262716915639909,20,7.656156761072179e-05
17,PASSIVE,mean_speed,ECO minus baseline,-0.29461958589907,-0.33495617451420634,-0.25428299728393366,3.939473446622074e-12,-3.4183904823942868,20,6.303157514595319e-11
17,PASSIVE,total_fuel_L,ECO minus baseline,-0.0011807901709232737,-0.011788818454806015,0.00942723811295947,0.8182709996811257,-0.05209514870833842,20,0.8182709996811257
17,PASSIVE,minimum_gap,ECO minus baseline,0.036850834786531915,-0.05232877235234159,0.1260304419254054,0.3978931261975886,0.19339310994990236,20,0.3978931261975886
17,PASSIVE,jerk_rms,ECO minus baseline,0.13545936009912496,0.10973436178612576,0.16118435841212414,1.0751059414691554e-09,2.4644095692235197,20,1.5051483180568176e-08
