condition_id,mode_id,metric,mean_difference,ci_low,ci_high,relative_pct,relative_low,relative_high
2,1,fuel_L100,-0.05001254226463407,-0.06107732056650435,-0.038947763962763796,-0.5822559223660704,-0.7103856146405343,-0.45412623009160646
2,1,jerk_rms,-0.0023573440255396454,-0.00603399091259859,0.001319302861519299,-0.44363652769936596,-1.0848896388972398,0.1976165834985078
2,1,completion,0.0,0.0,0.0,,,
2,1,mean_speed,0.10710443010774959,0.08354293748313175,0.13066592273236743,0.6498870676870545,0.5048955014234758,0.7948786339506332
2,2,fuel_L100,0.008571933543034227,0.004107207236407122,0.013036659849661333,0.10217667803164836,0.04886355292895455,0.15548980313434216
2,2,jerk_rms,-0.001343960566601346,-0.0035665167426328103,0.0008785956094301182,-0.1715550214247197,-0.5612661410464238,0.21815609819698437
2,2,completion,0.0,0.0,0.0,,,
2,2,mean_speed,0.02679580763675009,0.01815275869288793,0.03543885658061226,0.1600334522177223,0.10851742997720078,0.21154947445824385
2,3,fuel_L100,0.002822081467091575,0.0027620629661184106,0.00288209996806474,0.03434452759234305,0.03361810465650407,0.03507095052818203
2,3,jerk_rms,0.0017034486727168507,0.0016529871790369167,0.0017539101663967848,0.3817385977256551,0.36987721860261347,0.39359997684869674
2,3,completion,0.0,0.0,0.0,,,
2,3,mean_speed,-0.006011190086829821,-0.006011204813309276,-0.0060111753603503655,-0.035374713883477016,-0.03549516983529364,-0.03525425793166039
3,1,fuel_L100,0.134538133570942,0.0331301628356009,0.2359461043062831,1.573483957881555,0.3937076373266659,2.7532602784364437
3,1,jerk_rms,0.011237960636621297,-0.011908793872378571,0.034384715145621164,2.398549597140211,-2.0596507442537346,6.856749938534157
3,1,completion,0.0,0.0,0.0,,,
3,1,mean_speed,-0.07447903396332531,-0.3019258396821736,0.152967771755523,-0.44849693481097364,-1.8279621196101599,0.9309682499882125
3,2,fuel_L100,0.19872286706263279,0.16967160781285637,0.2277741263124092,2.3613407968721476,2.018552299012172,2.704129294732123
3,2,jerk_rms,-0.031144477234410006,-0.055841965480092744,-0.0064469889887272674,-4.731315993748879,-9.099252327549161,-0.3633796599485972
3,2,completion,0.0,0.0,0.0,,,
3,2,mean_speed,-0.10865950520572501,-0.15598505204695365,-0.06133395836449637,-0.6481099381081605,-0.9303422020323734,-0.3658776741839477
3,3,fuel_L100,0.009090223736103641,0.008883808002385021,0.009296639469822262,0.11062701103969688,0.10813088451065807,0.1131231375687357
3,3,jerk_rms,0.007979939655003102,0.007876619096199897,0.008083260213806308,1.7881496046057344,1.7615930241122242,1.8147061850992445
3,3,completion,0.0,0.0,0.0,,,
3,3,mean_speed,-0.022447497846895103,-0.022447567961010204,-0.022447427732780002,-0.13209926841333192,-0.13254907399120278,-0.13164946283546106
4,1,fuel_L100,0.7330795384931836,0.5755128471907569,0.8906462297956104,8.574236238031064,6.721382767361763,10.427089708700366
4,1,jerk_rms,0.02434476867130276,0.0029443653126140015,0.04574517202999152,4.583471521985921,0.6414976383706521,8.52544540560119
4,1,completion,-6.249999999999995,-12.031352036476694,-0.4686479635232965,,,
4,1,mean_speed,-1.550810269935215,-2.1271643976244623,-0.974456142245968,-9.364654715688506,-12.84197210071762,-5.887337330659391
4,2,fuel_L100,0.5909893212947638,0.4937908987707754,0.6881877438187521,7.021497817978981,5.87416908375779,8.168826552200171
4,2,jerk_rms,-0.0373918302870228,-0.05989406821916357,-0.014889592354882037,-5.880704195470072,-9.792926244871982,-1.9684821460681623
4,2,completion,0.0,0.0,0.0,,,
4,2,mean_speed,-0.9181045823716701,-1.1978704860571359,-0.6383386786862044,-5.480997881100021,-7.147667489919369,-3.8143282722806724
4,3,fuel_L100,0.01621086447414415,0.015834345395618076,0.016587383552670223,0.19728450801104025,0.19272938157893274,0.20183963444314776
4,3,jerk_rms,0.02154766943773515,0.02139753482384586,0.02169780405162444,4.828262668482903,4.783461345293835,4.873063991671971
4,3,completion,0.0,0.0,0.0,,,
4,3,mean_speed,-0.04630961819009496,-0.04630980555993872,-0.04630943082025119,-0.27252332202429846,-0.27345128232075117,-0.27159536172784576
5,1,fuel_L100,-0.006227428011764946,-0.009749234936800119,-0.002705621086729773,-0.07263350074362677,-0.11382599343483936,-0.03144100805241419
5,1,jerk_rms,0.0007576413166690942,0.0004864428233673102,0.0010288398099708783,0.1395174887332803,0.09023279863227633,0.18880217883428424
5,1,completion,0.0,0.0,0.0,,,
5,1,mean_speed,0.01034664194981918,0.004037370206393593,0.01665591369324477,0.062561834249202,0.02457280584349715,0.10055086265490686
5,2,fuel_L100,-0.000642752530877111,-0.0012972263761233177,1.1721314369095661e-05,-0.00765050904922882,-0.015425373186149375,0.00012435508769173542
5,2,jerk_rms,0.0004931578231791023,0.00033653697519638536,0.0006497786711618192,0.08983403067344439,0.058477188360723076,0.12119087298616571
5,2,completion,0.0,0.0,0.0,,,
5,2,mean_speed,0.001838989552709691,5.045344686856819e-05,0.003627525658550814,0.011001289871418057,0.0003036632882240254,0.02169891645461209
5,3,fuel_L100,0.00016399834755160826,0.00014244644142516233,0.0001855502536780542,0.001996240347633431,0.001733383970268309,0.002259096724998553
5,3,jerk_rms,0.001362966328007803,0.0011227170006559491,0.0016032156553596568,0.30546951969148595,0.2516921229377628,0.3592469164452091
5,3,completion,0.0,0.0,0.0,,,
5,3,mean_speed,-0.00032462573095468625,-0.0003799735658863339,-0.0002692778960230386,-0.0019111642547730845,-0.0022369586168832323,-0.0015853698926629367
6,1,fuel_L100,-0.009514958528690975,-0.013214583583743264,-0.005815333473638686,-0.11093011649708813,-0.15424601883814287,-0.06761421415603339
6,1,jerk_rms,0.0018032863675429916,0.0013660346082514912,0.002240538126834492,0.329935777093494,0.249890974965068,0.40998057922191994
6,1,completion,0.0,0.0,0.0,,,
6,1,mean_speed,0.019327584931539476,0.01231358873616423,0.02634158112691472,0.11717383544608229,0.07469886741252574,0.15964880347963883
6,2,fuel_L100,-0.0009144132003854998,-0.0017479914826929203,-8.08349180780795e-05,-0.010820474797780703,-0.02068729538177662,-0.0009536542137847867
6,2,jerk_rms,0.001110147615157503,0.000818473581768696,0.00140182164854631,0.19801468578115355,0.1435882154823735,0.2524411560799336
6,2,completion,0.0,0.0,0.0,,,
6,2,mean_speed,0.0029612114100096678,0.000717246954831692,0.005205175865187643,0.017685113126189554,0.004284423430350511,0.031085802822028597
6,3,fuel_L100,0.0003361849463481725,0.0002917811389641966,0.00038058875373214843,0.0040922358445187644,0.0035502510372334034,0.004634220651804126
6,3,jerk_rms,0.00286143656431386,0.002505434945362718,0.003217438183265002,0.6413504578564672,0.5614154886195994,0.7212854270933349
6,3,completion,0.0,0.0,0.0,,,
6,3,mean_speed,-0.0006960180365249257,-0.0008201572661069578,-0.0005718788069428936,-0.0040953211685791965,-0.004824044824242164,-0.0033665975129162297
7,1,fuel_L100,-0.018480750553138848,-0.024284770510450027,-0.01267673059582767,-0.2157521686532387,-0.28396742133191366,-0.14753691597456378
7,1,jerk_rms,0.0038769006289423565,0.003249966250133824,0.004503835007750889,0.7089391403499332,0.5916811632047809,0.8261971174950855
7,1,completion,0.0,0.0,0.0,,,
7,1,mean_speed,0.035417969187459875,0.024314938053116592,0.04652100032180316,0.21469376599579854,0.1472663242238887,0.2821212077677084
7,2,fuel_L100,-0.0011583731403652208,-0.003190645072758129,0.0008738987920276877,-0.013725391917460856,-0.03777022246280108,0.010319438627879372
7,2,jerk_rms,0.002391108562321395,0.0019275207918148592,0.002854696332827931,0.42647696488168024,0.3321786011335056,0.5207753286298549
7,2,completion,0.0,0.0,0.0,,,
7,2,mean_speed,0.006209565116255078,0.002116767179845337,0.010302363052664819,0.037121175964598144,0.012660814395942206,0.061581537533254085
7,3,fuel_L100,0.0007905711467671494,0.0007050398579050366,0.0008761024356292623,0.009622284749709916,0.008578896316343732,0.0106656731830761
7,3,jerk_rms,0.005938135849221105,0.005436458492661608,0.006439813205780602,1.3312331226535743,1.2168049396058689,1.4456613057012797
7,3,completion,0.0,0.0,0.0,,,
7,3,mean_speed,-0.0017329368538952395,-0.001980135755656768,-0.001485737952133711,-0.010198555146167512,-0.011654982130038478,-0.008742128162296546
8,1,fuel_L100,-0.0010258616005173415,-0.0035069723715979756,0.0014552491705632927,-0.011905861786695953,-0.04082229251722718,0.017010568943835278
8,1,jerk_rms,0.11740434093327576,0.11345559596045089,0.12135308590610062,21.507869848330365,20.21797980298061,22.79775989368012
8,1,completion,0.0,0.0,0.0,,,
8,1,mean_speed,0.003500090656459598,-0.0009707348983765507,0.007970916211295746,0.021198249241143607,-0.005936401198843078,0.04833289968113029
8,2,fuel_L100,0.0012485993322577827,0.00047468828138053564,0.0020225103831350297,0.014867390169943314,0.005671481264919075,0.024063299074967553
8,2,jerk_rms,0.07831438755291997,0.07460705948283237,0.08202171562300757,13.851379736617508,12.429649348733633,15.273110124501383
8,2,completion,0.0,0.0,0.0,,,
8,2,mean_speed,4.771261341467437e-05,-0.0019602983267336758,0.002055723553563024,0.00029389365460206416,-0.011690052308641974,0.012277839617846101
8,3,fuel_L100,0.0007086889085758053,0.0002874145237601675,0.001129963293391443,0.008626548775678727,0.0034976314253686823,0.013755466125988772
8,3,jerk_rms,0.12571233803479245,0.1243363995411751,0.1270882765284098,28.168828262117096,27.815967743502988,28.521688780731203
8,3,completion,0.0,0.0,0.0,,,
8,3,mean_speed,0.0006329868880898815,-0.00030448401544370973,0.0015704577916234726,0.0037378633918704303,-0.0017691944732914988,0.00924492125703236
9,1,fuel_L100,0.15749286668509227,0.14624765789404376,0.16873807547614078,1.8405567034674384,1.7029022741152868,1.97821113281959
9,1,jerk_rms,1.3807297429635779,1.329658205725533,1.4318012802016227,252.84638693191943,237.48937510293135,268.20339876090753
9,1,completion,0.0,0.0,0.0,,,
9,1,mean_speed,-0.05317129590580531,-0.05978101929975285,-0.046561572511857774,-0.32177744948992276,-0.36218041644982407,-0.28137448253002145
9,2,fuel_L100,0.1609118256894269,0.14979082306799102,0.1720328283108628,1.914185263310794,1.7797157727384618,2.0486547538831266
9,2,jerk_rms,1.3985452477596894,1.344809426382348,1.4522810691370307,246.27343302205927,225.29255660471932,267.2543094393992
9,2,completion,0.0,0.0,0.0,,,
9,2,mean_speed,-0.04880295603376048,-0.05344723252026491,-0.04415867954725605,-0.2916322691501251,-0.3193357822718386,-0.26392875602841154
9,3,fuel_L100,0.15711177030892606,0.14753403648479996,0.16668950413305217,1.91226764182667,1.7951326062434325,2.0294026774099074
9,3,jerk_rms,1.5304325871506042,1.4850999024134037,1.5757652718878046,342.92443954479603,332.6049615050719,353.24391758452015
9,3,completion,0.0,0.0,0.0,,,
9,3,mean_speed,-0.05039444601544503,-0.055316053701394294,-0.045472838329495766,-0.2962553709306743,-0.324445979827927,-0.26806476203342156
10,1,fuel_L100,0.16989995491932924,0.07128892452611586,0.26851098531254264,1.985169608976769,0.839979970746791,3.130359247206747
10,1,jerk_rms,0.1190211020332796,0.09747165397933706,0.14057055008722216,22.103641507697734,17.506899061829913,26.700383953565556
10,1,completion,0.0,0.0,0.0,,,
10,1,mean_speed,-0.13232254060313026,-0.3664075532476926,0.10176247204143207,-0.7973476052816195,-2.2179911291618533,0.623295918598614
10,2,fuel_L100,0.21815814735423542,0.19240681567894918,0.24390947902952165,2.5926817628536853,2.2899126126117575,2.895450913095613
10,2,jerk_rms,0.0421912522924114,0.014687215605268093,0.06969528897955471,8.285172712203991,2.7273944203556537,13.842951004052328
10,2,completion,0.0,0.0,0.0,,,
10,2,mean_speed,-0.12561143132046074,-0.16807977443247518,-0.08314308820844628,-0.7496323457938432,-1.0025768933110828,-0.4966877982766036
10,3,fuel_L100,0.010194057960385638,0.009742506098103274,0.010645609822668003,0.12406134177583164,0.11856992681370707,0.12955275673795622
10,3,jerk_rms,0.1347640217859542,0.1333497593651253,0.1361782842067831,30.196768259848568,29.836089936012723,30.557446583684413
10,3,completion,0.0,0.0,0.0,,,
10,3,mean_speed,-0.023531203211689798,-0.024599519417177293,-0.022462887006202303,-0.1384518178440014,-0.14462093637377832,-0.13228269931422448
11,1,fuel_L100,-0.059219826434542974,-0.08570897407585747,-0.03273067879322848,-0.693002287667331,-1.003520728284824,-0.38248384704983784
11,1,jerk_rms,-0.004847316560782744,-0.012862329361798855,0.0031676962402333673,-0.820429891051386,-2.17368749790416,0.532827715801388
11,1,completion,0.0,0.0,0.0,,,
11,1,mean_speed,-0.17609544412108988,-0.2685965079565246,-0.08359438028565512,-1.0620665423003826,-1.6190653880453354,-0.5050676965554298
11,2,fuel_L100,-0.05530131064244426,-0.07949739270593154,-0.031105228578956975,-0.6585999476394729,-0.9472999025678501,-0.3698999927110958
11,2,jerk_rms,0.00014968821897789754,-0.003067226204045247,0.0033666026420010424,0.030643846199028324,-0.5005510684212224,0.561838760819279
11,2,completion,0.0,0.0,0.0,,,
11,2,mean_speed,-0.1898254656394956,-0.29470043306121485,-0.08495049821777635,-1.1350878888834468,-1.7624302287550708,-0.5077455490118228
11,3,fuel_L100,-0.07532585830947643,-0.10737204285012136,-0.04327967376883148,-0.9172294084302098,-1.3076719662888892,-0.5267868505715305
11,3,jerk_rms,0.0006117281429544097,0.00025196273938599915,0.0009714935465228202,0.1369688019535151,0.056424088206155854,0.21751351570087435
11,3,completion,0.0,0.0,0.0,,,
11,3,mean_speed,-0.20023748696808016,-0.31596906375897343,-0.08450591017718691,-1.1810123287006407,-1.8644672119410235,-0.4975574454602578
12,1,fuel_L100,-0.16384800958909987,-0.21622944020582574,-0.11146657897237398,-1.9190917736592783,-2.538668339957341,-1.2995152073612157
12,1,jerk_rms,-0.007723469442479447,-0.01853089639722722,0.003083957512268325,-1.2586722893556266,-3.084624377951103,0.56727979923985
12,1,completion,0.0,0.0,0.0,,,
12,1,mean_speed,-0.6136895288464556,-0.8328018303590088,-0.3945772273339023,-3.7049329006888647,-5.024234692691373,-2.3856311086863564
12,2,fuel_L100,-0.17197741205320555,-0.22472048544651532,-0.11923433865989577,-2.047672798531728,-2.6779018078062515,-1.417443789257204
12,2,jerk_rms,0.0018051329442695468,-0.0023223985740189793,0.005932664462558072,0.3454727722093768,-0.34857896172505376,1.0395245061438074
12,2,completion,0.0,0.0,0.0,,,
12,2,mean_speed,-0.6521850147509703,-0.8856593628039569,-0.41871066669798385,-3.899364659353149,-5.296360028462158,-2.5023692902441397
12,3,fuel_L100,-0.22995247173365274,-0.29395957669360395,-0.16594536677370153,-2.7997938089663212,-3.579678951733764,-2.0199086661988783
12,3,jerk_rms,0.002302825609648451,0.0014801044663819193,0.003125546752914983,0.5158445653124817,0.33147508729318714,0.7002140433317763
12,3,completion,0.0,0.0,0.0,,,
12,3,mean_speed,-0.71920737244434,-0.9791134301737208,-0.4593013147149592,-4.23933741120228,-5.775590409640625,-2.7030844127639355
13,1,fuel_L100,-0.10485499017999374,-0.1561458004074955,-0.053564179952491964,-1.223547720754459,-1.8213035520603462,-0.6257918894485717
13,1,jerk_rms,0.032647352354343656,0.02016806394235796,0.04512664076632936,6.057746724926581,3.683281102525817,8.432212347327344
13,1,completion,0.0,0.0,0.0,,,
13,1,mean_speed,-0.03558194128175494,-0.13742927784282274,0.06626539527931288,-0.21168549920609658,-0.8261067970325034,0.4027357986203103
13,2,fuel_L100,-0.09578121786343204,-0.1427046891468808,-0.048857746579983256,-1.1422221589933688,-1.703074240000717,-0.5813700779860206
13,2,jerk_rms,0.0291359917010826,0.02224715836142199,0.03602482504074322,5.275014574219216,3.8348513139114746,6.715177834526957
13,2,completion,0.0,0.0,0.0,,,
13,2,mean_speed,-0.05963536779795522,-0.16423902027579082,0.04496828467988039,-0.35641977512686634,-0.981846203415619,0.2690066531618864
13,3,fuel_L100,-0.15119440141348378,-0.19371716508107695,-0.10867163774589063,-1.8410247232912957,-2.3594719163798277,-1.3225775302027638
13,3,jerk_rms,0.032356318089465264,0.027622432580174765,0.03709020359875576,7.253271394976927,6.185976085528857,8.320566704424998
13,3,completion,0.0,0.0,0.0,,,
13,3,mean_speed,-0.10860677510531005,-0.2251729729074553,0.00795942269683518,-0.6405258434174981,-1.3281161871515923,0.04706450031659615
14,1,fuel_L100,-0.10550677645174585,-0.11949757245783214,-0.09151598044565955,-1.2294739682122564,-1.3895550355447213,-1.0693929008797916
14,1,jerk_rms,0.059047552687086294,0.042801979185566864,0.07529312618860573,10.927566737240022,7.882312019097889,13.972821455382157
14,1,completion,0.0,0.0,0.0,,,
14,1,mean_speed,0.16284720423270968,0.14262154345581,0.18307286500960937,0.9860049436767693,0.8619397523296471,1.1100701350238915
14,2,fuel_L100,-0.08129728884491225,-0.09287311883159755,-0.06972145885822695,-0.9650106499357143,-1.0997780908678463,-0.8302432090035823
14,2,jerk_rms,0.00014974632255956578,-0.02617642421549715,0.026475916860616282,0.9335559030106266,-4.23293496137633,6.100046767397583
14,2,completion,0.0,0.0,0.0,,,
14,2,mean_speed,0.18741057926067944,0.1624629595352706,0.2123581989860883,1.1197001850811639,0.9714768132637938,1.267923556898534
14,3,fuel_L100,-0.03507089443022515,-0.03982166198235047,-0.030320126878099835,-0.4268881538909999,-0.4847652495536125,-0.36901105822838726
14,3,jerk_rms,-0.0012132541078089033,-0.0012917238223737059,-0.0011347843932441007,-0.2717951885567224,-0.28921288024637937,-0.25437749686706546
14,3,completion,0.0,0.0,0.0,,,
14,3,mean_speed,0.06615728728404982,0.06382785842265735,0.06848671614544229,0.38931718308696445,0.37562947474143843,0.40300489143249046
15,1,fuel_L100,0.0659625037866868,0.04223022422088041,0.0896947833524932,0.7735937065409816,0.4920086969190637,1.0551787161628994
15,1,jerk_rms,-0.005851247715419694,-0.011985776193984133,0.0002832807631447439,-1.0035927758830625,-2.101685802617597,0.09450025085147207
15,1,completion,0.0,0.0,0.0,,,
15,1,mean_speed,-0.07131466516289038,-0.1034805311183803,-0.039148799207400456,-0.42999366789522664,-0.6231561863465129,-0.23683114944394032
15,2,fuel_L100,0.0629391019352532,0.049683833824930614,0.0761943700455758,0.7482423821417257,0.5904290836964952,0.9060556805869562
15,2,jerk_rms,-0.026891377462834997,-0.03961755180058402,-0.014165203125085978,-4.317138995760091,-6.450897031678074,-2.1833809598421086
15,2,completion,0.0,0.0,0.0,,,
15,2,mean_speed,-0.1042369045660152,-0.1202494035353765,-0.0882244055966539,-0.6230294162521633,-0.7189069439345205,-0.5271518885698062
15,3,fuel_L100,0.00192070829690838,0.0006650982466590196,0.00317631834715774,0.023395349228917332,0.008123155387293938,0.038667543070540725
15,3,jerk_rms,0.0012563244889168047,0.0012122266882266457,0.0013004222896069637,0.2814671029957224,0.2717263443174615,0.2912078616739833
15,3,completion,0.0,0.0,0.0,,,
15,3,mean_speed,-0.06397165969853465,-0.06575648474508107,-0.06218683465198822,-0.37652345779753665,-0.38759984598902153,-0.3654470696060518
16,1,fuel_L100,-0.546188382887425,-0.5872305605328642,-0.5051462052419858,-6.3736581816493,-6.846977294603998,-5.900339068694602
16,1,jerk_rms,-0.08272341067752384,-0.08880192548770718,-0.0766448958673405,-15.05674913492235,-16.107267174728566,-14.006231095116135
16,1,completion,0.0,0.0,0.0,,,
16,1,mean_speed,-2.915283212775655,-2.9608768940660375,-2.8696895314852724,-17.63338979380066,-17.897015990065093,-17.369763597536227
16,2,fuel_L100,-0.5568147347245105,-0.5707164133099256,-0.5429130561390954,-6.620342158700302,-6.780877942553726,-6.4598063748468775
16,2,jerk_rms,-0.09314322680470744,-0.10483195504617773,-0.08145449856323714,-15.961178398241747,-17.511276223841662,-14.411080572641835
16,2,completion,0.0,0.0,0.0,,,
16,2,mean_speed,-2.9055984287590904,-2.920672255024993,-2.890524602493188,-17.36505486038775,-17.44465857661361,-17.285451144161893
16,3,fuel_L100,-0.6045973718940587,-0.6100064056393811,-0.5991883381487363,-7.357783670214301,-7.418265826821714,-7.297301513606889
16,3,jerk_rms,-0.0744546666376309,-0.077756154530213,-0.07115317874504878,-16.678879028668515,-17.40425518173165,-15.95350287560538
16,3,completion,0.0,0.0,0.0,,,
16,3,mean_speed,-2.9423595389439448,-2.95523935612915,-2.9294797217587396,-17.31421932559213,-17.34841329354589,-17.280025357638372
17,1,fuel_L100,0.9263847571015003,0.9160066788587495,0.936762835344251,10.816820881995486,10.664242072464047,10.969399691526926
17,1,jerk_rms,0.058962118108723385,0.051716262816865435,0.06620797340058134,10.717308732932494,9.450728766293212,11.983888699571777
17,1,completion,0.0,0.0,0.0,,,
17,1,mean_speed,2.7211630413933094,2.7036745374295905,2.7386515453570284,16.46112552705167,16.318146103224805,16.604104950878536
17,2,fuel_L100,0.9022256837814441,0.8941084455143894,0.9103429220484988,10.728954852015063,10.612815985651446,10.84509371837868
17,2,jerk_rms,0.04832978954221574,0.04355495837168884,0.05310462071274265,8.525026444786073,7.443768390525914,9.606284499046232
17,2,completion,0.0,0.0,0.0,,,
17,2,mean_speed,2.7818057533183995,2.7569323517633255,2.8066791548734735,16.62512640225071,16.48464090660615,16.765611897895273
17,3,fuel_L100,0.958745302090745,0.953390747447869,0.9640998567336211,11.66783068276337,11.60891522610481,11.72674613942193
17,3,jerk_rms,0.04378441661660369,0.04236250872658269,0.04520632450662469,9.810931172963636,9.48708687433743,10.134775471589842
17,3,completion,0.0,0.0,0.0,,,
17,3,mean_speed,2.8150238659275453,2.7991108370104505,2.83093689484464,16.564728961043834,16.5084699615739,16.620987960513766
