baseline,density,spacing,penetration,metric,n,baseline_mean,ECO_mean,effect,ci95_low,ci95_high,p_t,p_wilcoxon_exact,dz_effect,raw_difference,raw_ci95_low,raw_ci95_high,dz_raw,t_statistic,p_t_holm,p_wilcoxon_holm
1,25,40,0,1,20,7.30508639,7.30834836467374,-0.0446531123469338,-0.0462762423068336,-0.0430299823870341,8.65717733083781e-23,1.9073486328125e-06,-12.8753090548235,-0.00326197467373399,-0.00338071473408643,-0.00314323461338156,-12.8570857733535,-57.580132555808,1.55275099897327e-21,4.76837158203125e-05
1,25,40,0,2,20,6.79389175,6.79351769898735,0.00550582063918966,0.0051619257914633,0.00584971548691601,2.29528656731021e-18,1.9073486328125e-06,7.49299791881542,0.000374051012655041,0.000350720232535833,0.000397381792774249,7.50344659561527,33.5097054034715,4.59057313462042e-17,4.76837158203125e-05
1,25,40,0,3,20,0.4458947785,0.448655497341832,-0.619131470543173,-0.624284237246687,-0.613978703839659,6.22321315223383e-35,1.9073486328125e-06,-56.2343425105142,-0.00276071884183186,-0.00278511496057223,-0.00273632272309148,-52.9615470314194,-251.487625047032,1.24464263044677e-33,4.76837158203125e-05
1,25,40,0,4,20,351.78,347.035,4.745,4.66987944821127,4.82012055178873,1.25014373606377e-29,1.9073486328125e-06,29.562194440586,4.745,4.66987944821127,4.82012055178873,29.562194440586,132.206152666433,2.75031621933999e-28,4.76837158203125e-05
1,25,40,0,5,20,16.7985956,16.7884541311865,-0.060370935138719,-0.0603774047456497,-0.0603644655317883,7.60764404620841e-71,1.9073486328125e-06,-4367.2618254497,-0.0101414688134797,-0.0101418134955951,-0.0101411241313644,-13770.2343559481,-19530.9886344907,1.9019110115521e-69,4.76837158203125e-05
1,25,40,0,6,20,4.191012435,4.19052795863044,0.0115603927269461,0.00993667426583804,0.0131841111880542,6.17844998154535e-12,1.9073486328125e-06,3.3321234374527,0.000484476369560394,0.000416461490292088,0.000552491248828699,3.33371054927309,14.901709031129,9.26767497231802e-11,4.76837158203125e-05
1,25,40,0.25,1,20,7.504167165,7.32812375043981,2.33756219782248,1.90585204517668,2.76927235046829,6.76384886791327e-10,1.9073486328125e-06,2.53413726264881,0.176043414560191,0.142585113254561,0.20950171586582,2.4624936399763,11.333006367196,7.4402337547046e-09,4.76837158203125e-05
1,25,40,0.25,2,20,6.923470785,6.83342015092818,1.29684557129321,1.05968428750401,1.53400685508241,5.73961370059265e-10,1.9073486328125e-06,2.5591968493752,0.0900506340718209,0.0732839501538103,0.106817317989832,2.51361534928137,11.4450762460125,6.31357507065191e-09,4.76837158203125e-05
1,25,40,0.25,3,20,0.514533802,0.44771427282945,12.7945890489725,10.8281896935523,14.7609884043928,2.9733779523777e-11,1.9073486328125e-06,3.04518610761133,0.0668195291705504,0.0550550056385304,0.0785840527025704,2.65820389554222,13.6184862815138,2.9733779523777e-10,4.76837158203125e-05
1,25,40,0.25,4,20,362.625,336.715,25.91,20.8932665516651,30.9267334483349,1.47996177244576e-09,1.9073486328125e-06,2.41716116577111,25.91,20.8932665516651,30.9267334483349,2.41716116577111,10.8098733584737,1.33196559520118e-08,4.76837158203125e-05
1,25,40,0.25,5,20,16.9599781,17.0595055567441,0.587417194047829,0.465272025446613,0.709562362649045,4.7355235327302e-09,1.9073486328125e-06,2.2507620443893,0.0995274567440854,0.0789804516854478,0.120074461802723,2.2670108591318,10.0657138648618,5.68262823927624e-08,4.76837158203125e-05
1,25,40,0.25,6,20,4.346551035,4.26977885838069,1.76027327370658,1.38307510030958,2.13747144710358,7.67713352276934e-09,1.9073486328125e-06,2.18408600421176,0.0767721766193067,0.0600080107197965,0.0935363425188168,2.14329092693481,9.76752954824676,6.90942017049241e-08,4.76837158203125e-05
1,25,40,0.5,1,20,7.61235511,7.34910578056899,3.44390412165159,2.89405829784271,3.99374994546047,5.73827990287065e-11,1.9073486328125e-06,2.9313612534086,0.263249329431005,0.219756970928961,0.306741687933048,2.83278449128724,13.1094460584612,8.0335918640189e-10,4.76837158203125e-05
1,25,40,0.5,2,20,7.007169995,6.87482695485088,1.88556012263743,1.60768494372835,2.16343530154651,1.43317858062353e-11,1.9073486328125e-06,3.17577591863276,0.132343040149124,0.112328140693958,0.152357939604291,3.09461706355026,14.2025016707394,1.86313215481059e-10,4.76837158203125e-05
1,25,40,0.5,3,20,0.5458678005,0.446600422164857,18.0232455963803,16.2343613387332,19.8121298540274,1.21372542878252e-14,1.9073486328125e-06,4.71530707114897,0.0992673783351426,0.0876492722387586,0.110885484431527,3.99880692799346,21.0874942917491,1.57784305741727e-13,4.76837158203125e-05
1,25,40,0.5,4,20,362.915,324.715,38.2,34.8413647923964,41.5586352076036,1.31401528760339e-15,1.9073486328125e-06,5.32304022918796,38.2,34.8413647923964,41.5586352076036,5.32304022918796,23.8053595988607,1.97102293140509e-14,4.76837158203125e-05
1,25,40,0.5,5,20,17.1875549,17.3698380456453,1.06194295448978,0.869902647488671,1.25398326149089,4.7589210868561e-10,1.9073486328125e-06,2.58802232332652,0.182283145645295,0.149650830565497,0.214915460725092,2.61431461423814,11.5739876844901,6.18659741291294e-09,4.76837158203125e-05
1,25,40,0.5,6,20,4.46836043,4.35997238904016,2.41611286574275,1.97210760867437,2.86011812281113,6.22590056929509e-10,1.9073486328125e-06,2.54676180225942,0.10838804095984,0.0879841291044254,0.128791952815255,2.48614898026896,11.3894650247039,7.47108068315411e-09,4.76837158203125e-05
1,25,40,0.75,1,20,7.75698517,7.38373139669635,4.80577007518713,4.44899958483876,5.1625405655355,5.74605696983429e-17,1.9073486328125e-06,6.30424794083476,0.373253773303652,0.344044591132564,0.40246295547474,5.98059001219186,28.1934538854392,9.19369115173486e-16,4.76837158203125e-05
1,25,40,0.75,2,20,7.09011193,6.93668313938945,2.16566151731068,1.9305981924945,2.40072484212686,6.17670235162746e-14,1.9073486328125e-06,4.31186273028012,0.153428790610555,0.137056633477771,0.169800947743339,4.38591468326054,19.2832363491084,9.26505352744119e-13,4.76837158203125e-05
1,25,40,0.75,3,20,0.5742323545,0.444573595438256,22.5349520113504,21.6205939464619,23.4493100762389,6.90679032933368e-22,1.9073486328125e-06,11.5345208778571,0.129658759061744,0.122976715672323,0.136340802451165,9.08137879731483,51.5839455415582,1.17415435598673e-20,4.76837158203125e-05
1,25,40,0.75,4,20,353.905,304.135,49.77,47.5141031042117,52.0258968957883,5.57343137338004e-21,1.9073486328125e-06,10.3254173765686,49.77,47.5141031042117,52.0258968957883,10.3254173765686,46.1766703001298,1.00321764720841e-19,4.76837158203125e-05
1,25,40,0.75,5,20,17.6103703,17.9079504027498,1.69176951679393,1.44623247956437,1.93730655402348,1.09763236479147e-11,1.9073486328125e-06,3.22465610538985,0.297580102749815,0.254872553178802,0.340287652320827,3.26105750739124,14.4211005114229,1.6464485471872e-10,4.76837158203125e-05
1,25,40,0.75,6,20,4.665407525,4.51635240887736,3.19060067218898,2.86392788202218,3.51727346235578,2.13867828687345e-14,1.9073486328125e-06,4.57107884300701,0.149055116122643,0.133316844759834,0.164793387485452,4.4325034235234,20.4424860469495,4.06348874505956e-13,4.76837158203125e-05
1,25,40,1,1,20,7.97909981,7.45473898394178,6.57151102057574,6.5075031827219,6.63551885842958,1.23445272460097e-33,1.9073486328125e-06,48.0497691017126,0.524360826058225,0.518928068220868,0.529793583895582,45.1719785980549,214.885100029197,2.96268653904234e-32,4.76837158203125e-05
1,25,40,1,2,20,7.14417765,7.01006479791907,1.87723299606283,1.85232919646713,1.90213679565854,4.36017192983214e-31,1.9073486328125e-06,35.2786362172512,0.134112852080933,0.132333795548733,0.135891908613133,35.2809175672107,157.770857470519,1.00283954386139e-29,4.76837158203125e-05
1,25,40,1,3,20,0.5970014825,0.442124231275274,25.9417613754548,25.796600235776,26.0869225151336,3.30319508183634e-38,1.9073486328125e-06,83.6389000423108,0.154877251224726,0.153811544011318,0.155942958438134,68.0156649855717,374.044532115834,7.92766819640721e-37,4.76837158203125e-05
1,25,40,1,4,20,335.37,281.755,53.615,53.1785246463803,54.0514753536197,4.09228731437263e-35,1.9073486328125e-06,57.489139288417,53.615,53.1785246463803,54.0514753536197,57.489139288417,257.099246833709,9.82148955449431e-34,4.76837158203125e-05
1,25,40,1,5,20,18.06533445,18.5263534404835,2.55201267969267,2.51366724770427,2.59035811168108,4.63703285475648e-30,1.9073486328125e-06,31.1478744019257,0.46101899048345,0.454255547541088,0.467782433425813,31.9014340799719,139.297529034663,9.73776899498861e-29,4.76837158203125e-05
1,25,40,1,6,20,4.923192725,4.71737659994288,4.18048384867981,4.13469956721262,4.226268130147,1.14436391701253e-32,1.9073486328125e-06,42.7335890023781,0.20581612505712,0.203500290780979,0.208131959333262,41.5940434912074,191.11041986371,2.86090979253132e-31,4.76837158203125e-05
1,29.4117647058824,34,0,1,20,7.250878015,7.26999430376379,-0.263638213147824,-0.266744602330656,-0.260531823964992,4.58815227447321e-32,1.9073486328125e-06,-39.7202264667656,-0.019116288763792,-0.0193456341805049,-0.0188869433470791,-39.0097114952911,-177.634252922748,1.00939350038411e-30,4.76837158203125e-05
1,29.4117647058824,34,0,2,20,6.262431735,6.26335072302528,-0.0146745364656213,-0.0155469939456516,-0.0138020789855909,9.11871466346361e-19,1.9073486328125e-06,-7.87189591543929,-0.00091898802527548,-0.000973635694392372,-0.000864340356158589,-7.87041134794485,-35.2041887574504,1.91493007932736e-17,4.76837158203125e-05
1,29.4117647058824,34,0,3,20,0.4601644245,0.463269786572397,-0.674820531390928,-0.682696299613229,-0.666944763168626,3.82796576007061e-32,1.9073486328125e-06,-40.100942730206,-0.0031053620723971,-0.00314355358702745,-0.00306717055776676,-38.0543741482612,-179.336867813133,7.27313494413415e-31,4.76837158203125e-05
1,29.4117647058824,34,0,4,20,288.06,283.315,4.745,4.66987944821127,4.82012055178873,1.25014373606363e-29,1.9073486328125e-06,29.5621944405861,4.745,4.66987944821127,4.82012055178873,29.5621944405861,132.206152666434,2.75031621933999e-28,4.76837158203125e-05
1,29.4117647058824,34,0,5,20,16.79170895,16.7833618045386,-0.0497100503083688,-0.050262988862867,-0.0491571117538707,1.53678547908301e-32,1.9073486328125e-06,-42.0752351213611,-0.00834714546144006,-0.00843955285755468,-0.00825473806532544,-42.2756672376203,-188.1661718013,3.38092805398262e-31,4.76837158203125e-05
1,29.4117647058824,34,0,6,20,4.158308705,4.167365978775,-0.217809807520171,-0.220850813984036,-0.214768801056305,1.15037178880694e-30,1.9073486328125e-06,-33.5211808952939,-0.00905727377499996,-0.00918489979152134,-0.00892964775847858,-33.2137186846943,-149.911278335889,2.76089229313666e-29,4.76837158203125e-05
1,29.4117647058824,34,0.25,1,20,7.513488575,7.29995639273783,2.82622588245873,2.22454329922581,3.42790846569165,6.91690504639998e-09,1.9073486328125e-06,2.19835917749259,0.213532182262168,0.166420735733957,0.260643628790379,2.12127083538254,9.83136111966792,6.91690504639998e-08,4.76837158203125e-05
1,29.4117647058824,34,0.25,2,20,6.462716,6.31301254005076,2.31144159048782,1.96799323597317,2.65488994500247,1.65390357121276e-11,1.9073486328125e-06,3.14978351104705,0.149703459949235,0.126750574368431,0.172656345530039,3.05248661221686,14.0862600902183,1.98468428545531e-10,4.76837158203125e-05
1,29.4117647058824,34,0.25,3,20,0.5204187105,0.460441839089605,11.3873075130129,9.74876010479677,13.025854921229,9.44185645072538e-12,1.9073486328125e-06,3.25252961232654,0.0599768714103952,0.0497288740583829,0.0702248687624075,2.73907563671922,14.5457546239863,1.03860420957979e-10,4.76837158203125e-05
1,29.4117647058824,34,0.25,4,20,307.2,277.255,29.945,25.6762280128321,34.2137719871679,8.0155539592779e-12,1.9073486328125e-06,3.28307331531718,29.945,25.6762280128321,34.2137719871679,3.28307331531718,14.6823502163296,8.81710935520569e-11,4.76837158203125e-05
1,29.4117647058824,34,0.25,5,20,16.9031392,17.0245142391754,0.719583441942595,0.524310014617409,0.914856869267781,2.87216462012056e-07,1.9073486328125e-06,1.72463515422167,0.121375039175404,0.0888509584399257,0.153899119910883,1.74656026025375,7.71280288245098,2.87216462012056e-06,4.76837158203125e-05
1,29.4117647058824,34,0.25,6,20,4.337250035,4.24471246651737,2.12604566741873,1.67561940310953,2.57647193172793,6.39856293004653e-09,1.9073486328125e-06,2.20906301408654,0.092537568482632,0.0725287330916807,0.112546403873583,2.16448955367625,9.87923013215615,6.39856293004653e-08,4.76837158203125e-05
1,29.4117647058824,34,0.5,1,20,7.653413725,7.34009461182319,4.07333491849769,3.39202450031841,4.75464533667697,1.27262115880934e-10,1.9073486328125e-06,2.79810696147111,0.313319113176812,0.258650309201795,0.367987917151828,2.68229498564621,12.5135147483296,1.52714539057121e-09,4.76837158203125e-05
1,29.4117647058824,34,0.5,2,20,6.621774335,6.37179124610609,3.75639088478133,3.01986251949164,4.49291925007102,1.82010549619945e-09,1.9073486328125e-06,2.3869346152482,0.249983088893913,0.1984534126165,0.301512765171327,2.27045258995706,10.6746961150846,1.6380949465795e-08,4.76837158203125e-05
1,29.4117647058824,34,0.5,3,20,0.553301678,0.457997231497733,17.0937072776078,15.5324917604446,18.6549227947711,2.64573825578729e-15,1.9073486328125e-06,5.12427731924023,0.0953044465022671,0.0847207735776138,0.10588811942692,4.21440215287064,22.9164648427631,3.70403355810221e-14,4.76837158203125e-05
1,29.4117647058824,34,0.5,4,20,319.395,270.055,49.34,43.3029406876921,55.3770593123079,5.34527671166347e-13,1.9073486328125e-06,3.8250130764296,49.34,43.3029406876921,55.3770593123079,3.8250130764296,17.1059785074444,6.41433205399617e-12,4.76837158203125e-05
1,29.4117647058824,34,0.5,5,20,17.0691429,17.3123947397089,1.4299014948312,1.10707993222823,1.75272305743417,1.75654089610443e-08,1.9073486328125e-06,2.07301672771293,0.243251839708901,0.189460563806667,0.297043115611134,2.11642805385078,9.27081264332056,1.93219498571487e-07,4.76837158203125e-05
1,29.4117647058824,34,0.5,6,20,4.46122925,4.34029027735103,2.70376676440179,2.26882023833019,3.13871329047338,6.53272731889962e-11,1.9073486328125e-06,2.90932728850238,0.12093897264897,0.101010551232032,0.140867394065909,2.8402240354689,13.0109071717729,8.49254551456951e-10,4.76837158203125e-05
1,29.4117647058824,34,0.75,1,20,7.823375515,7.39880563956962,5.41569714062658,4.92418551363942,5.90720876761375,2.35546164307792e-15,1.9073486328125e-06,5.15679414982913,0.42456987543038,0.38385843524626,0.4652813156145,4.88081034064803,23.0618845299824,3.53319246461688e-14,4.76837158203125e-05
1,29.4117647058824,34,0.75,2,20,6.789908665,6.45453040965576,4.93829489151499,4.60807180152774,5.26851798150224,8.20728979633838e-18,1.9073486328125e-06,6.99888415576321,0.33537825534424,0.312610585203565,0.358145925484915,6.89406751464939,31.2999614778655,1.55938506130429e-16,4.76837158203125e-05
1,29.4117647058824,34,0.75,3,20,0.579126572,0.45571939726709,21.2498285604797,20.1919197530183,22.3077373679412,3.25873960296197e-20,1.9073486328125e-06,9.40083476960807,0.12340717473291,0.115747219300265,0.131067130165555,7.54003546606007,42.0418111801745,4.88810940444295e-19,4.76837158203125e-05
1,29.4117647058824,34,0.75,4,20,322.39,255.895,66.495,63.3183585106056,69.6716414893944,1.4996919505079e-20,1.9073486328125e-06,9.79670449397338,66.495,63.3183585106056,69.6716414893944,9.79670449397338,43.8121944080043,2.54947631586342e-19,4.76837158203125e-05
1,29.4117647058824,34,0.75,5,20,17.396326,17.8289163660977,2.49140308400727,2.10123531880375,2.8815708492108,4.11491959164195e-11,1.9073486328125e-06,2.98849018166889,0.43259036609768,0.365846000598276,0.499334731597084,3.03334254355881,13.3649343926047,5.76088742829874e-10,4.76837158203125e-05
1,29.4117647058824,34,0.75,6,20,4.64793028,4.50566186426059,3.05728455857347,2.68459495693036,3.42997416021659,5.00107509809926e-13,1.9073486328125e-06,3.83926251666055,0.142268415739415,0.124568006777227,0.159968824701602,3.76170224579687,17.1697039414398,8.50182766676874e-12,4.76837158203125e-05
1,29.4117647058824,34,1,1,20,8.041152495,7.48532588035175,6.91210544716681,6.85193177995839,6.97227911437524,1.46263360700204e-34,1.9073486328125e-06,53.7604749393556,0.555826614648248,0.550613815860995,0.561039413435502,49.9031084343945,240.424152934146,3.65658401750509e-33,4.76837158203125e-05
1,29.4117647058824,34,1,2,20,6.967356665,6.51752485256899,6.45625310530595,6.41628656199011,6.49621964862178,2.25036145942854e-37,1.9073486328125e-06,75.6037228663492,0.449831812431013,0.446985488020975,0.452678136841051,73.9647834734654,338.110127362424,5.62590364857136e-36,4.76837158203125e-05
1,29.4117647058824,34,1,3,20,0.603112565,0.454801362556794,24.5906907800005,24.4569430722697,24.7244384877313,1.92572013346969e-38,1.9073486328125e-06,86.0485592173471,0.148311202443205,0.147403194101996,0.149219210784415,76.4439887021483,384.820855551808,4.81430033367421e-37,4.76837158203125e-05
1,29.4117647058824,34,1,4,20,319.445,223.375,96.07,95.6348936262927,96.5051063737073,5.94424091750601e-40,1.9073486328125e-06,103.335981134139,96.07,95.6348936262927,96.5051063737073,103.335981134139,462.132556675143,1.4860602293765e-38,4.76837158203125e-05
1,29.4117647058824,34,1,5,20,17.77860775,18.7366122907526,5.38852637082612,5.37123781231616,5.40581492933609,8.50377498096776e-43,1.9073486328125e-06,145.871500476263,0.95800454075256,0.954947159218128,0.961061922286992,146.648339907369,652.357182089634,2.04090599543226e-41,4.76837158203125e-05
1,29.4117647058824,34,1,6,20,4.88262663,4.79056803717082,1.88528398164579,1.82701204259203,1.94355592069955,4.03295965049062e-24,1.9073486328125e-06,15.1417659671319,0.0920585928291764,0.0891593615364205,0.0949578241219324,14.8607487048212,67.7160360037995,8.87251123107937e-23,4.76837158203125e-05
1,35.7142857142857,28,0,1,20,7.58818724,7.6102773487331,-0.291109323539878,-0.296255561127913,-0.285963085951843,1.01442249667685e-28,1.9073486328125e-06,-26.4743620808699,-0.0220901087330975,-0.02248356872627,-0.021696648739925,-26.2758331364584,-118.396946547536,2.13028724302138e-27,4.76837158203125e-05
1,35.7142857142857,28,0,2,20,5.848973735,5.86436035981769,-0.263073807263782,-0.284026166257105,-0.24212144827046,2.11642875672568e-16,1.9073486328125e-06,-5.87629926493845,-0.015386624817692,-0.0166096743873917,-0.0141635752479924,-5.88787426058825,-26.2796092250688,3.80957176210623e-15,4.76837158203125e-05
1,35.7142857142857,28,0,3,20,0.5752971835,0.580455815622793,-0.896710746986665,-0.902743115484978,-0.890678378488353,1.0924551993729e-36,1.9073486328125e-06,-69.5702770974209,-0.00515863212279291,-0.00519136481004531,-0.0051258994355405,-73.7585072765556,-311.12773760666,2.29415591868309e-35,4.76837158203125e-05
1,35.7142857142857,28,0,4,20,252.06,248.575,3.485,3.3541364343661,3.6158635656339,1.59972992233314e-22,1.9073486328125e-06,12.4635928913655,3.485,3.3541364343661,3.6158635656339,12.4635928913655,55.738881897953,3.19945984466629e-21,4.76837158203125e-05
1,35.7142857142857,28,0,5,20,16.3739737,16.3650415519089,-0.0545516717792755,-0.0557416839583188,-0.0533616596002322,5.47422364868536e-27,1.9073486328125e-06,-21.4543756245569,-0.0089321480911396,-0.0091256688482693,-0.0087386273340099,-21.6016826770052,-95.9468846226473,1.04010249325022e-25,4.76837158203125e-05
1,35.7142857142857,28,0,6,20,4.243487075,4.25369886956976,-0.240644430319631,-0.245402261596399,-0.235886599042863,8.47765213993373e-28,1.9073486328125e-06,-23.6715120109953,-0.01021179456976,-0.0104146948168827,-0.0100088943226374,-23.5547617207109,-105.862219973576,1.94985999218476e-26,4.76837158203125e-05
1,35.7142857142857,28,0.25,1,20,7.91449686,7.7944322513396,1.49733101125748,0.58079228319096,2.41386973932401,0.002875882820432,0.00143241882324219,0.764585786708782,0.120064608660396,0.0464718244033379,0.193657392917453,0.763552665135728,3.41933158742199,0.005751765640864,0.0034027099609375
1,35.7142857142857,28,0.25,2,20,6.22005753,6.08277691758371,2.18051778484321,1.0452015682082,3.31583400147823,0.000732116726896067,6.29425048828125e-05,0.898880613003303,0.13728061241629,0.0650954144660519,0.209465810366529,0.890062037057293,4.01991630866413,0.00292846690758427,0.00025177001953125
1,35.7142857142857,28,0.25,3,20,0.618939308,0.605599832289853,2.14891799925783,0.795010222979077,3.50282577553658,0.00358287576088086,0.00558090209960938,0.742830936854497,0.0133394757101473,0.00491942708248958,0.0217595243378049,0.741452583293955,3.32204094119302,0.0143315030435235,0.0223236083984375
1,35.7142857142857,28,0.25,4,20,282.23,262.15,20.08,12.2022324307152,27.9577675692848,3.78275364092688e-05,1.9073486328125e-06,1.19294320354836,20.08,12.2022324307152,27.9577675692848,1.19294320354836,5.33500419286099,0.000264792754864882,4.76837158203125e-05
1,35.7142857142857,28,0.25,5,20,16.48206905,16.5457846222513,0.389973423360276,0.147126576088849,0.632820270631703,0.00328085209737111,0.00232505798339844,0.75155672105354,0.0637155722512555,0.0241938744186791,0.103237270083832,0.754517324969207,3.36106383444513,0.0104612173507305,0.00465011596679688
1,35.7142857142857,28,0.25,6,20,4.45450876,4.40451539697695,1.1151075458634,0.36888934663591,1.86132574509089,0.0055418657761768,0.0120792388916016,0.699375057740359,0.0499933630230529,0.0164915722825419,0.0834951537635639,0.698398909520882,3.12770034175057,0.0166255973285304,0.0362377166748047
1,35.7142857142857,28,0.5,1,20,8.068777105,7.98427743559477,1.02935110607146,0.24384716628061,1.81485504586231,0.012936091407252,0.00315284729003906,0.613302012252152,0.0844996694052311,0.0194788748515287,0.149520463958933,0.608221767986944,2.74276998026644,0.012936091407252,0.0034027099609375
1,35.7142857142857,28,0.5,2,20,6.42861169,6.29411430687968,2.04637407096418,0.767718316536585,3.32502982539177,0.00336614351119927,6.29425048828125e-05,0.749015161288783,0.134497383120317,0.0483551540012913,0.220639612239343,0.730730021382568,3.34969763363938,0.00554590538670179,0.00025177001953125
1,35.7142857142857,28,0.5,3,20,0.6411318435,0.633026882774427,1.22623183636752,-0.296258560345584,2.74872223308063,0.108197730473073,0.0896949768066406,0.376944357921554,0.00810496072557325,-0.00192517425385893,0.0181350957050054,0.378184181051835,1.68574641609521,0.114798249583246,0.106338500976562
1,35.7142857142857,28,0.5,4,20,293.52,272.465,21.055,10.6147338839442,31.4952661160558,0.000462590899599769,1.9073486328125e-06,0.943849823139772,21.055,10.6147338839442,31.4952661160558,0.943849823139772,4.22102473018337,0.00231295449799884,4.76837158203125e-05
1,35.7142857142857,28,0.5,5,20,16.6430829,16.7408498749553,0.595933300597362,0.183389940707614,1.00847666048711,0.00698900156347533,0.000707626342773438,0.676063165868129,0.0977669749552799,0.0308576434253499,0.16467630648521,0.683856073658406,3.0234463919297,0.0139780031269507,0.00212287902832031
1,35.7142857142857,28,0.5,6,20,4.58544149,4.56493831397509,0.447199187032458,-0.00776078082925591,0.902159154894172,0.0536457802199155,0.0362339019775391,0.460030940863092,0.0205031760249104,-0.000355499435122059,0.0413618514849428,0.460037924047869,2.05732091104612,0.107291560439831,0.0724678039550781
1,35.7142857142857,28,0.75,1,20,8.26993198,8.18993094837696,0.958813413357133,0.46519495874861,1.45243186796565,0.000659685520497558,0.000850677490234375,0.909079647104523,0.080001031623043,0.0387991687473776,0.121202894498708,0.908736467596796,4.06552777577447,0.00263874208199023,0.0034027099609375
1,35.7142857142857,28,0.75,2,20,6.69026919,6.55357079788868,2.02855427103194,1.25899960459939,2.79810893746448,2.53778429807966e-05,3.814697265625e-06,1.23369094420379,0.136698392111316,0.0840041333569694,0.189392650865662,1.21411361227769,5.51723362893116,0.000177644900865576,4.76837158203125e-05
1,35.7142857142857,28,0.75,3,20,0.666956389,0.661256288922493,0.836597017601171,-0.0290517323602184,1.70224576756256,0.0573991247916229,0.0531692504882812,0.452307540007135,0.0057001000775067,-0.000133077653500585,0.011533277808514,0.457337162920247,2.02278081238332,0.114798249583246,0.106338500976562
1,35.7142857142857,28,0.75,4,20,303.27,279.385,23.885,16.5204244849088,31.2495755150912,1.75431976162835e-06,1.9073486328125e-06,1.51787758499226,23.885,16.5204244849088,31.2495755150912,1.51787758499226,6.7881549231318,1.40345580930268e-05,4.76837158203125e-05
1,35.7142857142857,28,0.75,5,20,16.8883099,17.0781760865499,1.13064986060713,0.702563032923151,1.55873668829111,2.47875098727788e-05,9.5367431640625e-06,1.23610536265191,0.189866186549885,0.118461485898257,0.261270887201514,1.24445743468475,5.52803123648341,0.000173512569109452,6.67572021484375e-05
1,35.7142857142857,28,0.75,6,20,4.76925848,4.77687417306126,-0.159603175206948,-0.466033941218406,0.14682759080451,0.289283489289145,0.294252395629883,-0.243763334470212,-0.00761569306125867,-0.0222180958664448,0.00698670974392748,-0.244086820168761,-1.09014277259482,0.289283489289145,0.294252395629883
1,35.7142857142857,28,1,1,20,8.454886415,8.3620594256498,1.10068992239211,0.860480838947304,1.34089900583692,1.0273799922486e-08,1.9073486328125e-06,2.14454313422788,0.0928269893502051,0.0727922458957198,0.11286173280469,2.16845144132646,9.59068845762799,9.24641993023738e-08,4.76837158203125e-05
1,35.7142857142857,28,1,2,20,6.95183017,6.8195326335537,1.9046167066003,1.72274624978147,2.08648716341912,5.98446678311213e-15,1.9073486328125e-06,4.90122515216965,0.132297536446296,0.119919021771761,0.144676051120831,5.00198566780459,21.9189452265662,1.01735935312906e-13,4.76837158203125e-05
1,35.7142857142857,28,1,3,20,0.6895789305,0.680575657200384,1.31788025620946,0.81704297754061,1.81871753487832,2.59230405614826e-05,1.9073486328125e-06,1.23151165480678,0.00900327329961579,0.00561282520372411,0.0123937213955075,1.24280375041336,5.50748755046243,0.00020738432449186,4.76837158203125e-05
1,35.7142857142857,28,1,4,20,307.665,280.56,27.105,25.985108594722,28.224891405278,9.72116999652714e-22,1.9073486328125e-06,11.3274648115212,27.105,25.985108594722,28.224891405278,11.3274648115212,50.6579626625965,1.84702229934016e-20,4.76837158203125e-05
1,35.7142857142857,28,1,5,20,17.1699258,17.4971915623982,1.90587909230194,1.69681547748226,2.11494270712162,7.47938420083276e-14,1.9073486328125e-06,4.26654285520301,0.32726576239821,0.291306040313808,0.363225484482612,4.25935137014862,19.0805597062999,1.19670147213324e-12,4.76837158203125e-05
1,35.7142857142857,28,1,6,20,4.957891185,4.99700472354141,-0.788489712764052,-0.889670369594757,-0.687309055933348,1.25006257404114e-12,1.9073486328125e-06,-3.64718471342733,-0.039113538541406,-0.0441678864604177,-0.0340591906223944,-3.62177274235179,-16.3107058914432,2.00010011846582e-11,4.76837158203125e-05
1,41.6666666666667,24,0,1,20,7.958797425,7.980999660734,-0.278965021742711,-0.287663730297741,-0.270266313187681,4.76387463403566e-24,1.9073486328125e-06,-15.0090841918527,-0.022202235734001,-0.0228945320942895,-0.0215099393737126,-15.0094190498335,-67.1226650660002,9.05136180466776e-23,4.76837158203125e-05
1,41.6666666666667,24,0,2,20,5.894381765,5.91548077919772,-0.357991854117354,-0.400743072665961,-0.315240635568747,3.45847318702675e-13,1.9073486328125e-06,-3.91907764962081,-0.021099014197718,-0.0236132760203827,-0.0185847523750534,-3.92745199277826,-17.5266480673044,4.84186246183745e-12,4.76837158203125e-05
1,41.6666666666667,24,0,3,20,0.684758789,0.689417362801839,-0.68033265983042,-0.684638226107109,-0.676027093553731,3.42364117580419e-37,1.9073486328125e-06,-73.9520577542843,-0.00465857380183874,-0.00468678509934539,-0.0046303625043321,-77.2839197529865,-330.72365642914,7.53201058676923e-36,4.76837158203125e-05
1,41.6666666666667,24,0,4,20,251.64,248.455,3.185,2.91198690442162,3.45801309557839,8.23064075235558e-16,1.9073486328125e-06,5.45990616783239,3.185,2.91198690442162,3.45801309557839,5.45990616783239,24.4174426840872,1.31690252037689e-14,4.76837158203125e-05
1,41.6666666666667,24,0,5,20,15.96599945,15.955801947596,-0.0638707128527322,-0.0663435708752012,-0.0613978548302632,2.85028364712934e-22,1.9073486328125e-06,-12.0882046165929,-0.01019750240397,-0.0105914161921666,-0.00980358861577348,-12.1157932968274,-54.0600944972569,5.13051056483281e-21,4.76837158203125e-05
1,41.6666666666667,24,0,6,20,4.339702565,4.34921697249693,-0.219242532336624,-0.226749752012577,-0.21173531266067,2.79834483976848e-23,1.9073486328125e-06,-13.6679980155888,-0.009514407496928,-0.00983967570219312,-0.00918913929166288,-13.6898710203861,-61.1251453583777,5.8765241635138e-22,4.76837158203125e-05
1,41.6666666666667,24,0.25,1,20,8.271135075,8.10811090924419,1.94439643262305,1.0065023662863,2.88229049895979,0.000353413250071879,0.000850677490234375,0.970264739826549,0.16302416575581,0.084206575343073,0.241841756168546,0.968028301407936,4.33915582884662,0.00176706625035939,0.0034027099609375
1,41.6666666666667,24,0.25,2,20,6.275662975,6.10573265332041,2.66793753002443,1.46010042974698,3.87577463030188,0.000185472730106623,3.62396240234375e-05,1.03377616004094,0.169930321679585,0.0920315056111944,0.247829137747976,1.02093770672708,4.62318753474051,0.00111283638063974,0.000181198120117188
1,41.6666666666667,24,0.25,3,20,0.7182237135,0.703225191884725,2.0648385871403,0.976847940803416,3.15282923347717,0.000816357027825134,0.00232505798339844,0.888219222258082,0.0149985216152754,0.00710041624113457,0.0228966269894163,0.888760513873624,3.97223711978213,0.00408178513912567,0.0116252899169922
1,41.6666666666667,24,0.25,4,20,276.215,254.215,22,13.3627497333671,30.637250266633,3.81492045489781e-05,1.9073486328125e-06,1.19208273737471,22,13.3627497333671,30.637250266633,1.19208273737471,5.33115607114776,0.000264792754864882,4.76837158203125e-05
1,41.6666666666667,24,0.25,5,20,16.07377735,16.1545991145692,0.506588609938112,0.22030530175057,0.792871918125653,0.0015070437406464,0.00232505798339844,0.828168324169153,0.0808217645692052,0.0352942378330042,0.126349291305406,0.830832528853146,3.70368133930862,0.00787186862836855,0.00465011596679688
1,41.6666666666667,24,0.25,6,20,4.539898525,4.47346232990049,1.45221986092036,0.758127759508464,2.14631196233227,0.000322667181328682,0.000850677490234375,0.979206959447197,0.066436195099508,0.0346733571664337,0.0981990330325823,0.978914304817748,4.37914665072962,0.00161333590664341,0.0034027099609375
1,41.6666666666667,24,0.5,1,20,8.37945438,8.26566638129803,1.33675261426285,0.578363605484303,2.0951416230414,0.00155758832425889,0.0001678466796875,0.824932157577177,0.113787998701972,0.0481865439166384,0.179389453487305,0.811787220946207,3.68920876233627,0.00467276497277666,0.0008392333984375
1,41.6666666666667,24,0.5,2,20,6.43960018,6.31607977110595,1.87730455836108,0.766013802844115,2.98859531387804,0.00220861140152488,9.5367431640625e-06,0.790617193735271,0.123520408894051,0.0473191505549789,0.199721667233122,0.758640107910836,3.53574757874437,0.00554590538670179,5.7220458984375e-05
1,41.6666666666667,24,0.5,3,20,0.730015259,0.720150126251534,1.3222295434434,0.261032864451345,2.38342622243545,0.0172924130036879,0.00943565368652344,0.583136460164306,0.00986513274846595,0.00187113395284814,0.0178591315440838,0.577561288858085,2.60786553017197,0.0518772390110636,0.0283069610595703
1,41.6666666666667,24,0.5,4,20,276.595,260.115,16.48,6.78909044616658,26.1709095538334,0.00209342853719565,1.9073486328125e-06,0.795887875637979,16.48,6.78909044616658,26.1709095538334,0.795887875637979,3.55931878478884,0.00628028561158696,4.76837158203125e-05
1,41.6666666666667,24,0.5,5,20,16.2755152,16.3676546767227,0.575450415123461,0.155474131121303,0.995426699125618,0.00984950553222948,0.000209808349609375,0.641272125872516,0.0921394767226545,0.025962765884659,0.15831618756065,0.65162807217424,2.86785613105349,0.0139780031269507,0.00104904174804688
1,41.6666666666667,24,0.5,6,20,4.65678141,4.62051277664057,0.776669863915073,0.37341575749648,1.17992397033367,0.000713525961531238,0.000322341918945312,0.901398595968997,0.0362686333594274,0.0174505374403678,0.0550867292784871,0.902017025866151,4.03117707081909,0.00285410384612495,0.00161170959472656
1,41.6666666666667,24,0.75,1,20,8.56635167,8.41008331313781,1.81448173844517,1.39923696766062,2.22972650922973,2.17330346291007e-08,1.9073486328125e-06,2.0450675204741,0.156268356862188,0.120000704148088,0.192536009576289,2.01655847031529,9.14581998871405,1.73864277032806e-07,4.76837158203125e-05
1,41.6666666666667,24,0.75,2,20,6.728394185,6.57699266598779,2.24118991195401,1.82684129844111,2.65553852546691,6.88380667347871e-10,1.9073486328125e-06,2.5314653702463,0.151401519012208,0.122843269055494,0.179959768968922,2.4811776687638,11.3210573011148,6.88380667347871e-09,4.76837158203125e-05
1,41.6666666666667,24,0.75,3,20,0.7519147825,0.737658791812308,1.88500103628926,1.45057944387127,2.31942262870726,2.425264175157e-08,9.5367431640625e-06,2.0307637937366,0.0142559906876921,0.0109385927844026,0.0175733885909816,2.01121759105602,9.08185177808079,2.1827377576413e-07,7.62939453125e-05
1,41.6666666666667,24,0.75,4,20,280.895,262.515,18.38,15.4145849587935,21.3454150412065,6.86998213603786e-11,1.9073486328125e-06,2.90080972493428,18.38,15.4145849587935,21.3454150412065,2.90080972493428,12.9728154694911,6.86998213603786e-10,4.76837158203125e-05
1,41.6666666666667,24,0.75,5,20,16.5325921,16.7323566826325,1.21384961609232,0.83133999773291,1.59635923445173,2.36018903869127e-06,3.814697265625e-06,1.48518907836902,0.19976458263251,0.137452673380129,0.262076491884891,1.50039861859801,6.64196747734677,2.12417013482215e-05,4.76837158203125e-05
1,41.6666666666667,24,0.75,6,20,4.836199755,4.80612779475303,0.620983385592375,0.362914763199346,0.879052007985404,7.33004464883239e-05,0.000133514404296875,1.12617011672977,0.0300719602469756,0.0175377058413162,0.042606214652635,1.12285184019538,5.03638587047326,0.000513103125418267,0.000934600830078125
1,41.6666666666667,24,1,1,20,8.749320485,8.55844537775035,2.18156736091536,2.15873902833315,2.20439569349757,4.81770915990356e-33,1.9073486328125e-06,44.7253407495701,0.190875107249646,0.188814543516606,0.192935670982685,43.3533302500764,200.01780446576,1.10807310677782e-31,4.76837158203125e-05
1,41.6666666666667,24,1,2,20,7.015750765,6.84793071026473,2.39203946773114,2.37618386247493,2.40789507298735,8.24948838216402e-37,1.9073486328125e-06,70.606508772974,0.167820054735273,0.16668885364251,0.168951255828035,69.4325737526125,315.76190654061,1.97987721171937e-35,4.76837158203125e-05
1,41.6666666666667,24,1,3,20,0.776405618,0.754652127890202,2.80182611550566,2.76254461295109,2.84110761806023,1.24492588670882e-30,1.9073486328125e-06,33.3819966412571,0.021753490109798,0.0214476177845902,0.0220593624350058,33.2849555917872,149.288827429041,2.24086659607588e-29,4.76837158203125e-05
1,41.6666666666667,24,1,4,20,284.735,258.995,25.74,25.4465834705696,26.0334165294304,2.44754835315287e-32,1.9073486328125e-06,41.0566195593489,25.74,25.4465834705696,26.0334165294304,41.0566195593489,183.610784522103,5.6293612122516e-31,4.76837158203125e-05
1,41.6666666666667,24,1,5,20,16.80531285,17.2101497183193,2.40902755910884,2.38417769110365,2.43387742711404,3.66987781748513e-33,1.9073486328125e-06,45.3708487662793,0.404836868319275,0.400836339590686,0.408837397047863,47.3611113624436,202.904604076526,8.44071898021581e-32,4.76837158203125e-05
1,41.6666666666667,24,1,6,20,5.021453175,5.03063671484992,-0.182901241173923,-0.202383967387316,-0.16341851496053,4.39285769557299e-14,1.9073486328125e-06,-4.39365696996946,-0.00918353984992151,-0.0101605457133235,-0.00820653398651954,-4.39918439867783,-19.6490313093349,7.90714385203139e-13,4.76837158203125e-05
1,50,20,0,1,20,8.3220592,8.34447677219565,-0.269366735373171,-0.279156306288277,-0.259577164458066,8.62639443874041e-23,1.9073486328125e-06,-12.8777363030714,-0.0224175721956534,-0.0232371743593565,-0.0215979700319503,-12.8010237273179,-57.5909875399689,1.55275099897327e-21,4.76837158203125e-05
1,50,20,0,2,20,6.107198775,6.13217577205512,-0.408964251249559,-0.452696490301102,-0.365232012198016,4.71297817293229e-14,1.9073486328125e-06,-4.37666045568677,-0.0249769970551236,-0.0276494498408538,-0.0223045442693933,-4.37410700511645,-19.5730205867016,7.54076507669166e-13,4.76837158203125e-05
1,50,20,0,3,20,0.7838975995,0.788104997955292,-0.536731201880758,-0.53995851178771,-0.533503891973805,1.2950220223182e-37,1.9073486328125e-06,-77.8350831180181,-0.00420739845529231,-0.00423235624673535,-0.00418244066384927,-78.8981306747352,-348.08907377247,2.97855065133186e-36,4.76837158203125e-05
1,50,20,0,4,20,254.58,251.575,3.005,2.69924085145174,3.31075914854826,1.90922586507689e-14,1.9073486328125e-06,4.59964419043333,3.005,2.69924085145174,3.31075914854826,4.59964419043333,20.5702341642418,2.48199362459995e-13,4.76837158203125e-05
1,50,20,0,5,20,15.5176248,15.5059368838982,-0.0753216755365289,-0.0803484267525664,-0.0702949243204914,7.90859549357758e-18,1.9073486328125e-06,-7.01280563762824,-0.0116879161017801,-0.012467216172732,-0.0109086160308281,-7.01926423537772,-31.362220237461,1.34446123390819e-16,4.76837158203125e-05
1,50,20,0,6,20,4.41016406,4.41890843344114,-0.198275335357573,-0.207703209719487,-0.188847460995659,1.37313390382267e-20,1.9073486328125e-06,-9.8426972849736,-0.00874437344114347,-0.00916074179895139,-0.00832800508333556,-9.82901959004985,-44.0178804223072,2.74626780764535e-19,4.76837158203125e-05
1,50,20,0.25,1,20,8.66215726,8.50465622852524,1.79630461788668,1.0406258573331,2.55198337844025,8.40147395472871e-05,0.000133514404296875,1.112505052906,0.157501031474759,0.0910215108701103,0.223980552079409,1.10880390059596,4.97527384721965,0.000504088437283723,0.00080108642578125
1,50,20,0.25,2,20,6.38997887,6.27841434419885,1.72488569084799,0.928741920433883,2.5210294612621,0.00022665596278608,0.000209808349609375,1.01397685034267,0.111564525801151,0.059661903309031,0.163467148293272,1.00599551262121,4.53464232995468,0.0011332798139304,0.00041961669921875
1,50,20,0.25,3,20,0.8172883355,0.803501546342023,1.66735488945584,0.906757975195989,2.4279518037157,0.000200729405130188,0.000322341918945312,1.02596538882805,0.0137867891579771,0.00751016111825765,0.0200634171976966,1.02800674237431,4.58825670396305,0.00120437643078113,0.00193405151367188
1,50,20,0.25,4,20,242.76,234.025,8.735,1.87452287354002,15.59547712646,0.0153028976574403,0.0136165618896484,0.595892350447565,8.735,1.87452287354002,15.59547712646,0.595892350447565,2.66491160574577,0.0306057953148806,0.0272331237792969
1,50,20,0.25,5,20,15.6276348,15.6928544986176,0.420632699528693,0.186762645309343,0.654502753748043,0.00131197810472809,0.000482559204101562,0.841758744392687,0.065219698617575,0.0291448514071066,0.101294545828043,0.846123016330694,3.76445954623384,0.00787186862836855,0.00193023681640625
1,50,20,0.25,6,20,4.622215865,4.55783299890777,1.38372701095133,0.80569403994448,1.96175998195819,7.76759724743616e-05,0.0001678466796875,1.1203585403607,0.0643828660922276,0.0374924458014636,0.0912732863829916,1.12055179993287,5.01039571083794,0.000513103125418267,0.001007080078125
1,50,20,0.5,1,20,8.79775241,8.63818097203013,1.79467625909478,1.08179997720574,2.50755254098383,4.37288827610715e-05,9.5367431640625e-06,1.17823297738344,0.159571437969873,0.0949051772187979,0.224237698720949,1.15487939082362,5.2692180615227,0.000306102179327501,6.67572021484375e-05
1,50,20,0.5,2,20,6.57034601,6.45392261533117,1.73127120147203,0.728615133779199,2.73392726916486,0.0018486351289006,0.000209808349609375,0.808113459656499,0.116423394668831,0.0474129343259988,0.185433855011663,0.78955894046553,3.61399325864893,0.00554590538670179,0.00041961669921875
1,50,20,0.5,3,20,0.832374427,0.816372648036729,1.90300824055705,1.108457624518,2.6975588565961,7.72345194028743e-05,4.76837158203125e-05,1.12092955959996,0.016001778963271,0.00926000601138559,0.0227435519151564,1.11084474908987,5.01294938650881,0.00054064163582012,0.000333786010742188
1,50,20,0.5,4,20,241.47,233.975,7.495,-1.55863556876256,16.5486355687626,0.099350792042321,0.0877609252929688,0.387443027662835,7.495,-1.55863556876256,16.5486355687626,0.387443027662835,1.73269789452486,0.099350792042321,0.0877609252929688
1,50,20,0.5,5,20,15.8049179,15.9187038959258,0.730868455471914,0.288912805327191,1.17282410561664,0.00261530433768263,3.62396240234375e-05,0.773962197896376,0.11378599592584,0.0458023315707383,0.181769660280941,0.783327669187858,3.46126417302288,0.0104612173507305,0.000217437744140625
1,50,20,0.5,6,20,4.747550515,4.69601866463826,1.08400425476089,0.740944264163499,1.42706424535827,2.50109033754981e-06,9.5367431640625e-06,1.47883641856675,0.0515318503617395,0.0352694861864433,0.0677942145370357,1.48303457595705,6.61355751903519,2.00087227003985e-05,7.62939453125e-05
1,50,20,0.75,1,20,8.936488885,8.75984129137566,1.97117124775035,1.64825539206924,2.29408710343145,8.92269667454514e-11,1.9073486328125e-06,2.85689452913996,0.176647593624335,0.147011187013421,0.20628400023525,2.78959658507163,12.7764207434084,1.15995056769087e-09,4.76837158203125e-05
1,50,20,0.75,2,20,6.8454298,6.70398644488741,2.06010681675987,1.62109674065687,2.49911689286287,7.02600125989472e-09,1.9073486328125e-06,2.19621307457485,0.141443355112594,0.110917030477038,0.171969679748151,2.16853907816852,9.82176345564634,5.62080100791578e-08,4.76837158203125e-05
1,50,20,0.75,3,20,0.8478814465,0.830723495693297,2.02091141007683,1.81031138005618,2.23151144009749,2.94949124228573e-14,1.9073486328125e-06,4.49105184800587,0.0171579508067027,0.0153176131759093,0.0189982884374961,4.36342116132209,20.0845944452343,3.53938949074288e-13,4.76837158203125e-05
1,50,20,0.75,4,20,238.115,229.795,8.32,4.16345180914169,12.4765481908583,0.000497054987707734,0.00168991088867188,0.936806138799913,8.32,4.16345180914169,12.4765481908583,0.936806138799913,4.18952441619142,0.00231295449799884,0.00506973266601562
1,50,20,0.75,5,20,16.1329834,16.3138790164527,1.12850853405665,0.76642823141809,1.4905888366952,3.00851703071522e-06,1.9073486328125e-06,1.45867711625717,0.18089561645267,0.123620043128259,0.238171189777081,1.47814765779008,6.52340237834881,2.40681362457218e-05,4.76837158203125e-05
1,50,20,0.75,6,20,4.92306132,4.88055045795163,0.863657837194419,0.738858141644125,0.988457532744713,1.01661012192345e-11,1.9073486328125e-06,3.23882448784953,0.042510862048375,0.0363984371491248,0.0486232869476251,3.25495956120621,14.484463444045,1.42325417069283e-10,4.76837158203125e-05
1,50,20,1,1,20,9.08565733,8.86956855719435,2.37820795566291,2.31411137743378,2.44230453389205,3.0133946332467e-25,1.9073486328125e-06,17.3649766565351,0.216088772805645,0.210151288188393,0.222026257422897,17.0329129686996,77.6585364634188,6.0267892664934e-24,4.76837158203125e-05
1,50,20,1,2,20,7.156244635,6.98019689047086,2.45978437848673,2.38357759273139,2.53599116424207,4.21514324262265e-24,1.9073486328125e-06,15.1064569172941,0.176047744529145,0.170440782782296,0.181654706275993,14.6947463488024,67.558129132483,9.27331513376982e-23,4.76837158203125e-05
1,50,20,1,3,20,0.8698932745,0.846309380071654,2.71034070923924,2.57737371256334,2.84330770591515,2.47271873977988e-20,1.9073486328125e-06,9.53979957389069,0.0235838944283456,0.0223965739471193,0.024771214909572,9.29622837850157,42.6632806778862,3.9563499836478e-19,4.76837158203125e-05
1,50,20,1,4,20,246.79,225.66,21.13,19.1795235669951,23.0804764330049,3.21572149912253e-15,1.9073486328125e-06,5.07011735200391,21.13,19.1795235669951,23.0804764330049,5.07011735200391,22.6742541059639,4.50201009877154e-14,4.76837158203125e-05
1,50,20,1,5,20,16.4121604,16.858072436725,2.71708632051825,2.66350496748885,2.77066767354764,8.07185280646431e-28,1.9073486328125e-06,23.7328001178202,0.445912036724975,0.437341788118698,0.454482285331252,24.3508988794655,106.136308719722,1.61437056129286e-26,4.76837158203125e-05
1,50,20,1,6,20,5.09232278,5.10670363485261,-0.282434235745404,-0.338030391981054,-0.226838079509755,1.94144763181818e-09,1.9073486328125e-06,-2.37756169032221,-0.0143808548526085,-0.0172104887017439,-0.0115512210034731,-2.37855765321406,-10.6327791205195,2.135592395e-08,4.76837158203125e-05
2,25,40,0,1,20,7.30508639,7.30834836467374,-0.0446531123469338,-0.0462762423068336,-0.0430299823870341,8.65717733083781e-23,1.9073486328125e-06,-12.8753090548235,-0.00326197467373399,-0.00338071473408643,-0.00314323461338156,-12.8570857733535,-57.580132555808,1.63901494336068e-21,4.76837158203125e-05
2,25,40,0,2,20,6.79389175,6.79351769898735,0.00550582063918966,0.0051619257914633,0.00584971548691601,2.29528656731021e-18,1.9073486328125e-06,7.49299791881542,0.000374051012655041,0.000350720232535833,0.000397381792774249,7.50344659561527,33.5097054034715,4.82010179135144e-17,4.76837158203125e-05
2,25,40,0,3,20,0.4458947785,0.448655497341832,-0.619131470543173,-0.624284237246687,-0.613978703839659,6.22321315223383e-35,1.9073486328125e-06,-56.2343425105142,-0.00276071884183186,-0.00278511496057223,-0.00273632272309148,-52.9615470314194,-251.487625047032,1.12017836740209e-33,4.76837158203125e-05
2,25,40,0,4,20,351.78,347.035,4.745,4.66987944821127,4.82012055178873,1.25014373606377e-29,1.9073486328125e-06,29.562194440586,4.745,4.66987944821127,4.82012055178873,29.562194440586,132.206152666433,3.12535934015845e-28,4.76837158203125e-05
2,25,40,0,5,20,16.7985956,16.7884541311865,-0.060370935138719,-0.0603774047456497,-0.0603644655317883,7.60764404620841e-71,1.9073486328125e-06,-4367.2618254497,-0.0101414688134797,-0.0101418134955951,-0.0101411241313644,-13770.2343559481,-19530.9886344907,1.82583457109002e-69,4.76837158203125e-05
2,25,40,0,6,20,4.191012435,4.19052795863044,0.0115603927269461,0.00993667426583804,0.0131841111880542,6.17844998154535e-12,1.9073486328125e-06,3.3321234374527,0.000484476369560394,0.000416461490292088,0.000552491248828699,3.33371054927309,14.901709031129,1.11212099667816e-10,4.76837158203125e-05
2,25,40,0.25,1,20,7.325115445,7.32812375043981,-0.0410713807633715,-0.0435444069616339,-0.0385983545651091,1.15635287036223e-18,1.9073486328125e-06,-7.77266245797211,-0.00300830543980903,-0.00318854306932755,-0.00282806781029052,-7.81152242460784,-34.7604032443725,1.61889401850712e-17,4.76837158203125e-05
2,25,40,0.25,2,20,6.833744135,6.83342015092818,0.00472710486065039,-0.00596985631271958,0.0154240660340204,0.366601287211994,0.000707626342773438,0.206820716611523,0.000323984071820904,-0.000405770272148182,0.00105373841578999,0.207781172275136,0.924930362997169,0.366601287211994,0.00353813171386719
2,25,40,0.25,3,20,0.4449504505,0.44771427282945,-0.621142850820336,-0.626210865635216,-0.616074836005456,4.27019265290167e-35,1.9073486328125e-06,-57.3604879321104,-0.00276382232944965,-0.00278790085073161,-0.00273974380816769,-53.7204362269755,-256.523900477511,8.11336604051318e-34,4.76837158203125e-05
2,25,40,0.25,4,20,341.4,336.715,4.685,4.53447142673515,4.83552857326486,8.39506726634436e-24,1.9073486328125e-06,14.566320842086,4.685,4.53447142673515,4.83552857326486,14.566320842086,65.1425671699527,1.67901345326887e-22,4.76837158203125e-05
2,25,40,0.25,5,20,17.07153515,17.0595055567441,-0.070463380778051,-0.0752407456939447,-0.0656860158621573,1.06170450240192e-17,1.9073486328125e-06,-6.90294292141407,-0.0120295932559149,-0.0128476870283564,-0.0112114994834733,-6.88187972674266,-30.8708992341657,1.38021585312249e-16,4.76837158203125e-05
2,25,40,0.25,6,20,4.27086019,4.26977885838069,0.0253157372302451,0.0214427412514099,0.0291887332090802,2.74658256776131e-11,1.9073486328125e-06,3.05916396444575,0.00108133161930666,0.000915697478960925,0.00124696575965239,3.05540134960427,13.6809971576369,3.84521559486584e-10,4.76837158203125e-05
2,25,40,0.5,1,20,7.34633598,7.34910578056899,-0.0377002724303702,-0.039378757694939,-0.0360217871658013,3.97696124966272e-21,1.9073486328125e-06,-10.5120199717102,-0.00276980056899512,-0.00289430180644526,-0.00264529933154497,-10.4119974688518,-47.0111824751588,5.96544187449408e-20,4.76837158203125e-05
2,25,40,0.5,2,20,6.87556548,6.87482695485088,0.0107429707703937,0.00856935511417404,0.0129165864266133,3.04080713220069e-09,3.814697265625e-06,2.3131343730919,0.000738525149124447,0.000588447816664859,0.000888602481584036,2.30308204196481,10.3446513986497,3.34488784542076e-08,4.76837158203125e-05
2,25,40,0.5,3,20,0.44382762,0.446600422164857,-0.624735882587468,-0.629459682287583,-0.620012082887354,1.00607820748423e-35,1.9073486328125e-06,-61.8962301156214,-0.00277280216485745,-0.00279570712684531,-0.0027498972028696,-56.6563419748788,-276.808356178998,2.11276423571688e-34,4.76837158203125e-05
2,25,40,0.5,4,20,329.46,324.715,4.745,4.66987944821127,4.82012055178873,1.25014373606516e-29,1.9073486328125e-06,29.5621944405842,4.745,4.66987944821127,4.82012055178873,29.5621944405842,132.206152666425,3.12535934015845e-28,4.76837158203125e-05
2,25,40,0.5,5,20,17.38262975,17.3698380456453,-0.0735895974735007,-0.0752997665025738,-0.0718794284444275,1.81692496176065e-26,1.9073486328125e-06,-20.1389401835368,-0.0127917043547047,-0.0130885724631077,-0.0124948362463017,-20.1662009195679,-90.0640784903806,3.45215742734524e-25,4.76837158203125e-05
2,25,40,0.5,6,20,4.361362975,4.35997238904016,0.0318884443593163,0.0288523179491303,0.0349245707695023,5.67287330885785e-15,1.9073486328125e-06,4.91555664757905,0.00139058595984047,0.00125829353231873,0.00152287838736221,4.9195125886073,21.9830376224755,1.19130339486015e-13,4.76837158203125e-05
2,25,40,0.75,1,20,7.380537455,7.38373139669635,-0.0432790631380015,-0.0481861391279619,-0.0383719871480412,1.35967243943515e-13,1.9073486328125e-06,-4.12775858502768,-0.00319394169634797,-0.00355502760712111,-0.00283285578557482,-4.13976475558266,-18.4598975816605,1.22370519549163e-12,4.76837158203125e-05
2,25,40,0.75,2,20,6.934382495,6.93668313938945,-0.033366197494282,-0.0600628917457645,-0.0066695032427994,0.0169975746384508,0.368276596069336,-0.584936133577998,-0.00230064438944506,-0.00414428151149343,-0.000457007267396693,-0.584027466919925,-2.6159139143526,0.0509927239153525,0.659965515136719
2,25,40,0.75,3,20,0.4417762185,0.444573595438256,-0.633202445181163,-0.638343884466361,-0.628061005895965,3.89473160724606e-35,1.9073486328125e-06,-57.6390870506428,-0.0027973769382559,-0.00282149990365173,-0.00277325397286008,-54.2724613582166,-257.76983361253,7.78946321449212e-34,4.76837158203125e-05
2,25,40,0.75,4,20,308.46,304.135,4.325,4.02060121528305,4.62939878471695,2.13035351381503e-17,1.9073486328125e-06,6.64970561445696,4.325,4.02060121528305,4.62939878471695,6.64970561445696,29.7383875685756,3.19553027072254e-16,4.76837158203125e-05
2,25,40,0.75,5,20,17.9243831,17.9079504027498,-0.09168738300553,-0.101166163744571,-0.0822086022664892,2.5506592594921e-14,1.9073486328125e-06,-4.52706073860207,-0.0164326972501849,-0.0181282753410776,-0.0147371191592922,-4.53576222217778,-20.2456310995693,2.29559333354289e-13,4.76837158203125e-05
2,25,40,0.75,6,20,4.518364815,4.51635240887736,0.0445664892966287,0.0385821368420437,0.0505508417512137,2.79613579662795e-12,1.9073486328125e-06,3.48538278663733,0.00201240612264297,0.00174365865199829,0.00228115359328766,3.50453552067015,15.5871056770574,5.3126580135931e-11,4.76837158203125e-05
2,25,40,1,1,20,7.45169056,7.45473898394178,-0.0409091646420132,-0.0423516419981307,-0.0394666872858958,4.87133688366865e-23,1.9073486328125e-06,-13.2730530055594,-0.0030484239417746,-0.00315589450945671,-0.00294095337409249,-13.2753213498044,-59.3588975787776,9.7426737673373e-22,4.76837158203125e-05
2,25,40,1,2,20,7.00791362,7.01006479791907,-0.0306963591957072,-0.0310198349647153,-0.0303728834266991,5.50492392742091e-33,1.9073486328125e-06,-44.4124095362243,-0.00215117791906696,-0.00217393479852795,-0.00212842103960597,-44.240786994612,-198.618333535115,1.32118174258102e-31,4.76837158203125e-05
2,25,40,1,3,20,0.439323225,0.442124231275274,-0.637564665973593,-0.642971969533775,-0.63215736241341,8.90735113908729e-35,1.9073486328125e-06,-55.1826701384379,-0.00280100627527406,-0.00282597045948086,-0.00277604209106726,-52.5116814730037,-246.78440321899,1.51424969364484e-33,4.76837158203125e-05
2,25,40,1,4,20,286.5,281.755,4.745,4.66987944821127,4.82012055178873,1.25014373606338e-29,1.9073486328125e-06,29.5621944405865,4.745,4.66987944821127,4.82012055178873,29.5621944405865,132.206152666435,3.12535934015845e-28,4.76837158203125e-05
2,25,40,1,5,20,18.5364967,18.5263534404835,-0.0547204797105091,-0.0547261087809929,-0.0547148506400254,3.49743272227622e-71,1.9073486328125e-06,-4549.5917851324,-0.0101432595165493,-0.0101435912090554,-0.0101429278240432,-14312.0254301173,-20346.3930028613,8.74358180569055e-70,4.76837158203125e-05
2,25,40,1,6,20,4.717850135,4.71737659994288,0.0100370451538588,0.00859527598958737,0.0114788143181303,9.16130782017089e-12,1.9073486328125e-06,3.25813718749274,0.000473535057120555,0.000405529223558343,0.000541540890682768,3.25885614613572,14.5708324625075,1.55742232942905e-10,4.76837158203125e-05
2,29.4117647058824,34,0,1,20,7.250878015,7.26999430376379,-0.263638213147824,-0.266744602330656,-0.260531823964992,4.58815227447321e-32,1.9073486328125e-06,-39.7202264667656,-0.019116288763792,-0.0193456341805049,-0.0188869433470791,-39.0097114952911,-177.634252922748,1.10115654587357e-30,4.76837158203125e-05
2,29.4117647058824,34,0,2,20,6.262431735,6.26335072302528,-0.0146745364656213,-0.0155469939456516,-0.0138020789855909,9.11871466346361e-19,1.9073486328125e-06,-7.87189591543929,-0.00091898802527548,-0.000973635694392372,-0.000864340356158589,-7.87041134794485,-35.2041887574504,2.00611722596199e-17,4.76837158203125e-05
2,29.4117647058824,34,0,3,20,0.4601644245,0.463269786572397,-0.674820531390928,-0.682696299613229,-0.666944763168626,3.82796576007061e-32,1.9073486328125e-06,-40.100942730206,-0.0031053620723971,-0.00314355358702745,-0.00306717055776676,-38.0543741482612,-179.336867813133,5.74194864010591e-31,4.76837158203125e-05
2,29.4117647058824,34,0,4,20,288.06,283.315,4.745,4.66987944821127,4.82012055178873,1.25014373606363e-29,1.9073486328125e-06,29.5621944405861,4.745,4.66987944821127,4.82012055178873,29.5621944405861,132.206152666434,3.12535934015845e-28,4.76837158203125e-05
2,29.4117647058824,34,0,5,20,16.79170895,16.7833618045386,-0.0497100503083688,-0.050262988862867,-0.0491571117538707,1.53678547908301e-32,1.9073486328125e-06,-42.0752351213611,-0.00834714546144006,-0.00843955285755468,-0.00825473806532544,-42.2756672376203,-188.1661718013,3.22724950607432e-31,4.76837158203125e-05
2,29.4117647058824,34,0,6,20,4.158308705,4.167365978775,-0.217809807520171,-0.220850813984036,-0.214768801056305,1.15037178880694e-30,1.9073486328125e-06,-33.5211808952939,-0.00905727377499996,-0.00918489979152134,-0.00892964775847858,-33.2137186846943,-149.911278335889,2.87592947201736e-29,4.76837158203125e-05
2,29.4117647058824,34,0.25,1,20,7.28647488,7.29995639273783,-0.185022367655695,-0.206312390319937,-0.163732344991454,1.77400960427682e-13,1.9073486328125e-06,-4.0673105397031,-0.013481512737832,-0.0150342116097593,-0.0119288138659048,-4.0635968092173,-18.189565704755,1.41920768342146e-12,4.76837158203125e-05
2,29.4117647058824,34,0.25,2,20,6.310167305,6.31301254005076,-0.0450095873737181,-0.0781765308535222,-0.0118426438939141,0.0104604486719731,0.329982757568359,-0.635124407250344,-0.00284523505076444,-0.00494101786775664,-0.000749452233772234,-0.635376424795653,-2.84036269756206,0.0418417946878923,0.659965515136719
2,29.4117647058824,34,0.25,3,20,0.457238226,0.460441839089605,-0.700653028935185,-0.715616805087844,-0.685689252782527,3.66235761439426e-27,1.9073486328125e-06,-21.9139679782737,-0.00320361308960485,-0.00327178216035246,-0.00313544401885723,-21.9943892748887,-98.0022441123474,4.02859337583369e-26,4.76837158203125e-05
2,29.4117647058824,34,0.25,4,20,281.52,277.255,4.26500000000001,4.00496312346347,4.52503687653654,1.46101476108369e-18,1.9073486328125e-06,7.67614759093807,4.26500000000001,4.00496312346347,4.52503687653654,7.67614759093807,34.3287756373175,2.48372509384227e-17,4.76837158203125e-05
2,29.4117647058824,34,0.25,5,20,17.03885785,17.0245142391754,-0.0841694811712485,-0.0914786575213513,-0.0768603048211458,1.04567488519464e-15,1.9073486328125e-06,-5.38946221601024,-0.0143436108245957,-0.0155946414873844,-0.013092580161807,-5.36598878482117,-24.1024077543311,1.25480986223357e-14,4.76837158203125e-05
2,29.4117647058824,34,0.25,6,20,4.24027302,4.24471246651737,-0.104702819208516,-0.121222627385667,-0.0881830110313644,4.6798378721165e-11,1.9073486328125e-06,-2.96628309825903,-0.0044394465173681,-0.00514118521422233,-0.00373770782051387,-2.96082421558492,-13.2656212964318,5.61580544653979e-10,4.76837158203125e-05
2,29.4117647058824,34,0.5,1,20,7.330093835,7.34009461182319,-0.136468128875369,-0.149942980495259,-0.122993277255478,1.10385571865814e-14,1.9073486328125e-06,-4.73987039950514,-0.0100007768231885,-0.0109826691949848,-0.00901888445139211,-4.76682349622476,-21.1973448356652,1.32462686238977e-13,4.76837158203125e-05
2,29.4117647058824,34,0.5,2,20,6.369499115,6.37179124610609,-0.0360235389172727,-0.0661790827083997,-0.00586799512614561,0.021726320934243,0.153646469116211,-0.559085762150075,-0.00229213110608653,-0.00421134891562612,-0.000372913296546933,-0.558951867640841,-2.5003075388397,0.0509927239153525,0.460939407348633
2,29.4117647058824,34,0.5,3,20,0.454702274,0.457997231497733,-0.724639065111499,-0.73897019512668,-0.710307935096318,8.52424038304385e-28,1.9073486328125e-06,-23.6646741441597,-0.00329495749773286,-0.00336053076629159,-0.00322938422917413,-23.5170155670854,-105.831640103445,1.02290884596526e-26,4.76837158203125e-05
2,29.4117647058824,34,0.5,4,20,274.26,270.055,4.205,3.92771328693074,4.48228671306925,6.32383506143011e-18,1.9073486328125e-06,7.09734901183029,4.205,3.92771328693074,4.48228671306925,7.09734901183029,31.740309700987,1.01181360982882e-16,4.76837158203125e-05
2,29.4117647058824,34,0.5,5,20,17.3303895,17.3123947397089,-0.103833920807748,-0.114021047901069,-0.0936467937144259,9.8200986831316e-15,1.9073486328125e-06,-4.77031162642006,-0.0179947602910994,-0.0197609975566366,-0.0162285230255622,-4.76821954820781,-21.3334821410657,9.8200986831316e-14,4.76837158203125e-05
2,29.4117647058824,34,0.5,6,20,4.33870956,4.34029027735103,-0.0364675245433275,-0.0466831550006823,-0.0262518940859727,4.55368761507915e-07,5.7220458984375e-06,-1.67070715057645,-0.0015807173510296,-0.00202368505687556,-0.00113774964518365,-1.67009577221202,-7.47162951836785,3.1875813305554e-06,4.76837158203125e-05
2,29.4117647058824,34,0.75,1,20,7.388689845,7.39880563956962,-0.136920134113729,-0.142113352730408,-0.13172691549705,1.93319720946766e-22,1.9073486328125e-06,-12.339283212219,-0.0101157945696199,-0.010494847210475,-0.00973674192876489,-12.4899211367771,-55.1829521122872,3.28643525609502e-21,4.76837158203125e-05
2,29.4117647058824,34,0.75,2,20,6.448370725,6.45453040965576,-0.0955074220256895,-0.114117419696166,-0.0768974243552126,1.64282053461703e-09,9.5367431640625e-06,-2.40187291903644,-0.00615968465575993,-0.00736182603596657,-0.0049575432755533,-2.39807164561947,-10.7415022405627,1.97138464154043e-08,7.62939453125e-05
2,29.4117647058824,34,0.75,3,20,0.452227153,0.45571939726709,-0.772246662529533,-0.783748225379196,-0.760745099679871,3.92227071119384e-30,1.9073486328125e-06,-31.4237784984258,-0.00349224426708969,-0.00354376113475931,-0.00344072739942008,-31.7259317514627,-140.531409664753,5.49117899567138e-29,4.76837158203125e-05
2,29.4117647058824,34,0.75,4,20,259.56,255.895,3.665,3.46169068146077,3.86830931853923,2.48762803937637e-19,1.9073486328125e-06,8.43676429517944,3.665,3.46169068146077,3.86830931853923,8.43676429517944,37.7303569483287,4.47773047087746e-18,4.76837158203125e-05
2,29.4117647058824,34,0.75,5,20,17.8528637,17.8289163660977,-0.134146324521232,-0.140265403650058,-0.128027245392406,6.28112566382102e-21,1.9073486328125e-06,-10.2601079545551,-0.0239473339023203,-0.025034502849588,-0.0228601649550526,-10.3090667644635,-45.8845976857431,1.06779136284957e-19,4.76837158203125e-05
2,29.4117647058824,34,0.75,6,20,4.505371795,4.50566186426059,-0.00644559050092125,-0.0119267659919332,-0.000964415009909267,0.0235839475809788,0.0399894714355469,-0.550361727563949,-0.000290069260585435,-0.000536973904318014,-4.3164616852856e-05,-0.549834100976224,-2.46129247009442,0.0637098093531841,0.0799789428710938
2,29.4117647058824,34,1,1,20,7.47420703,7.48532588035175,-0.148771427469827,-0.155126367064628,-0.142416487875025,1.82210013641435e-21,1.9073486328125e-06,-10.956386017657,-0.0111188503517516,-0.0115904091039894,-0.0106472915995138,-11.0352784732602,-48.9984478464184,2.91536021826297e-20,4.76837158203125e-05
2,29.4117647058824,34,1,2,20,6.507053715,6.51752485256899,-0.160939161506888,-0.188411132917883,-0.133467190095892,1.79848956911309e-10,1.9073486328125e-06,-2.74177069477506,-0.0104711375689865,-0.0122561895104454,-0.00868608562752757,-2.74537850696111,-12.2615713044677,2.51788539675833e-09,4.76837158203125e-05
2,29.4117647058824,34,1,3,20,0.451120301,0.454801362556794,-0.816011534411863,-0.828872165530342,-0.803150903293383,1.14768688240016e-29,1.9073486328125e-06,-29.6956774820188,-0.0036810615567945,-0.00373776248718674,-0.00362436062640226,-30.3838019514087,-132.803106975407,1.49199294712021e-28,4.76837158203125e-05
2,29.4117647058824,34,1,4,20,226.68,223.375,3.305,3.05252094707132,3.55747905292867,9.77464526673266e-17,1.9073486328125e-06,6.12639977564717,3.305,3.05252094707132,3.55747905292867,6.12639977564717,27.398092711373,1.27070388467525e-15,4.76837158203125e-05
2,29.4117647058824,34,1,5,20,18.7655684,18.7366122907526,-0.154302181871985,-0.162086737999463,-0.146517625744507,4.18345767120969e-20,1.9073486328125e-06,-9.27678378516777,-0.0289561092474399,-0.0304193268631737,-0.0274928916317061,-9.26169568760606,-41.4870383124059,6.69353227393551e-19,4.76837158203125e-05
2,29.4117647058824,34,1,6,20,4.790669895,4.79056803717082,0.00212226841668894,-0.0034907801247261,0.00773531695810399,0.438500334224387,0.521673202514648,0.176954142828421,0.000101857829176399,-0.000167072885583209,0.000370788543936008,0.177261014993495,0.791362984529113,0.438500334224387,0.521673202514648
2,35.7142857142857,28,0,1,20,7.58818724,7.6102773487331,-0.291109323539878,-0.296255561127913,-0.285963085951843,1.01442249667685e-28,1.9073486328125e-06,-26.4743620808699,-0.0220901087330975,-0.02248356872627,-0.021696648739925,-26.2758331364584,-118.396946547536,2.23172949268907e-27,4.76837158203125e-05
2,35.7142857142857,28,0,2,20,5.848973735,5.86436035981769,-0.263073807263782,-0.284026166257105,-0.24212144827046,2.11642875672568e-16,1.9073486328125e-06,-5.87629926493845,-0.015386624817692,-0.0166096743873917,-0.0141635752479924,-5.88787426058825,-26.2796092250688,4.0212146377788e-15,4.76837158203125e-05
2,35.7142857142857,28,0,3,20,0.5752971835,0.580455815622793,-0.896710746986665,-0.902743115484978,-0.890678378488353,1.0924551993729e-36,1.9073486328125e-06,-69.5702770974209,-0.00515863212279291,-0.00519136481004531,-0.0051258994355405,-73.7585072765556,-311.12773760666,2.51264695855767e-35,4.76837158203125e-05
2,35.7142857142857,28,0,4,20,252.06,248.575,3.485,3.3541364343661,3.6158635656339,1.59972992233314e-22,1.9073486328125e-06,12.4635928913655,3.485,3.3541364343661,3.6158635656339,12.4635928913655,55.738881897953,3.03948685243298e-21,4.76837158203125e-05
2,35.7142857142857,28,0,5,20,16.3739737,16.3650415519089,-0.0545516717792755,-0.0557416839583188,-0.0533616596002322,5.47422364868536e-27,1.9073486328125e-06,-21.4543756245569,-0.0089321480911396,-0.0091256688482693,-0.0087386273340099,-21.6016826770052,-95.9468846226473,1.09484472973707e-25,4.76837158203125e-05
2,35.7142857142857,28,0,6,20,4.243487075,4.25369886956976,-0.240644430319631,-0.245402261596399,-0.235886599042863,8.47765213993373e-28,1.9073486328125e-06,-23.6715120109953,-0.01021179456976,-0.0104146948168827,-0.0100088943226374,-23.5547617207109,-105.862219973576,2.0346365135841e-26,4.76837158203125e-05
2,35.7142857142857,28,0.25,1,20,7.641049955,7.7944322513396,-2.00680367840103,-2.83462767513266,-1.17897968166939,6.74245443103583e-05,1.9073486328125e-06,-1.13455642268926,-0.153382296339604,-0.216681233312693,-0.0900833593665159,-1.13406524357942,-5.07389057088434,6.74245443103583e-05,4.76837158203125e-05
2,35.7142857142857,28,0.25,2,20,5.95297834,6.08277691758371,-2.18058583151967,-3.1504720377092,-1.21069962533014,0.00015392043590027,3.62396240234375e-05,-1.05223228980219,-0.12979857758371,-0.187505535285847,-0.0720916198815721,-1.05269115997324,-4.70572585623589,0.000923522615401618,0.000217437744140625
2,35.7142857142857,28,0.25,3,20,0.5744025475,0.605599832289853,-5.43059858309875,-7.50606780012122,-3.35512936607628,2.77355540540702e-05,1.9073486328125e-06,-1.22458977060622,-0.0311972847898527,-0.0431156267902162,-0.0192789427894893,-1.22506794337592,-5.47653194325277,2.77355540540702e-05,4.76837158203125e-05
2,35.7142857142857,28,0.25,4,20,251.4,262.15,-10.75,-17.9480827115949,-3.55191728840511,0.00556501039455388,0.00729560852050781,-0.698957635053262,-10.75,-17.9480827115949,-3.55191728840511,-0.698957635053262,-3.12583357074317,0.0111300207891078,0.0145912170410156
2,35.7142857142857,28,0.25,5,20,16.604467,16.5457846222513,-0.353178327051054,-0.523742899375008,-0.182613754727101,0.000357663414839142,1.9073486328125e-06,-0.969090725248848,-0.0586823777487444,-0.0870556741735366,-0.0303090813239522,-0.96795937201679,-4.33390547604199,0.000357663414839142,4.76837158203125e-05
2,35.7142857142857,28,0.25,6,20,4.33323918,4.40451539697695,-1.64345476956876,-2.29384548727488,-0.993064051862642,4.18794917641376e-05,1.9073486328125e-06,-1.18261298557655,-0.0712762169769472,-0.0995279466897697,-0.0430244872641246,-1.18075235461364,-5.28880605364631,0.00016751796705655,4.76837158203125e-05
2,35.7142857142857,28,0.5,1,20,7.717513505,7.98427743559477,-3.45552348832333,-4.21495971360412,-2.69608726304254,1.14872857050159e-08,1.9073486328125e-06,-2.12952018934808,-0.266763930594769,-0.325456391631429,-0.208071469558109,-2.12717886465134,-9.52350380568105,4.59491428200638e-08,4.76837158203125e-05
2,35.7142857142857,28,0.5,2,20,6.078293355,6.29411430687968,-3.55006661567093,-4.31925090765725,-2.78088232368461,9.16007889733705e-09,1.9073486328125e-06,-2.16005752742796,-0.215820951879683,-0.262469360747313,-0.169172543012053,-2.16528960234359,-9.66007093327809,9.16007889733705e-08,4.76837158203125e-05
2,35.7142857142857,28,0.5,3,20,0.5736599595,0.633026882774427,-10.3471664637858,-12.27538558218,-8.41894734539157,7.85633451144337e-10,1.9073486328125e-06,-2.51144847827754,-0.0593669232744267,-0.0704405064247509,-0.0482933401241026,-2.50908626233094,-11.231539038834,3.14253380457735e-09,4.76837158203125e-05
2,35.7142857142857,28,0.5,4,20,249.78,272.465,-22.685,-28.3479900945692,-17.0220099054308,8.29071855399299e-08,9.5367431640625e-06,-1.87478816532231,-22.685,-28.3479900945692,-17.0220099054308,-1.87478816532231,-8.38430756214562,4.1453592769965e-07,4.76837158203125e-05
2,35.7142857142857,28,0.5,5,20,16.8936964,16.7408498749553,-0.904315090927984,-1.08511220204939,-0.723517979806582,2.50299996834197e-09,1.9073486328125e-06,-2.34092507270784,-0.15284652504472,-0.183412875284506,-0.122280174804935,-2.34029824074454,-10.4689351856167,1.50179998100518e-08,4.76837158203125e-05
2,35.7142857142857,28,0.5,6,20,4.452876115,4.56493831397509,-2.51564382362778,-3.0926349790911,-1.93865266816445,2.25044312722945e-08,1.9073486328125e-06,-2.04051230201903,-0.11206219897509,-0.137734894330579,-0.0863895036196005,-2.04289899479619,-9.12544843247826,2.25044312722945e-07,4.76837158203125e-05
2,35.7142857142857,28,0.75,1,20,7.86585518,8.18993094837696,-4.1201529144599,-4.80944182852949,-3.43086400039031,1.27727601704283e-10,1.9073486328125e-06,-2.79750752008405,-0.324075768376957,-0.378243972706989,-0.269907564046925,-2.80002134550969,-12.5108339649496,6.38638008521416e-10,4.76837158203125e-05
2,35.7142857142857,28,0.75,2,20,6.25395036,6.55357079788868,-4.79491364805688,-5.55963178400059,-4.03019551211316,5.63261852588196e-11,1.9073486328125e-06,-2.93453046207772,-0.299620437888684,-0.346968980125701,-0.252271895651667,-2.96158392137615,-13.1236191904993,8.44892778882294e-10,4.76837158203125e-05
2,35.7142857142857,28,0.75,3,20,0.57390433,0.661256288922493,-15.223361619712,-16.7572232579774,-13.6894999814467,1.59665565634717e-14,1.9073486328125e-06,-4.64497733982237,-0.0873519589224933,-0.0961199697925192,-0.0785839480524673,-4.66262825294683,-20.7729701715779,1.11765895944302e-13,4.76837158203125e-05
2,35.7142857142857,28,0.75,4,20,244.02,279.385,-35.365,-40.7157324486406,-30.0142675513594,2.2658293637495e-11,1.9073486328125e-06,-3.09328295554106,-35.365,-40.7157324486406,-30.0142675513594,-3.09328295554106,-13.8335819244625,1.8126634909996e-10,4.76837158203125e-05
2,35.7142857142857,28,0.75,5,20,17.39278755,17.0781760865499,-1.80711216180687,-2.08438786630637,-1.52983645730736,2.88936548674964e-11,1.9073486328125e-06,-3.05022947202998,-0.314611463450115,-0.363481188535198,-0.265741738365031,-3.01296348737698,-13.6410408928647,2.02255584072475e-10,4.76837158203125e-05
2,35.7142857142857,28,0.75,6,20,4.672595195,4.77687417306126,-2.2345095282592,-2.76895161152934,-1.70006744498905,4.31198876071875e-08,1.9073486328125e-06,-1.9567745191564,-0.104278978061259,-0.129169479128044,-0.0793884769944733,-1.9607505645815,-8.75096168294636,3.88078988464688e-07,4.76837158203125e-05
2,35.7142857142857,28,1,1,20,7.964866705,8.3620594256498,-4.98697113705987,-5.54413263684634,-4.4298096372734,1.0419687729531e-13,1.9073486328125e-06,-4.1890445363487,-0.397192720649795,-0.441543389858856,-0.352842051440734,-4.19141173525403,-18.7339766880996,1.05026804135757e-12,4.76837158203125e-05
2,35.7142857142857,28,1,2,20,6.452478345,6.8195326335537,-5.68840045940109,-6.10765236083163,-5.26914855797054,5.02351285916269e-17,1.9073486328125e-06,-6.35000904086881,-0.367054288553704,-0.394134777964904,-0.339973799142504,-6.34355946721921,-28.3981037462418,1.00470257183254e-15,4.76837158203125e-05
2,35.7142857142857,28,1,3,20,0.5812956165,0.680575657200384,-17.0809511999795,-18.3640982609902,-15.7978041389688,7.15820649236686e-17,1.9073486328125e-06,-6.23009745324849,-0.0992800407003842,-0.106708681742051,-0.0918513996587176,-6.25477648699415,-27.8618428238239,7.15820649236686e-16,4.76837158203125e-05
2,35.7142857142857,28,1,4,20,226.62,280.56,-53.94,-57.8122701558734,-50.0677298441266,3.0794637817316e-17,1.9073486328125e-06,-6.51935326464751,-53.94,-57.8122701558734,-50.0677298441266,-6.51935326464751,-29.155434138174,4.31124929442424e-16,4.76837158203125e-05
2,35.7142857142857,28,1,5,20,18.1813383,17.4971915623982,-3.76282583740024,-3.98952271029106,-3.53612896450942,1.16847793632645e-18,1.9073486328125e-06,-7.76833256804811,-0.68414673760179,-0.72543387578367,-0.642859599419911,-7.75521248027202,-34.7410393879622,1.75271690448967e-17,4.76837158203125e-05
2,35.7142857142857,28,1,6,20,4.946060835,4.99700472354141,-1.03011379412037,-1.35660138048186,-0.703626207758876,2.55155505775663e-06,1.9073486328125e-06,-1.4766506171736,-0.0509438885414061,-0.0670875240530227,-0.0348002530297894,-1.47689618854886,-6.60378231803436,1.53093303465398e-05,4.76837158203125e-05
2,41.6666666666667,24,0,1,20,7.958797425,7.980999660734,-0.278965021742711,-0.287663730297741,-0.270266313187681,4.76387463403566e-24,1.9073486328125e-06,-15.0090841918527,-0.022202235734001,-0.0228945320942895,-0.0215099393737126,-15.0094190498335,-67.1226650660002,1.00041367314749e-22,4.76837158203125e-05
2,41.6666666666667,24,0,2,20,5.894381765,5.91548077919772,-0.357991854117354,-0.400743072665961,-0.315240635568747,3.45847318702675e-13,1.9073486328125e-06,-3.91907764962081,-0.021099014197718,-0.0236132760203827,-0.0185847523750534,-3.92745199277826,-17.5266480673044,5.5335570992428e-12,4.76837158203125e-05
2,41.6666666666667,24,0,3,20,0.684758789,0.689417362801839,-0.68033265983042,-0.684638226107109,-0.676027093553731,3.42364117580419e-37,1.9073486328125e-06,-73.9520577542843,-0.00465857380183874,-0.00468678509934539,-0.0046303625043321,-77.2839197529865,-330.72365642914,8.21673882193007e-36,4.76837158203125e-05
2,41.6666666666667,24,0,4,20,251.64,248.455,3.185,2.91198690442162,3.45801309557839,8.23064075235558e-16,1.9073486328125e-06,5.45990616783239,3.185,2.91198690442162,3.45801309557839,5.45990616783239,24.4174426840872,9.8767689028267e-15,4.76837158203125e-05
2,41.6666666666667,24,0,5,20,15.96599945,15.955801947596,-0.0638707128527322,-0.0663435708752012,-0.0613978548302632,2.85028364712934e-22,1.9073486328125e-06,-12.0882046165929,-0.01019750240397,-0.0105914161921666,-0.00980358861577348,-12.1157932968274,-54.0600944972569,5.13051056483281e-21,4.76837158203125e-05
2,41.6666666666667,24,0,6,20,4.339702565,4.34921697249693,-0.219242532336624,-0.226749752012577,-0.21173531266067,2.79834483976848e-23,1.9073486328125e-06,-13.6679980155888,-0.009514407496928,-0.00983967570219312,-0.00918913929166288,-13.6898710203861,-61.1251453583777,6.4361931314675e-22,4.76837158203125e-05
2,41.6666666666667,24,0.25,1,20,8.00476105,8.10811090924419,-1.29107965511184,-1.73790771981133,-0.844251590412339,8.116538197955e-06,1.9073486328125e-06,-1.35229616526968,-0.10334985924419,-0.139111598401875,-0.0675881200865052,-1.35254112822859,-6.04765230251058,1.623307639591e-05,4.76837158203125e-05
2,41.6666666666667,24,0.25,2,20,6.007047155,6.10573265332041,-1.64321184649587,-2.24871945344338,-1.03770423954836,1.78231154994135e-05,1.9073486328125e-06,-1.27008613622027,-0.0986854983204149,-0.135036186798553,-0.0623348098422772,-1.27057386950073,-5.67999787573716,0.000124761808495894,4.76837158203125e-05
2,41.6666666666667,24,0.25,3,20,0.6848809085,0.703225191884725,-2.68048620257592,-3.58173322559503,-1.77923917955681,5.58658732799373e-06,1.9073486328125e-06,-1.3919670489594,-0.0183442833847246,-0.0245044825478492,-0.0121840842215999,-1.39368690397112,-6.22506588782598,1.11731746559875e-05,4.76837158203125e-05
2,41.6666666666667,24,0.25,4,20,250.74,254.215,-3.47499999999999,-7.08680731292833,0.136807312928339,0.0584191864969905,0.241718292236328,-0.450287050609748,-3.47499999999999,-7.08680731292833,0.136807312928339,-0.450287050609748,-2.01374490910257,0.0584191864969905,0.241718292236328
2,41.6666666666667,24,0.25,5,20,16.19576025,16.1545991145692,-0.253963411935825,-0.348672868171206,-0.159253955700444,2.06309650005617e-05,1.9073486328125e-06,-1.25498065572379,-0.0411611354307951,-0.0565406034225861,-0.025781667439004,-1.25257937247868,-5.61244411329132,4.12619300011233e-05,4.76837158203125e-05
2,41.6666666666667,24,0.25,6,20,4.427619915,4.47346232990049,-1.03532553370912,-1.39758463584728,-0.673066431570962,9.33313470878938e-06,1.9073486328125e-06,-1.33757098786565,-0.0458424149004921,-0.0618702740857372,-0.029814555715247,-1.33860114133398,-5.98179930719826,4.66656735439469e-05,4.76837158203125e-05
2,41.6666666666667,24,0.5,1,20,8.069744705,8.26566638129803,-2.42739980167069,-2.82311178442,-2.03168781892137,8.20499120249375e-11,1.9073486328125e-06,-2.87092159663621,-0.195921676298028,-0.227886325767256,-0.163957026828801,-2.86861168697292,-12.8391516963016,4.92299472149625e-10,4.76837158203125e-05
2,41.6666666666667,24,0.5,2,20,6.144359605,6.31607977110595,-2.79227040165155,-3.32910287868475,-2.25543792461835,1.31707278666664e-09,1.9073486328125e-06,-2.4343213767822,-0.171720166105949,-0.20477703346767,-0.138663298744229,-2.43118958402786,-10.8866161551317,1.71219462266664e-08,4.76837158203125e-05
2,41.6666666666667,24,0.5,3,20,0.6853784885,0.720150126251534,-5.07287188212331,-6.00330522112388,-4.14243854312275,6.02823100114892e-10,1.9073486328125e-06,-2.5516896517342,-0.0347716377515341,-0.0411623016477374,-0.0283809738553307,-2.54646898457618,-11.4115030375209,3.01411550057446e-09,4.76837158203125e-05
2,41.6666666666667,24,0.5,4,20,248.94,260.115,-11.175,-14.5533439023347,-7.79665609766526,1.33674143384663e-06,2.288818359375e-05,-1.54811385191666,-11.175,-14.5533439023347,-7.79665609766526,-1.54811385191666,-6.92337561958939,4.01022430153989e-06,6.866455078125e-05
2,41.6666666666667,24,0.5,5,20,16.48474905,16.3676546767227,-0.709780232560551,-0.8529966147678,-0.566563850353302,2.90822206840727e-09,1.9073486328125e-06,-2.31947888300732,-0.117094373277346,-0.140751031909158,-0.0934377146455342,-2.31655088985457,-10.3730249095593,1.50179998100518e-08,4.76837158203125e-05
2,41.6666666666667,24,0.5,6,20,4.54324805,4.62051277664057,-1.69963191978957,-1.95989195913561,-1.43937188044352,2.7903455541425e-11,1.9073486328125e-06,-3.05637479373089,-0.0772647266405726,-0.0891131854718798,-0.0654162678092654,-3.05195854505032,-13.6685236069984,3.84521559486584e-10,4.76837158203125e-05
2,41.6666666666667,24,0.75,1,20,8.21691037,8.41008331313781,-2.35052991662077,-2.61187273124159,-2.08918710199995,9.54789128506881e-14,1.9073486328125e-06,-4.20934421057499,-0.193172943137812,-0.214719269497641,-0.171626616777983,-4.19596913224098,-18.8247595910817,1.05026804135757e-12,4.76837158203125e-05
2,41.6666666666667,24,0.75,2,20,6.349366725,6.57699266598779,-3.58380923060726,-3.95289322018826,-3.21472524102626,2.37898463307385e-14,1.9073486328125e-06,-4.54442456766817,-0.227625940987792,-0.251168614724636,-0.204083267250948,-4.52506885360495,-20.3232845038523,4.28217233953293e-13,4.76837158203125e-05
2,41.6666666666667,24,0.75,3,20,0.687926869,0.737658791812308,-7.23022463613531,-7.8460778560982,-6.61437141617241,7.32380547316945e-16,1.9073486328125e-06,-5.49457107907534,-0.0497319228123079,-0.0539533465028675,-0.0455104991217482,-5.51360347628073,-24.5724688800337,5.85904437853556e-15,4.76837158203125e-05
2,41.6666666666667,24,0.75,4,20,243.54,262.515,-18.975,-21.155262765587,-16.794737234413,1.7286115801255e-13,1.9073486328125e-06,-4.07316654762353,-18.975,-21.155262765587,-16.794737234413,-4.07316654762353,-18.2157545683287,1.7286115801255e-12,4.76837158203125e-05
2,41.6666666666667,24,0.75,5,20,16.99375815,16.7323566826325,-1.53535041744912,-1.7608168793267,-1.30988395557153,1.34747531535367e-11,1.9073486328125e-06,-3.18701995979852,-0.26140146736749,-0.300774975631374,-0.222027959103605,-3.10715651161593,-14.2527865515163,1.07798025228294e-10,4.76837158203125e-05
2,41.6666666666667,24,0.75,6,20,4.768992805,4.80612779475303,-0.779560733595882,-0.952215551650627,-0.606905915541136,1.29811222606043e-08,3.814697265625e-06,-2.1131507253187,-0.0371349897530245,-0.0453745650889395,-0.0288954144171094,-2.10929683607795,-9.45029733703119,1.42792344866647e-07,4.76837158203125e-05
2,41.6666666666667,24,1,1,20,8.30282648,8.55844537775035,-3.07872993799249,-3.10991223811788,-3.04754763786709,2.59266966499066e-33,1.9073486328125e-06,-46.2085849556464,-0.255618897750354,-0.258147805009766,-0.253089990490942,-47.306332114429,-206.651074209799,6.48167416247665e-32,4.76837158203125e-05
2,41.6666666666667,24,1,2,20,6.58011621,6.84793071026473,-4.07013947299404,-4.11236763693061,-4.02791130905747,4.09573383293033e-33,1.9073486328125e-06,-45.1093235396346,-0.267814500264727,-0.270474075274645,-0.26515492525481,-47.1282230825062,-201.735027707309,1.02393345823258e-31,4.76837158203125e-05
2,41.6666666666667,24,1,3,20,0.6991612265,0.754652127890202,-7.93704295474739,-7.99522802121465,-7.87885788828013,5.58840728380348e-36,1.9073486328125e-06,-63.8419902688552,-0.055490901390202,-0.0558476969228733,-0.0551341058575307,-72.788302817034,-285.510060120081,1.22944960243677e-34,4.76837158203125e-05
2,41.6666666666667,24,1,4,20,226.98,258.995,-32.015,-32.5872471525889,-31.4427528474111,1.2509271070446e-28,1.9073486328125e-06,-26.1835837080994,-32.015,-32.5872471525889,-31.4427528474111,-26.1835837080994,-117.096546131732,2.62694692479365e-27,4.76837158203125e-05
2,41.6666666666667,24,1,5,20,17.7813041,17.2101497183193,-3.21207072496042,-3.2337418865276,-3.19039956339323,1.15443526369502e-36,1.9073486328125e-06,-69.3684724310002,-0.571154381680725,-0.575226232570585,-0.567082530790865,-65.647904637696,-310.225239702073,2.65520110649855e-35,4.76837158203125e-05
2,41.6666666666667,24,1,6,20,5.04234152,5.03063671484992,0.232130684017174,0.2098086945999,0.254452673434449,6.80430886883125e-15,1.9073486328125e-06,4.86697230525851,0.0117048051500785,0.0105793809606563,0.0128302293395007,4.86751349940958,21.7657618383338,1.36086177376625e-13,4.76837158203125e-05
2,50,20,0,1,20,8.3220592,8.34447677219565,-0.269366735373171,-0.279156306288277,-0.259577164458066,8.62639443874041e-23,1.9073486328125e-06,-12.8777363030714,-0.0224175721956534,-0.0232371743593565,-0.0215979700319503,-12.8010237273179,-57.5909875399689,1.63901494336068e-21,4.76837158203125e-05
2,50,20,0,2,20,6.107198775,6.13217577205512,-0.408964251249559,-0.452696490301102,-0.365232012198016,4.71297817293229e-14,1.9073486328125e-06,-4.37666045568677,-0.0249769970551236,-0.0276494498408538,-0.0223045442693933,-4.37410700511645,-19.5730205867016,8.01206289398489e-13,4.76837158203125e-05
2,50,20,0,3,20,0.7838975995,0.788104997955292,-0.536731201880758,-0.53995851178771,-0.533503891973805,1.2950220223182e-37,1.9073486328125e-06,-77.8350831180181,-0.00420739845529231,-0.00423235624673535,-0.00418244066384927,-78.8981306747352,-348.08907377247,3.2375550557955e-36,4.76837158203125e-05
2,50,20,0,4,20,254.58,251.575,3.005,2.69924085145174,3.31075914854826,1.90922586507689e-14,1.9073486328125e-06,4.59964419043333,3.005,2.69924085145174,3.31075914854826,4.59964419043333,20.5702341642418,2.10014845158457e-13,4.76837158203125e-05
2,50,20,0,5,20,15.5176248,15.5059368838982,-0.0753216755365289,-0.0803484267525664,-0.0702949243204914,7.90859549357758e-18,1.9073486328125e-06,-7.01280563762824,-0.0116879161017801,-0.012467216172732,-0.0109086160308281,-7.01926423537772,-31.362220237461,1.10720336910086e-16,4.76837158203125e-05
2,50,20,0,6,20,4.41016406,4.41890843344114,-0.198275335357573,-0.207703209719487,-0.188847460995659,1.37313390382267e-20,1.9073486328125e-06,-9.8426972849736,-0.00874437344114347,-0.00916074179895139,-0.00832800508333556,-9.82901959004985,-44.0178804223072,3.02089458840988e-19,4.76837158203125e-05
2,50,20,0.25,1,20,8.36242805,8.50465622852524,-1.70099602943435,-2.19326015585514,-1.20873190301357,7.24952630839736e-07,1.9073486328125e-06,-1.61720223821036,-0.14222817852524,-0.18335539937771,-0.101100957672771,-1.61851044561111,-7.23234827600634,2.17485789251921e-06,4.76837158203125e-05
2,50,20,0.25,2,20,6.226614745,6.27841434419885,-0.833665109107758,-1.29530471727085,-0.372025500944665,0.00126700101098469,0.00120925903320312,-0.845177221132687,-0.0517995991988489,-0.0804767916226935,-0.0231224067750042,-0.84537420238117,-3.77974743897412,0.00633500505492346,0.0048370361328125
2,50,20,0.25,3,20,0.784756628,0.803501546342023,-2.3905664267779,-3.08481108053136,-1.69632177302444,7.61705262763095e-07,1.9073486328125e-06,-1.61156376385027,-0.0187449183420229,-0.0241765502515102,-0.0133132864325356,-1.61514844478109,-7.20713225208924,2.28511578828929e-06,4.76837158203125e-05
2,50,20,0.25,4,20,253.5,234.025,19.475,13.9997709617565,24.9502290382435,4.79613958709095e-07,1.33514404296875e-05,1.6646939335988,19.475,13.9997709617565,24.9502290382435,1.6646939335988,7.44473759451689,1.91845583483638e-06,5.340576171875e-05
2,50,20,0.25,5,20,15.7457333,15.6928544986176,-0.33605474877667,-0.454242897652857,-0.217866599900484,9.95908347560044e-06,1.9073486328125e-06,-1.33074648574176,-0.0528788013824251,-0.0714648545834696,-0.0342927481813805,-1.33153825470604,-5.95127920587504,2.98772504268013e-05,4.76837158203125e-05
2,50,20,0.25,6,20,4.4967438,4.55783299890777,-1.35951227066645,-1.73662540367886,-0.982399137654042,3.95120893731013e-07,1.9073486328125e-06,-1.68721604388044,-0.0610891989077725,-0.0779969849786088,-0.0441814128369361,-1.69097391259312,-7.54545953368988,3.16096714984811e-06,4.76837158203125e-05
2,50,20,0.5,1,20,8.41923215,8.63818097203013,-2.60062399573398,-3.01783240078756,-2.1834155906804,6.23208318963877e-11,1.9073486328125e-06,-2.91731777438311,-0.218948822030126,-0.254064894325111,-0.183832749735142,-2.91807130700676,-13.046641710978,4.36245823274714e-10,4.76837158203125e-05
2,50,20,0.5,2,20,6.37241936,6.45392261533117,-1.28097304406574,-1.70067438415693,-0.861271703974547,3.97740069112392e-06,1.9073486328125e-05,-1.42842965125649,-0.0815032553311691,-0.108203688034136,-0.0548028226282018,-1.42861720967051,-6.38813160257166,3.18192055289914e-05,0.000133514404296875
2,50,20,0.5,3,20,0.7859388215,0.816372648036729,-3.87544325936918,-4.55113808950805,-3.19974842923031,2.57444602226463e-10,1.9073486328125e-06,-2.68429355345961,-0.030433826536729,-0.0357218962766399,-0.0251457567968181,-2.69351010145984,-12.0045257142003,1.54466761335878e-09,4.76837158203125e-05
2,50,20,0.5,4,20,251.7,233.975,17.725,13.6356349251599,21.8143650748401,2.46655724374482e-08,5.7220458984375e-06,2.0285680544473,17.725,13.6356349251599,21.8143650748401,2.0285680544473,9.07203213345733,1.47993434624689e-07,4.76837158203125e-05
2,50,20,0.5,5,20,16.02914745,15.9187038959258,-0.689269446330159,-0.836570133625639,-0.541968759034679,7.35224903472026e-09,1.9073486328125e-06,-2.18999677944812,-0.11044355407416,-0.133999107209059,-0.0868880009392604,-2.1943519690201,-9.79396333870321,2.9408996138881e-08,4.76837158203125e-05
2,50,20,0.5,6,20,4.60881669,4.69601866463826,-1.89252644349511,-2.17749311714195,-1.60755976984827,2.0843161443784e-11,1.9073486328125e-06,-3.10818675303782,-0.0872019746382606,-0.100281947437121,-0.0741220018394006,-3.12017318587447,-13.9002337331138,3.12647421656761e-10,4.76837158203125e-05
2,50,20,0.75,1,20,8.560451275,8.75984129137566,-2.32936906103682,-2.50503671073795,-2.15370141133568,7.69421237990114e-17,1.9073486328125e-06,-6.20591372565635,-0.199390016375664,-0.214390420030774,-0.184389612720554,-6.22099260164408,-27.7536899061331,1.00024760938715e-15,4.76837158203125e-05
2,50,20,0.75,2,20,6.597943,6.70398644488741,-1.60825476285095,-1.96504046074474,-1.25146906495715,1.33279213745792e-08,3.814697265625e-06,-2.10963164345155,-0.106043444887406,-0.129482220289651,-0.0826046694851609,-2.11742546536578,-9.43455952448451,1.19951292371213e-07,4.76837158203125e-05
2,50,20,0.75,3,20,0.7902807665,0.830723495693297,-5.12042115447144,-5.53019784916968,-4.7106444597732,2.31327284869509e-16,1.9073486328125e-06,-5.84813850625329,-0.0404427291932973,-0.0436197293063401,-0.0372657290802545,-5.95775235250918,-26.1536704836329,2.08194556382558e-15,4.76837158203125e-05
2,50,20,0.75,4,20,246.3,229.795,16.505,14.4113990664869,18.5986009335131,1.01739266657663e-12,1.9073486328125e-06,3.68961326598131,16.505,14.4113990664869,18.5986009335131,3.68961326598131,16.5004521468384,9.15653399918966e-12,4.76837158203125e-05
2,50,20,0.75,5,20,16.54597425,16.3138790164527,-1.40161381332208,-1.53222218251178,-1.27100544413238,3.82415872341126e-15,1.9073486328125e-06,-5.02246112513003,-0.23209523354733,-0.254104997546796,-0.210085469547864,-4.9352602310584,-22.4611289802817,4.20657459575239e-14,4.76837158203125e-05
2,50,20,0.75,6,20,4.837261155,4.88055045795163,-0.896345976188216,-1.02529142632423,-0.767400526052207,9.40098208015455e-12,1.9073486328125e-06,-3.25333565123956,-0.043289302951625,-0.0494654325770007,-0.0371131733262493,-3.28037438560149,-14.5493593395904,1.55742232942905e-10,4.76837158203125e-05
2,50,20,1,1,20,8.627223645,8.86956855719435,-2.80910223615301,-2.85658610247062,-2.7616183698354,4.33536936057662e-29,1.9073486328125e-06,-27.6873055541079,-0.242344912194355,-0.246407679116617,-0.238282145272092,-27.9171590198828,-123.821394665585,9.97134952932622e-28,4.76837158203125e-05
2,50,20,1,2,20,6.843625925,6.98019689047086,-1.99568882065355,-2.03239704594252,-1.95898059536458,2.15416804371728e-28,1.9073486328125e-06,-25.4441916340147,-0.136570965470855,-0.139001550124542,-0.134140380817169,-26.2970389622514,-113.789884252376,4.95458650054974e-27,4.76837158203125e-05
2,50,20,1,3,20,0.8047183765,0.846309380071654,-5.16855650517655,-5.22140704528095,-5.11570596507214,3.10772149658027e-33,1.9073486328125e-06,-45.7698048125799,-0.0415910035716543,-0.041990110176898,-0.0411918969664107,-48.7719035296668,-204.688789755651,4.97235439452843e-32,4.76837158203125e-05
2,50,20,1,4,20,229.38,225.66,3.72,3.11308000577249,4.32691999422751,8.31923407673636e-11,1.9073486328125e-06,2.8686047723606,3.72,3.11308000577249,4.32691999422751,2.8686047723606,12.8287905431572,5.82346385371545e-10,4.76837158203125e-05
2,50,20,1,5,20,17.34192,16.858072436725,-2.79001666069191,-2.81282764427807,-2.76720567710575,4.4398529569388e-35,1.9073486328125e-06,-57.2429499334607,-0.483847563275025,-0.487955218990434,-0.479739907559616,-55.1281913122435,-255.99825456767,9.76767650526536e-34,4.76837158203125e-05
2,50,20,1,6,20,5.10970846,5.10670363485261,0.0588042777280996,0.00979067460808526,0.107817880848114,0.021236603117728,0.0192337036132812,0.561502264350579,0.00300482514739162,0.000499733980784856,0.00550991631399839,0.561377356839681,2.5111144652159,0.0637098093531841,0.0577011108398438
