spacing,variant,seed,completion,fuel_L100,speed_sd,acceleration_rms,stopped_vehicle_s,mean_speed,total_fuel_L,minimum_gap,violations,filter_count,hdv_filter_count,cav_filter_count,filter_mean_delta,filter_max_delta
40,1,0,100,7.39745103045489,6.94709700458537,0.444547963887911,311.9,17.8904657849473,4.52013326073132,2.00000000546981,0,16399,0,16399,0.164809231810216,3.69527721831214
40,1,1,100,7.35839125691416,6.86013127262331,0.441982835085122,296.2,18.0187369259286,4.5285423579763,2.00000001390413,0,17859,0,17859,0.168050838072742,3.98134850178815
40,1,2,100,7.3913596599777,6.98105909314054,0.439456391687733,314.9,17.8960250853089,4.51782584560701,2.00000000482635,0,18508,0,18508,0.168259504365,2.45407521136292
40,1,3,100,7.39634203009443,6.92285384192995,0.442444684085161,307.6,17.9099839577712,4.52439110153342,2.0000000071758,0,14941,0,14941,0.161261024545372,3.40530957347943
40,1,4,100,7.33827318428654,6.77188032879397,0.442994642543046,291.4,17.9283920562392,4.49350955795192,2.00000001858803,0,17462,0,17462,0.167344658998318,2.68291901607688
40,1,5,100,7.36365993408288,6.8940627371557,0.44091650006836,306.4,17.8910282262131,4.49963285078015,2.00000000785337,0,17882,0,17882,0.167473060126241,2.03747315864469
40,1,6,100,7.35364191369379,6.93909374855907,0.441719744782069,310.1,17.9177071149891,4.50020367161232,2.00000000623425,0,19673,0,19673,0.170390948660787,3.210158320653
40,1,7,100,7.38439521731476,6.92585540080093,0.441941601735096,306.9,17.9150422265061,4.51835498103954,2.00000000754699,0,14418,0,14418,0.160066009364918,2.77756445131896
40,1,8,100,7.35933510961097,6.9105380496761,0.441804090051595,308.6,17.8961248124588,4.49827042417648,2.00000000660896,0,18227,0,18227,0.16793333507369,2.06977531442869
40,1,9,100,7.3956989760448,6.97234178754209,0.440565082069317,313.6,17.896005612288,4.52046962175939,2.0000000051615,0,17041,0,17041,0.165753214104695,2.32182676470044
40,1,10,100,7.38807137940171,6.99175266263343,0.442255820455128,311.7,17.9787189643933,4.53669227370863,2.00000000570572,0,17313,0,17313,0.166531353872017,3.71854215684997
40,1,11,100,7.33765821967187,6.7693608528942,0.443672966390796,290.2,17.9186177311629,4.49067097925661,2.00000002069703,0,17468,0,17468,0.167861616179631,4.08494310088792
40,1,12,100,7.37373684705159,6.94535197658636,0.441091720771995,309.4,17.9217891652729,4.51353005131953,2.00000000651471,0,15969,0,15969,0.163677317917474,3.35956970885869
40,1,13,100,7.37927249392301,6.93516960225992,0.441530857503554,310.1,17.9014357758244,4.51179734708597,2.0000000063751,0,17215,0,17215,0.166131066898771,2.88495766211479
40,1,14,100,7.39537310476803,6.94332473144291,0.439800471561154,310.3,17.908661607038,4.52347311308067,2.00000000617445,0,15964,0,15964,0.163229321560161,1.78392441388385
40,1,15,100,7.40740040716857,6.98952052364414,0.442285010842989,316.6,17.8845615848079,4.52472913688309,2.00000000421767,0,18010,0,18010,0.167516132893502,3.40459873951032
40,1,16,100,7.41441783414562,7.05248570579271,0.439650891790059,320,17.9378967884301,4.54251451093538,2.00000000350451,0,15574,0,15574,0.162032775035279,2.32936338312453
40,1,17,100,7.43248107615076,7.0501502608546,0.441868498444512,315.2,18.0147503537519,4.57310702230519,2.00000000463376,0,11508,0,11508,0.149697593740758,3.28953393033003
40,1,18,100,7.36130844219912,6.87424368662246,0.443833932604975,305.3,17.8585005868481,4.49001341967008,2.00000000833302,0,17127,0,17127,0.166381069446781,3.4668620048938
40,1,19,100,7.38248108953066,7.01137665180772,0.441160678734916,312.8,18.0032159327261,4.53943467232944,2.00000000530372,0,18326,0,18326,0.16788214493619,3.00630073765115
40,2,0,100,7.64351971948954,7.08831456535755,0.550223689646271,343.9,17.6949547194632,4.61960388556676,2.1000000000696,0,15038,0,15038,0.195639550213346,4
40,2,1,100,7.70735060400657,7.01807877267563,0.567504270574021,336.7,17.6972407059032,4.65869271735356,2.10000000008927,0,16306,0,16055,0.193084792359068,4.69833912601568
40,2,2,100,7.72382739896332,7.16107846705874,0.565439442638303,350.8,17.770826553807,4.68812578447127,2.10000000004277,0,18193,0,18095,0.187298891272704,4
40,2,3,100,7.66593364559592,7.02702430544126,0.547927032007955,336.2,17.6241343304489,4.61461527089144,2.10000000066987,0,13914,0,13249,0.177358689256732,4
40,2,4,100,7.63683206907439,6.9784208085449,0.558292981042353,332,17.7353923846571,4.62614761148138,2.10000000013804,0,17014,0,17014,0.193214441184465,4
40,2,5,100,7.71582870332499,7.06649323394735,0.570679328593927,342.8,17.691293231492,4.66223754478485,2.10000000006175,0,17036,0,16647,0.18485779135517,4.7066851100145
40,2,6,100,7.65449814360027,7.12040841356866,0.560697552843696,346.2,17.7766065423066,4.64759209540735,2.1000000000588,0,19139,0,19009,0.189286296211556,4
40,2,7,100,7.63049768342704,7.04278909591967,0.554991363473948,340.6,17.6358452301494,4.59628812349804,2.1000000000663,0,14145,0,14145,0.191777274044027,4
40,2,8,100,7.70908075947503,7.07032454928427,0.566134994539394,344.1,17.6751271393664,4.65402095496133,2.1000000000671,0,17277,0,17004,0.189154888744166,4
40,2,9,100,7.74287126377642,7.08573544376051,0.550570068325217,340.9,17.6491871632678,4.66748522114807,2.10000000051173,0,15892,0,15663,0.188890930926477,4
40,2,10,100,7.81688291857129,7.15518671124462,0.577897334991494,345.6,17.8126749345161,4.7558582009121,2.10000000007528,0,18791,0,17064,0.159670341932478,4
40,2,11,100,7.65647774699571,6.98466651607354,0.566128522024059,332.2,17.728506185214,4.63625912773475,2.10000000012542,0,16773,0,16773,0.194670275934231,4.16186617781099
40,2,12,100,7.67814357556773,7.13285823023945,0.560965145260838,347.5,17.7615451280773,4.65788865766631,2.10000000004823,0,15875,0,15436,0.188934845099259,4
40,2,13,100,7.67987049087754,7.06346628376506,0.548324910461099,339,17.6627105969613,4.63313419017025,2.10000000058903,0,15677,0,15080,0.179500238248601,4
40,2,14,100,7.63088711288593,7.11632039893586,0.548465378593377,343.3,17.7870514104401,4.63593089012159,2.10000000005493,0,16109,0,15813,0.183823655237749,4
40,2,15,100,7.78725207478339,7.14637203985198,0.57217710053826,350.1,17.7114743104503,4.71082824101208,2.10000000004936,0,17586,0,16994,0.180442944362197,4.24921921119514
40,2,16,100,7.78297043798326,7.19843654596669,0.573999583116268,354.5,17.7329080810016,4.71396685364665,2.10000000003913,0,15203,0,13883,0.167125840717986,4
40,2,17,100,7.77975057461202,7.14940578186552,0.574830083089348,349.1,17.7154217240467,4.70727797098051,2.100000000048,0,15073,0,13940,0.172770699499264,4.59455644621119
40,2,18,100,7.61932008473569,6.99237831917235,0.539546958444709,328.3,17.7312971058688,4.61449148017136,2.10000000064417,0,17074,0,17074,0.193403028477278,4
40,2,19,100,7.74194166168179,7.12948392621859,0.552836814624495,339.8,17.7880469270541,4.70364016436885,2.10000000053947,0,17600,0,16463,0.168807818668873,4
28,1,0,100,8.16081654291379,6.64784201630488,0.657740672188295,299.5,17.1603194736867,4.78289681954009,2.00000000340731,0,20543,894,18490,0.180987171249185,5.8
28,1,1,100,8.11792112069964,6.56877360415919,0.646563365385357,284.5,17.1822979336783,4.76380163285365,2.00000001166757,0,20400,614,19384,0.193139569199136,6.07918725538628
28,1,2,100,8.19158623003096,6.61451246698406,0.646692294697412,292.9,16.8885380009667,4.72474254870112,2.00000000948739,0,20605,1256,19136,0.195033864652574,5.8
28,1,3,100,8.44690186191925,6.80935150135839,0.693270153163789,322.4,16.650433077948,4.80322272248699,2.00000000118655,0,19073,1428,15622,0.17487276062981,5.8
28,1,4,100,8.1769503478747,6.64319121293945,0.648667170423203,307.4,16.8070484853999,4.69352880122015,2.00000000703619,0,20771,810,19556,0.191449720810354,5.8
28,1,5,100,8.18049675787866,6.60314597382414,0.651910727043559,293.7,16.9375650862107,4.73206286176316,2.00000001036187,0,20256,1019,18858,0.1907692903769,5.8
28,1,6,100,8.28111034806562,6.66924756071696,0.670468948464179,308.6,16.8461195698018,4.76434848311809,2.000000002869,0,21314,1075,20012,0.195926329484557,5.8
28,1,7,100,8.12430488571422,6.61439967187839,0.650298968231103,293.4,17.056266254194,4.73258724630233,2.0000000079375,0,20040,1288,16389,0.171762632501775,5.8
28,1,8,100,8.15347213930084,6.5730740213233,0.656905074329273,288,16.9665400781737,4.72455214286643,2.00000000471164,0,21019,887,20132,0.198193332226514,5.8
28,1,9,100,8.14594593225488,6.60920012653257,0.642287430751118,285.6,17.1344221677284,4.76687918056019,2.00000002187244,0,20372,974,18633,0.178676274501937,5.8
28,1,10,100,8.44302757325022,6.81665428431552,0.691532726341693,320.5,16.7393034390358,4.8267217873789,2.00000000137356,0,21178,1083,19133,0.17956221656142,5.8
28,1,11,100,8.03404019261177,6.44479667064528,0.635514566906253,281,17.0235145738966,4.67094070951343,2.00000003313733,0,20801,668,19730,0.1948369415516,5.8
28,1,12,100,8.30509321719424,6.73141054292183,0.672042394791172,298,16.9017463749718,4.79391490261251,2.00000000719876,0,19145,1215,16240,0.181008243309858,5.8
28,1,13,100,8.47034732742731,6.81088081108629,0.692300764160527,323.7,16.6100657818332,4.80489092994874,2.00000000117689,0,19564,1342,17261,0.18833257732302,5.8
28,1,14,100,8.35041144860747,6.77580470893608,0.681941283246272,314.9,16.951440253776,4.83425783867994,2.0000000012252,0,19717,1193,16458,0.172754233644058,6.11109169770201
28,1,15,100,8.4367081160797,6.78235058204032,0.686157465612935,321.6,16.659980927569,4.80013495800959,2.00000000127704,0,19872,1353,18333,0.194813214766391,5.8
28,1,16,100,8.31557015853073,6.75485903653139,0.672488450545266,305.4,16.776841260576,4.76440906211425,2.00000000398632,0,19815,1792,16513,0.181575219713158,5.8
28,1,17,100,8.35803147754313,6.76719525151026,0.677438230256236,303.4,16.8273391593601,4.80324131436594,2.00000000421517,0,19140,1608,15240,0.170928923738006,5.8
28,1,18,100,8.23313769716948,6.71086349326534,0.668573119442082,300.3,16.8677641800406,4.7429326335883,2.00000000764544,0,20064,868,18676,0.173359987266033,5.8
28,1,19,100,8.47276644910326,6.85783021826904,0.696333982396731,320.6,16.7786538770987,4.85510324962053,2.00000000140699,0,20326,1110,18536,0.186265439805496,5.8
28,2,0,100,8.08394235023339,6.53929346570539,0.655686954696309,283.6,17.2218539354155,4.7550233514817,2.09385862534941,0,20635,893,18586,0.204114656238724,5.94904953193301
28,2,1,100,7.9984626736623,6.43994560527809,0.638126404927829,267.8,17.2712911610909,4.71820069809437,2.0973630491776,0,20590,641,19572,0.210170150523811,6.14731335105602
28,2,2,100,8.16756330447902,6.56404004296677,0.651075431689943,281.7,17.0077271337568,4.74437861417646,2.10000001274557,0,20518,1077,19345,0.210585532142913,6.45976629702789
28,2,3,100,8.27280711923981,6.45631276384751,0.670923880663855,264.4,17.0900095726042,4.82879760664066,2.10000001256435,0,19642,1163,16500,0.19654183237972,5.8
28,2,4,100,8.19460253025676,6.55404557497619,0.651494175842403,290.5,16.8891700032046,4.72695397590502,2.10000001680817,0,20397,601,19415,0.206455296966022,5.8
28,2,5,100,8.09281442996797,6.47043024779244,0.646151059710237,271.6,17.0725665159615,4.71892762709068,2.10000002663583,0,20558,849,19307,0.207826889752593,5.8
28,2,6,100,8.36434616887157,6.67435474640876,0.69037239562518,298.1,16.8774838396032,4.82145092523928,2.10000000374635,0,20797,904,19699,0.211878066246085,5.8
28,2,7,100,8.18063040359891,6.60922066062512,0.659963325820732,282.3,17.0539455230243,4.76487567023273,2.10000001228229,0,19386,1085,15936,0.190559877897934,6.36178434479855
28,2,8,100,8.22994011156417,6.55931902981348,0.674240697664709,279.4,16.9634284015505,4.76811404480965,2.10000000349385,0,20778,808,19970,0.214182187655044,6.21472506674391
28,2,9,100,8.04594133522559,6.47510521882761,0.625452796407672,267.8,17.2145394067578,4.73070658001803,2.10000007004533,0,20543,922,18835,0.198845473022209,5.8
28,2,10,100,8.40046489263765,6.72944397159327,0.691203652590014,296.2,16.9924030589702,4.87517306257235,2.10000000438845,0,21274,811,19337,0.190654967361025,5.8
28,2,11,100,7.9761426268988,6.35745024150906,0.626537586399754,265.6,17.0610104694758,4.64769911971179,2.10000007213102,0,20720,724,19605,0.207731474600551,5.8
28,2,12,100,8.10517706251905,6.56346884010141,0.659737558779065,279.8,17.2027972509078,4.76218313392886,2.1000000008612,0,20439,1020,17915,0.198312921739882,6.14109169504095
28,2,13,100,8.27772032137862,6.43321682433736,0.669516474906963,264.6,17.0371289321981,4.81674764833203,2.10000001334379,0,20434,1092,18483,0.207227007649276,5.8
28,2,14,100,8.24112234905019,6.66633575654146,0.675682115078264,294.8,17.1565316330685,4.8291234045446,2.10000000065986,0,20342,879,17985,0.194419350490878,5.9625570293148
28,2,15,100,8.35104660484501,6.67402649097212,0.686130576585747,295,16.9730469836551,4.8411118286277,2.10000000384957,0,20267,953,19089,0.208431719057981,5.8
28,2,16,100,8.18410059318903,6.62901126352634,0.655736557423847,281.3,17.1401522558018,4.79109521875009,2.10000001367848,0,19793,1327,16697,0.194790393284145,5.8
28,2,17,100,8.21408595139946,6.64693798506802,0.662219589433853,280.4,17.1789069801594,4.81941224567153,2.10000001189735,0,19726,1162,15700,0.18156394183717,6.35584877855499
28,2,18,100,8.15683597130886,6.56324040333754,0.661897026552722,280.9,16.9727635521425,4.72841935505067,2.10000001862056,0,20400,725,19275,0.20027006462983,5.8
28,2,19,100,8.26087216721298,6.46621682454575,0.672977517650768,261.9,17.1867651216492,4.84908935034697,2.10000001503545,0,21456,954,20257,0.203088416156055,6.13224185581434
20,1,0,100,9.05750861191918,6.97779078849405,0.859977010067855,252.1,15.9170826664318,4.92329557640854,2.0000000725031,0,20023,1430,17609,0.236420704431261,5.8
20,1,1,100,8.94821573621705,6.8833025383162,0.849684435351999,226.8,16.1604183565589,4.93838353312512,2.0000002668786,0,21303,873,19933,0.241030902373436,5.8
20,1,2,100,8.95846346457767,6.82175683838606,0.849347220637327,237.2,16.1095253974964,4.92845915537777,2.00000017909372,0,22005,1382,20623,0.241021945026969,6.18589092023402
20,1,3,100,8.8192419131065,6.76002785544549,0.829733627437197,233.6,16.3947977768859,4.9378006247458,2.00000082594443,0,20939,1168,18372,0.227897967559,5.8
20,1,4,100,8.81691189783819,6.67534859116847,0.836579676844568,241,16.1318567247849,4.85727018347978,2.00000032626622,0,21002,821,20181,0.242233292013453,5.8
20,1,5,100,8.90663556751296,6.84648186689755,0.840319431358711,245.9,16.0524762298806,4.88254619413738,2.00000026007513,0,20940,1153,19787,0.241023704380401,5.86447295970907
20,1,6,100,8.8770564794615,6.77884184636427,0.850612396620089,230.4,16.2094901725693,4.91389295831011,2.00000021528285,0,22721,1180,21520,0.239511145543819,5.8
20,1,7,100,8.83404065993867,6.73952424185766,0.845406504424734,223.6,16.4298257099607,4.95674603311744,2.00000042543843,0,21126,1267,18113,0.232095192417043,5.89211040234833
20,1,8,100,9.04772480571083,6.91942876996182,0.855671597533868,244.2,15.9058717764324,4.91451784663656,2.00000013253555,0,21275,1166,19840,0.237882004316528,5.8
20,1,9,100,9.0295235693344,6.94906309109714,0.85404263253907,248.6,15.9510613910952,4.91854680683311,2.0000000866105,0,20250,1436,18123,0.235401310089586,5.8
20,1,10,100,9.04085704088895,6.90074146712223,0.855169432227804,248.2,15.8783898727258,4.90224685673703,2.0000000890044,0,22500,1230,20994,0.238411622382602,5.8
20,1,11,100,8.91026160064889,6.7814033772807,0.848575846213624,234.7,16.037243732796,4.87987295390304,2.0000002851333,0,21724,891,20464,0.240115063867346,5.8
20,1,12,100,8.88990014116491,6.88034191320613,0.844169212028747,247.3,16.2037365618185,4.91931795971603,2.00000024054646,0,20690,1415,18193,0.236840323309931,5.8
20,1,13,100,8.91511663087803,6.87746883621425,0.844150452297483,246.4,16.1709049339435,4.9232722788122,2.00000029194064,0,21668,1242,19648,0.231945979426224,5.8
20,1,14,100,8.8654562085234,6.77983411364201,0.842803066576121,227.8,16.2812539909958,4.92929042129448,2.00000037086488,0,20690,1325,18270,0.23687879977546,5.8
20,1,15,100,9.03261572867893,6.9127583596028,0.853235790213974,242.8,15.9726221870899,4.92688379464197,2.00000014203056,0,21348,1417,19571,0.233491028797973,5.8
20,1,16,100,8.91922763183798,6.83525014044193,0.847227694754932,235,16.2599313301895,4.95266357427524,2.00000029820751,0,21186,1775,18674,0.239144489539852,5.8
20,1,17,100,8.86321365823784,6.81213894924713,0.845576361086851,221.2,16.5580141388307,5.01186054015988,2.00000069000669,0,21329,1385,17142,0.21549861264034,5.8
20,1,18,100,9.03297479384432,6.90989219173442,0.856559481258615,247,15.869042767793,4.89508096932152,2.00000009622477,0,20092,1038,18590,0.23340621443105,5.8
20,1,19,100,8.96483155852257,6.8672003099247,0.848787062475416,228.5,16.16612177146,4.94927802451684,2.00000024581414,0,22175,1109,20927,0.241692332219739,5.8
20,2,0,100,8.79293441132788,6.75707212811669,0.836534374635958,231.5,16.3261812933803,4.90265790062058,2.10000055632747,0,20682,1185,18782,0.245326024510974,5.8
20,2,1,100,8.7732091456704,6.75190363884191,0.835451665902704,230.3,16.3087335263985,4.8864285460919,2.10000039672911,0,21439,792,20272,0.251234829429025,6.95544430464175
20,2,2,100,8.76830491767994,6.68264010972668,0.834224204810856,230.8,16.2913574877088,4.87860278524268,2.1000002286479,0,22096,1174,20922,0.25225627510137,6.45325253558961
20,2,3,100,8.70274649885751,6.6583004840146,0.816699730222348,220.5,16.463575576667,4.89326084354665,2.10000158972832,0,21243,1206,18595,0.238440563089066,5.8
20,2,4,100,8.70121644264044,6.53823369037505,0.823812607866652,226.1,16.1988636006623,4.81368613603517,2.10000081356361,0,21157,798,20359,0.252975941061677,5.8
20,2,5,100,8.76149980848136,6.68950114940312,0.826968385907562,233.1,16.1657913515719,4.83708458796027,2.10000035871576,0,21332,1126,20206,0.25355059348574,6.94698987909323
20,2,6,100,8.74561153437063,6.67302002047069,0.835457220878472,231.8,16.3221121786436,4.87506342503929,2.10000052385396,0,22788,1129,21659,0.248770694804131,5.8
20,2,7,100,8.73682760243501,6.70694331707051,0.832892954878984,230.6,16.4613814387344,4.91186922660472,2.10000026144996,0,21121,1323,18061,0.241762892780928,6.49901663460447
20,2,8,100,8.79736469868125,6.71446485449405,0.834149168409737,231.9,16.1517662156799,4.85270379532527,2.10000056000024,0,21859,1037,20822,0.248298194232478,5.8
20,2,9,100,8.75222444268021,6.7201545731195,0.831599089849553,230.7,16.3260773973045,4.87998947936823,2.10000040506122,0,20955,1181,19382,0.248868143327449,6.92806781401964
20,2,10,100,8.78738344842579,6.73250584666482,0.834012711174561,230.7,16.3150940811307,4.89626365831126,2.10000044237074,0,23301,969,22301,0.242828178570223,6.97048606973923
20,2,11,100,8.70858308281633,6.58039660649054,0.827642361148043,221.7,16.2026517557545,4.81893799645025,2.10000116175331,0,21856,808,20643,0.250640242008385,5.8
20,2,12,100,8.75071193261072,6.73224956925512,0.832830476084658,232.6,16.3462003185524,4.88510810237735,2.10000040705404,0,21094,1366,18640,0.248268124911824,6.98254751007355
20,2,13,100,8.77888536782006,6.72462097563124,0.826154298005918,233.5,16.2649461424499,4.87655451362069,2.10000055348144,0,22081,1250,20054,0.24485982995094,5.8
20,2,14,100,8.7677324017316,6.72868868676854,0.826698788642334,232.9,16.3480220040947,4.8952483240519,2.1000005508281,0,20281,1354,18209,0.247623647083465,5.8
20,2,15,100,8.80573991555195,6.7405296324916,0.832899400973804,232.4,16.2506081100509,4.8870495862005,2.10000055190199,0,22030,1261,20769,0.243734163427875,5.8
20,2,16,100,8.77712969606767,6.75965946404333,0.828670769492192,232,16.379586203547,4.90985412046321,2.10000041034414,0,21124,1671,18745,0.249155554106722,6.9985613490266
20,2,17,100,8.75151846235273,6.78513548921795,0.828862296256922,223,16.6225495788848,4.96833486253398,2.1000010863421,0,21214,1244,17150,0.225908826451728,5.8
20,2,18,100,8.74548711058475,6.64342085050669,0.833992624634794,229.2,16.1841041666813,4.83374552454654,2.10000041540877,0,20865,883,19982,0.253597309385985,6.9105470207709
20,2,19,100,8.79171490672706,6.76028781104549,0.834916784089894,230.6,16.347977901156,4.90856574464206,2.10000044631647,0,22548,1021,21527,0.249506193258054,6.96489628684349
40,130,0,100,7.40019445300171,6.94673819817452,0.447323904529201,307.4,17.876822972182,4.51853812114882,2.10000000545415,0,16166,0,16166,0.183975871270694,3.77220029523522
40,130,1,100,7.36083041117104,6.85989785073625,0.444717196915592,291.7,18.0047673524137,4.52670714930572,2.10000001385924,0,17612,0,17612,0.184788750285596,4.05827157871123
40,130,2,100,7.39395971782003,6.98014898288467,0.442230657303316,310,17.8814947643325,4.51592207613948,2.10000000481728,0,18305,0,18305,0.185330533834185,2.530998288286
40,130,3,100,7.39930949737603,6.92312206789008,0.445264834830663,302.7,17.8975417219246,4.52323895242252,2.10000000715445,0,14695,0,14695,0.181920580227154,3.48223265040251
40,130,4,100,7.34222149270152,6.77923649407547,0.445836625420122,288.2,17.9064171365311,4.49058912349254,2.10000001727587,0,17202,0,17202,0.184345404644185,2.75984209299996
40,130,5,100,7.3674898267814,6.90106797597444,0.443635002672007,302.8,17.8690991387432,4.49662830155089,2.1000000072986,0,17663,0,17663,0.184642978102917,2.11439623556777
40,130,6,100,7.35590461479948,6.93820959005756,0.444539474741246,305.2,17.9030495107616,4.49808134690714,2.10000000621619,0,19460,0,19460,0.186198148467411,3.28708139757608
40,130,7,100,7.38896946533995,6.93381362087942,0.444751365602899,303.3,17.8949929772851,4.51626830944034,2.100000007017,0,14180,0,14180,0.181377219343861,2.85448752824203
40,130,8,100,7.36168654512883,6.90964455838895,0.444563528747744,304,17.8813937304541,4.49617936791124,2.10000000659068,0,18010,0,18010,0.184989400775698,2.14669839135177
40,130,9,100,7.39859251437607,6.97175026732068,0.443371621641003,308.8,17.8821703645828,4.51891887670172,2.10000000515174,0,16829,0,16829,0.18413538502879,2.39874984162351
40,130,10,100,7.39063985862069,6.99091765414266,0.445011832100236,306.9,17.9641208819491,4.53476085399809,2.10000000569369,0,17171,0,17171,0.184623854373811,3.79546523377305
40,130,11,100,7.34215497466539,6.77663097677709,0.446551042861396,286.8,17.8968098927885,4.48812686021089,2.10000001924482,0,17207,0,17207,0.184789459090013,4.16186617781099
40,130,12,100,7.37814723669407,6.95294992066099,0.443946534898751,306,17.9011072277295,4.51119172685544,2.10000000605351,0,15734,0,15734,0.183140035197614,3.43649278578177
40,130,13,100,7.38192357132887,6.93471062422346,0.444297768704987,305.2,17.8875024472651,4.51008154951545,2.10000000635887,0,16989,0,16989,0.184221412243272,2.96188073903787
40,130,14,100,7.39915972665142,6.95100354049786,0.442491277013021,306.6,17.8879274932634,4.52072376429759,2.10000000573643,0,15728,0,15728,0.182762804284714,1.86084749080693
40,130,15,100,7.41039314730775,6.98862588176196,0.44514315408396,311.8,17.8701157598591,4.52307785240088,2.10000000420405,0,17824,0,17824,0.185104419824111,3.48152181643339
40,130,16,100,7.41833291745889,7.0601006572128,0.442414283548528,316.5,17.9174165904393,4.53989894329078,2.10000000325601,0,15405,0,15405,0.182546868405634,2.40628646004761
40,130,17,100,7.43567285555746,7.05101077232723,0.44469279677907,310.3,18.0033894268141,4.57236383226848,2.10000000462003,0,11273,0,11273,0.176806442164308,3.3664570072531
40,130,18,100,7.36422860429141,6.87346755598853,0.446669684749509,300.4,17.8441472871563,4.4883601013195,2.10000000831246,0,16905,0,16905,0.184298533101799,3.54378508181687
40,130,19,100,7.38481650285495,7.01061559781428,0.444019321621867,308.1,17.9887213785212,4.53739106836963,2.10000000528885,0,18145,0,18145,0.185053687102012,3.08322381457422
28,130,0,100,8.08394235023339,6.53929346570539,0.655686954696309,283.6,17.2218539354155,4.7550233514817,2.09385862534941,0,20635,893,18586,0.204114656238724,5.94904953193301
28,130,1,100,7.9984626736623,6.43994560527809,0.638126404927829,267.8,17.2712911610909,4.71820069809437,2.0973630491776,0,20590,641,19572,0.210170150523811,6.14731335105602
28,130,2,100,8.16756330447902,6.56404004296677,0.651075431689943,281.7,17.0077271337568,4.74437861417646,2.10000001274557,0,20518,1077,19345,0.210585532142913,6.45976629702789
28,130,3,100,8.27280711923981,6.45631276384751,0.670923880663855,264.4,17.0900095726042,4.82879760664066,2.10000001256435,0,19642,1163,16500,0.19654183237972,5.8
28,130,4,100,8.19460253025676,6.55404557497619,0.651494175842403,290.5,16.8891700032046,4.72695397590502,2.10000001680817,0,20397,601,19415,0.206455296966022,5.8
28,130,5,100,8.09281442996797,6.47043024779244,0.646151059710237,271.6,17.0725665159615,4.71892762709068,2.10000002663583,0,20558,849,19307,0.207826889752593,5.8
28,130,6,100,8.36434616887157,6.67435474640876,0.69037239562518,298.1,16.8774838396032,4.82145092523928,2.10000000374635,0,20797,904,19699,0.211878066246085,5.8
28,130,7,100,8.18063040359891,6.60922066062512,0.659963325820732,282.3,17.0539455230243,4.76487567023273,2.10000001228229,0,19386,1085,15936,0.190559877897934,6.36178434479855
28,130,8,100,8.22994011156417,6.55931902981348,0.674240697664709,279.4,16.9634284015505,4.76811404480965,2.10000000349385,0,20778,808,19970,0.214182187655044,6.21472506674391
28,130,9,100,8.04594133522559,6.47510521882761,0.625452796407672,267.8,17.2145394067578,4.73070658001803,2.10000007004533,0,20543,922,18835,0.198845473022209,5.8
28,130,10,100,8.40046489263765,6.72944397159327,0.691203652590014,296.2,16.9924030589702,4.87517306257235,2.10000000438845,0,21274,811,19337,0.190654967361025,5.8
28,130,11,100,7.9761426268988,6.35745024150906,0.626537586399754,265.6,17.0610104694758,4.64769911971179,2.10000007213102,0,20720,724,19605,0.207731474600551,5.8
28,130,12,100,8.10517706251905,6.56346884010141,0.659737558779065,279.8,17.2027972509078,4.76218313392886,2.1000000008612,0,20439,1020,17915,0.198312921739882,6.14109169504095
28,130,13,100,8.27772032137862,6.43321682433736,0.669516474906963,264.6,17.0371289321981,4.81674764833203,2.10000001334379,0,20434,1092,18483,0.207227007649276,5.8
28,130,14,100,8.24112234905019,6.66633575654146,0.675682115078264,294.8,17.1565316330685,4.8291234045446,2.10000000065986,0,20342,879,17985,0.194419350490878,5.9625570293148
28,130,15,100,8.35104660484501,6.67402649097212,0.686130576585747,295,16.9730469836551,4.8411118286277,2.10000000384957,0,20267,953,19089,0.208431719057981,5.8
28,130,16,100,8.18410059318903,6.62901126352634,0.655736557423847,281.3,17.1401522558018,4.79109521875009,2.10000001367848,0,19793,1327,16697,0.194790393284145,5.8
28,130,17,100,8.21408595139946,6.64693798506802,0.662219589433853,280.4,17.1789069801594,4.81941224567153,2.10000001189735,0,19726,1162,15700,0.18156394183717,6.35584877855499
28,130,18,100,8.15683597130886,6.56324040333754,0.661897026552722,280.9,16.9727635521425,4.72841935505067,2.10000001862056,0,20400,725,19275,0.20027006462983,5.8
28,130,19,100,8.26087216721298,6.46621682454575,0.672977517650768,261.9,17.1867651216492,4.84908935034697,2.10000001503545,0,21456,954,20257,0.203088416156055,6.13224185581434
20,130,0,100,8.79293441132788,6.75707212811669,0.836534374635958,231.5,16.3261812933803,4.90265790062058,2.10000055632747,0,20682,1185,18782,0.245326024510974,5.8
20,130,1,100,8.7732091456704,6.75190363884191,0.835451665902704,230.3,16.3087335263985,4.8864285460919,2.10000039672911,0,21439,792,20272,0.251234829429025,6.95544430464175
20,130,2,100,8.76830491767994,6.68264010972668,0.834224204810856,230.8,16.2913574877088,4.87860278524268,2.1000002286479,0,22096,1174,20922,0.25225627510137,6.45325253558961
20,130,3,100,8.70274649885751,6.6583004840146,0.816699730222348,220.5,16.463575576667,4.89326084354665,2.10000158972832,0,21243,1206,18595,0.238440563089066,5.8
20,130,4,100,8.70121644264044,6.53823369037505,0.823812607866652,226.1,16.1988636006623,4.81368613603517,2.10000081356361,0,21157,798,20359,0.252975941061677,5.8
20,130,5,100,8.76149980848136,6.68950114940312,0.826968385907562,233.1,16.1657913515719,4.83708458796027,2.10000035871576,0,21332,1126,20206,0.25355059348574,6.94698987909323
20,130,6,100,8.74561153437063,6.67302002047069,0.835457220878472,231.8,16.3221121786436,4.87506342503929,2.10000052385396,0,22788,1129,21659,0.248770694804131,5.8
20,130,7,100,8.73682760243501,6.70694331707051,0.832892954878984,230.6,16.4613814387344,4.91186922660472,2.10000026144996,0,21121,1323,18061,0.241762892780928,6.49901663460447
20,130,8,100,8.79736469868125,6.71446485449405,0.834149168409737,231.9,16.1517662156799,4.85270379532527,2.10000056000024,0,21859,1037,20822,0.248298194232478,5.8
20,130,9,100,8.75222444268021,6.7201545731195,0.831599089849553,230.7,16.3260773973045,4.87998947936823,2.10000040506122,0,20955,1181,19382,0.248868143327449,6.92806781401964
20,130,10,100,8.78738344842579,6.73250584666482,0.834012711174561,230.7,16.3150940811307,4.89626365831126,2.10000044237074,0,23301,969,22301,0.242828178570223,6.97048606973923
20,130,11,100,8.70858308281633,6.58039660649054,0.827642361148043,221.7,16.2026517557545,4.81893799645025,2.10000116175331,0,21856,808,20643,0.250640242008385,5.8
20,130,12,100,8.75071193261072,6.73224956925512,0.832830476084658,232.6,16.3462003185524,4.88510810237735,2.10000040705404,0,21094,1366,18640,0.248268124911824,6.98254751007355
20,130,13,100,8.77888536782006,6.72462097563124,0.826154298005918,233.5,16.2649461424499,4.87655451362069,2.10000055348144,0,22081,1250,20054,0.24485982995094,5.8
20,130,14,100,8.7677324017316,6.72868868676854,0.826698788642334,232.9,16.3480220040947,4.8952483240519,2.1000005508281,0,20281,1354,18209,0.247623647083465,5.8
20,130,15,100,8.80573991555195,6.7405296324916,0.832899400973804,232.4,16.2506081100509,4.8870495862005,2.10000055190199,0,22030,1261,20769,0.243734163427875,5.8
20,130,16,100,8.77712969606767,6.75965946404333,0.828670769492192,232,16.379586203547,4.90985412046321,2.10000041034414,0,21124,1671,18745,0.249155554106722,6.9985613490266
20,130,17,100,8.75151846235273,6.78513548921795,0.828862296256922,223,16.6225495788848,4.96833486253398,2.1000010863421,0,21214,1244,17150,0.225908826451728,5.8
20,130,18,100,8.74548711058475,6.64342085050669,0.833992624634794,229.2,16.1841041666813,4.83374552454654,2.10000041540877,0,20865,883,19982,0.253597309385985,6.9105470207709
20,130,19,100,8.79171490672706,6.76028781104549,0.834916784089894,230.6,16.347977901156,4.90856574464206,2.10000044631647,0,22548,1021,21527,0.249506193258054,6.96489628684349
40,140,0,100,7.40019445300171,6.94673819817452,0.447323904529201,307.4,17.876822972182,4.51853812114882,2.10000000545415,0,16166,0,16166,0.183975871270694,3.77220029523522
40,140,1,100,7.36083041117104,6.85989785073625,0.444717196915592,291.7,18.0047673524137,4.52670714930572,2.10000001385924,0,17612,0,17612,0.184788750285596,4.05827157871123
40,140,2,100,7.39395971782003,6.98014898288467,0.442230657303316,310,17.8814947643325,4.51592207613948,2.10000000481728,0,18305,0,18305,0.185330533834185,2.530998288286
40,140,3,100,7.39930949737603,6.92312206789008,0.445264834830663,302.7,17.8975417219246,4.52323895242252,2.10000000715445,0,14695,0,14695,0.181920580227154,3.48223265040251
40,140,4,100,7.34222149270152,6.77923649407547,0.445836625420122,288.2,17.9064171365311,4.49058912349254,2.10000001727587,0,17202,0,17202,0.184345404644185,2.75984209299996
40,140,5,100,7.3674898267814,6.90106797597444,0.443635002672007,302.8,17.8690991387432,4.49662830155089,2.1000000072986,0,17663,0,17663,0.184642978102917,2.11439623556777
40,140,6,100,7.35590461479948,6.93820959005756,0.444539474741246,305.2,17.9030495107616,4.49808134690714,2.10000000621619,0,19460,0,19460,0.186198148467411,3.28708139757608
40,140,7,100,7.38896946533995,6.93381362087942,0.444751365602899,303.3,17.8949929772851,4.51626830944034,2.100000007017,0,14180,0,14180,0.181377219343861,2.85448752824203
40,140,8,100,7.36168654512883,6.90964455838895,0.444563528747744,304,17.8813937304541,4.49617936791124,2.10000000659068,0,18010,0,18010,0.184989400775698,2.14669839135177
40,140,9,100,7.39859251437607,6.97175026732068,0.443371621641003,308.8,17.8821703645828,4.51891887670172,2.10000000515174,0,16829,0,16829,0.18413538502879,2.39874984162351
40,140,10,100,7.39063985862069,6.99091765414266,0.445011832100236,306.9,17.9641208819491,4.53476085399809,2.10000000569369,0,17171,0,17171,0.184623854373811,3.79546523377305
40,140,11,100,7.34215497466539,6.77663097677709,0.446551042861396,286.8,17.8968098927885,4.48812686021089,2.10000001924482,0,17207,0,17207,0.184789459090013,4.16186617781099
40,140,12,100,7.37814723669407,6.95294992066099,0.443946534898751,306,17.9011072277295,4.51119172685544,2.10000000605351,0,15734,0,15734,0.183140035197614,3.43649278578177
40,140,13,100,7.38192357132887,6.93471062422346,0.444297768704987,305.2,17.8875024472651,4.51008154951545,2.10000000635887,0,16989,0,16989,0.184221412243272,2.96188073903787
40,140,14,100,7.39915972665142,6.95100354049786,0.442491277013021,306.6,17.8879274932634,4.52072376429759,2.10000000573643,0,15728,0,15728,0.182762804284714,1.86084749080693
40,140,15,100,7.41039314730775,6.98862588176196,0.44514315408396,311.8,17.8701157598591,4.52307785240088,2.10000000420405,0,17824,0,17824,0.185104419824111,3.48152181643339
40,140,16,100,7.41833291745889,7.0601006572128,0.442414283548528,316.5,17.9174165904393,4.53989894329078,2.10000000325601,0,15405,0,15405,0.182546868405634,2.40628646004761
40,140,17,100,7.43567285555746,7.05101077232723,0.44469279677907,310.3,18.0033894268141,4.57236383226848,2.10000000462003,0,11273,0,11273,0.176806442164308,3.3664570072531
40,140,18,100,7.36422860429141,6.87346755598853,0.446669684749509,300.4,17.8441472871563,4.4883601013195,2.10000000831246,0,16905,0,16905,0.184298533101799,3.54378508181687
40,140,19,100,7.38481650285495,7.01061559781428,0.444019321621867,308.1,17.9887213785212,4.53739106836963,2.10000000528885,0,18145,0,18145,0.185053687102012,3.08322381457422
28,140,0,100,7.8735068700285,6.27559446858352,0.576642436604774,241.4,17.3827935722674,4.67458465367564,2.10000027086994,0,20790,853,18781,0.194737991395093,5.8
28,140,1,100,7.87453731747349,6.27163130780269,0.577670567881644,240.1,17.3977270994723,4.67921066193165,2.10000029358685,0,20760,575,19808,0.20198214191402,5.8
28,140,2,100,7.88454258791014,6.2440766497485,0.576282653330721,240.4,17.3230389611589,4.66503706437736,2.1000002960285,0,21235,900,20335,0.204066753964457,5.8
28,140,3,100,7.88590186685621,6.30936901546527,0.579947523391463,240.3,17.4501600966606,4.70011006481298,2.10000028715092,0,20580,851,17932,0.186951516780356,5.8
28,140,4,100,7.86432678703306,6.21136645640772,0.578082147988179,243.8,17.1907309019851,4.61749810811962,2.1000002390083,0,20815,606,19828,0.20202314630534,5.8
28,140,5,100,7.87037529236727,6.22606336752397,0.579450628610479,241.6,17.2709817280306,4.64263642517279,2.10000027285821,0,20968,776,19790,0.201889774449062,5.8
28,140,6,100,7.86214510294522,6.22455850897201,0.58071845598004,240.4,17.315893128261,4.64984306154029,2.10000028756156,0,22023,802,21221,0.204884668721019,5.8
28,140,7,100,7.89036881178455,6.32136945549843,0.581259623413019,239.7,17.472641036486,4.7088313334026,2.10000030235278,0,20552,845,17552,0.183844957454932,5.8
28,140,8,100,7.86789449246747,6.21755523399579,0.5797835750391,244,17.2269297530921,4.62931808508885,2.10000022949771,0,21122,769,20353,0.204830558716613,5.8
28,140,9,100,7.86860250155174,6.25751405795154,0.571681846236701,239.2,17.3830069322669,4.67173770512254,2.10000031659843,0,20920,862,19272,0.197222880062671,5.8
28,140,10,100,7.879240725621,6.23213074057575,0.578198895074225,238.5,17.3751041072462,4.67590909999297,2.10000032591336,0,22803,695,22108,0.20452036901169,5.8
28,140,11,100,7.87474789423682,6.20428957757514,0.58453365485566,241.2,17.1990989344984,4.62586047015022,2.10000028583943,0,20825,617,19817,0.203571009281277,5.8
28,140,12,100,7.88444576427869,6.30082448198588,0.582569002204107,241.2,17.4165158955158,4.69016111009165,2.10000028002662,0,20781,896,18381,0.191991128111002,5.8
28,140,13,100,7.88592233665287,6.25825338378615,0.578974331952822,241.6,17.3236169842318,4.66600157031354,2.10000027399258,0,20935,859,19310,0.198277539505832,5.8
28,140,14,100,7.88446320024494,6.29775860485741,0.574949529724876,241.8,17.4027354650427,4.68647398578013,2.10000026536579,0,20751,880,18393,0.190408051970432,5.8
28,140,15,100,7.8783530150949,6.23782926893098,0.57507025387116,241,17.3244516136279,4.66175721145462,2.10000027736146,0,21223,865,20358,0.203659588004711,5.8
28,140,16,100,7.90910495287899,6.33789759941501,0.580579807169869,240.9,17.5038215215052,4.72844126561696,2.1000002853865,0,21036,1083,18822,0.194534273263264,5.8
28,140,17,100,7.93697901995525,6.41153858202268,0.584882889185447,238.3,17.6848847640533,4.79423743929197,2.10000032723917,0,21418,919,16969,0.160973283651246,5.8
28,140,18,100,7.85665719105014,6.20357746548475,0.577561663985872,241.6,17.2212756339952,4.62119417179065,2.10000026962587,0,20868,665,19803,0.202196625171608,5.8
28,140,19,100,7.88116388876277,6.26732972294465,0.580062590430036,238.5,17.4331858508244,4.69269433016176,2.10000032502955,0,21964,724,21240,0.204794244459026,5.80738734487773
20,140,0,100,8.79293441132788,6.75707212811669,0.836534374635958,231.5,16.3261812933803,4.90265790062058,2.10000055632747,0,20682,1185,18782,0.245326024510974,5.8
20,140,1,100,8.7732091456704,6.75190363884191,0.835451665902704,230.3,16.3087335263985,4.8864285460919,2.10000039672911,0,21439,792,20272,0.251234829429025,6.95544430464175
20,140,2,100,8.76830491767994,6.68264010972668,0.834224204810856,230.8,16.2913574877088,4.87860278524268,2.1000002286479,0,22096,1174,20922,0.25225627510137,6.45325253558961
20,140,3,100,8.70274649885751,6.6583004840146,0.816699730222348,220.5,16.463575576667,4.89326084354665,2.10000158972832,0,21243,1206,18595,0.238440563089066,5.8
20,140,4,100,8.70121644264044,6.53823369037505,0.823812607866652,226.1,16.1988636006623,4.81368613603517,2.10000081356361,0,21157,798,20359,0.252975941061677,5.8
20,140,5,100,8.76149980848136,6.68950114940312,0.826968385907562,233.1,16.1657913515719,4.83708458796027,2.10000035871576,0,21332,1126,20206,0.25355059348574,6.94698987909323
20,140,6,100,8.74561153437063,6.67302002047069,0.835457220878472,231.8,16.3221121786436,4.87506342503929,2.10000052385396,0,22788,1129,21659,0.248770694804131,5.8
20,140,7,100,8.73682760243501,6.70694331707051,0.832892954878984,230.6,16.4613814387344,4.91186922660472,2.10000026144996,0,21121,1323,18061,0.241762892780928,6.49901663460447
20,140,8,100,8.79736469868125,6.71446485449405,0.834149168409737,231.9,16.1517662156799,4.85270379532527,2.10000056000024,0,21859,1037,20822,0.248298194232478,5.8
20,140,9,100,8.75222444268021,6.7201545731195,0.831599089849553,230.7,16.3260773973045,4.87998947936823,2.10000040506122,0,20955,1181,19382,0.248868143327449,6.92806781401964
20,140,10,100,8.78738344842579,6.73250584666482,0.834012711174561,230.7,16.3150940811307,4.89626365831126,2.10000044237074,0,23301,969,22301,0.242828178570223,6.97048606973923
20,140,11,100,8.70858308281633,6.58039660649054,0.827642361148043,221.7,16.2026517557545,4.81893799645025,2.10000116175331,0,21856,808,20643,0.250640242008385,5.8
20,140,12,100,8.75071193261072,6.73224956925512,0.832830476084658,232.6,16.3462003185524,4.88510810237735,2.10000040705404,0,21094,1366,18640,0.248268124911824,6.98254751007355
20,140,13,100,8.77888536782006,6.72462097563124,0.826154298005918,233.5,16.2649461424499,4.87655451362069,2.10000055348144,0,22081,1250,20054,0.24485982995094,5.8
20,140,14,100,8.7677324017316,6.72868868676854,0.826698788642334,232.9,16.3480220040947,4.8952483240519,2.1000005508281,0,20281,1354,18209,0.247623647083465,5.8
20,140,15,100,8.80573991555195,6.7405296324916,0.832899400973804,232.4,16.2506081100509,4.8870495862005,2.10000055190199,0,22030,1261,20769,0.243734163427875,5.8
20,140,16,100,8.77712969606767,6.75965946404333,0.828670769492192,232,16.379586203547,4.90985412046321,2.10000041034414,0,21124,1671,18745,0.249155554106722,6.9985613490266
20,140,17,100,8.75151846235273,6.78513548921795,0.828862296256922,223,16.6225495788848,4.96833486253398,2.1000010863421,0,21214,1244,17150,0.225908826451728,5.8
20,140,18,100,8.74548711058475,6.64342085050669,0.833992624634794,229.2,16.1841041666813,4.83374552454654,2.10000041540877,0,20865,883,19982,0.253597309385985,6.9105470207709
20,140,19,100,8.79171490672706,6.76028781104549,0.834916784089894,230.6,16.347977901156,4.90856574464206,2.10000044631647,0,22548,1021,21527,0.249506193258054,6.96489628684349
40,145,0,100,7.40019445300171,6.94673819817452,0.447323904529201,307.4,17.876822972182,4.51853812114882,2.10000000545415,0,16166,0,16166,0.183975871270694,3.77220029523522
40,145,1,100,7.36083041117104,6.85989785073625,0.444717196915592,291.7,18.0047673524137,4.52670714930572,2.10000001385924,0,17612,0,17612,0.184788750285596,4.05827157871123
40,145,2,100,7.39395971782003,6.98014898288467,0.442230657303316,310,17.8814947643325,4.51592207613948,2.10000000481728,0,18305,0,18305,0.185330533834185,2.530998288286
40,145,3,100,7.39930949737603,6.92312206789008,0.445264834830663,302.7,17.8975417219246,4.52323895242252,2.10000000715445,0,14695,0,14695,0.181920580227154,3.48223265040251
40,145,4,100,7.34222149270152,6.77923649407547,0.445836625420122,288.2,17.9064171365311,4.49058912349254,2.10000001727587,0,17202,0,17202,0.184345404644185,2.75984209299996
40,145,5,100,7.3674898267814,6.90106797597444,0.443635002672007,302.8,17.8690991387432,4.49662830155089,2.1000000072986,0,17663,0,17663,0.184642978102917,2.11439623556777
40,145,6,100,7.35590461479948,6.93820959005756,0.444539474741246,305.2,17.9030495107616,4.49808134690714,2.10000000621619,0,19460,0,19460,0.186198148467411,3.28708139757608
40,145,7,100,7.38896946533995,6.93381362087942,0.444751365602899,303.3,17.8949929772851,4.51626830944034,2.100000007017,0,14180,0,14180,0.181377219343861,2.85448752824203
40,145,8,100,7.36168654512883,6.90964455838895,0.444563528747744,304,17.8813937304541,4.49617936791124,2.10000000659068,0,18010,0,18010,0.184989400775698,2.14669839135177
40,145,9,100,7.39859251437607,6.97175026732068,0.443371621641003,308.8,17.8821703645828,4.51891887670172,2.10000000515174,0,16829,0,16829,0.18413538502879,2.39874984162351
40,145,10,100,7.39063985862069,6.99091765414266,0.445011832100236,306.9,17.9641208819491,4.53476085399809,2.10000000569369,0,17171,0,17171,0.184623854373811,3.79546523377305
40,145,11,100,7.34215497466539,6.77663097677709,0.446551042861396,286.8,17.8968098927885,4.48812686021089,2.10000001924482,0,17207,0,17207,0.184789459090013,4.16186617781099
40,145,12,100,7.37814723669407,6.95294992066099,0.443946534898751,306,17.9011072277295,4.51119172685544,2.10000000605351,0,15734,0,15734,0.183140035197614,3.43649278578177
40,145,13,100,7.38192357132887,6.93471062422346,0.444297768704987,305.2,17.8875024472651,4.51008154951545,2.10000000635887,0,16989,0,16989,0.184221412243272,2.96188073903787
40,145,14,100,7.39915972665142,6.95100354049786,0.442491277013021,306.6,17.8879274932634,4.52072376429759,2.10000000573643,0,15728,0,15728,0.182762804284714,1.86084749080693
40,145,15,100,7.41039314730775,6.98862588176196,0.44514315408396,311.8,17.8701157598591,4.52307785240088,2.10000000420405,0,17824,0,17824,0.185104419824111,3.48152181643339
40,145,16,100,7.41833291745889,7.0601006572128,0.442414283548528,316.5,17.9174165904393,4.53989894329078,2.10000000325601,0,15405,0,15405,0.182546868405634,2.40628646004761
40,145,17,100,7.43567285555746,7.05101077232723,0.44469279677907,310.3,18.0033894268141,4.57236383226848,2.10000000462003,0,11273,0,11273,0.176806442164308,3.3664570072531
40,145,18,100,7.36422860429141,6.87346755598853,0.446669684749509,300.4,17.8441472871563,4.4883601013195,2.10000000831246,0,16905,0,16905,0.184298533101799,3.54378508181687
40,145,19,100,7.38481650285495,7.01061559781428,0.444019321621867,308.1,17.9887213785212,4.53739106836963,2.10000000528885,0,18145,0,18145,0.185053687102012,3.08322381457422
28,145,0,100,7.8735068700285,6.27559446858352,0.576642436604774,241.4,17.3827935722674,4.67458465367564,2.10000027086994,0,20790,853,18781,0.194737991395093,5.8
28,145,1,100,7.87453731747349,6.27163130780269,0.577670567881644,240.1,17.3977270994723,4.67921066193165,2.10000029358685,0,20760,575,19808,0.20198214191402,5.8
28,145,2,100,7.88454258791014,6.2440766497485,0.576282653330721,240.4,17.3230389611589,4.66503706437736,2.1000002960285,0,21235,900,20335,0.204066753964457,5.8
28,145,3,100,7.88590186685621,6.30936901546527,0.579947523391463,240.3,17.4501600966606,4.70011006481298,2.10000028715092,0,20580,851,17932,0.186951516780356,5.8
28,145,4,100,7.86432678703306,6.21136645640772,0.578082147988179,243.8,17.1907309019851,4.61749810811962,2.1000002390083,0,20815,606,19828,0.20202314630534,5.8
28,145,5,100,7.87037529236727,6.22606336752397,0.579450628610479,241.6,17.2709817280306,4.64263642517279,2.10000027285821,0,20968,776,19790,0.201889774449062,5.8
28,145,6,100,7.86214510294522,6.22455850897201,0.58071845598004,240.4,17.315893128261,4.64984306154029,2.10000028756156,0,22023,802,21221,0.204884668721019,5.8
28,145,7,100,7.89036881178455,6.32136945549843,0.581259623413019,239.7,17.472641036486,4.7088313334026,2.10000030235278,0,20552,845,17552,0.183844957454932,5.8
28,145,8,100,7.86789449246747,6.21755523399579,0.5797835750391,244,17.2269297530921,4.62931808508885,2.10000022949771,0,21122,769,20353,0.204830558716613,5.8
28,145,9,100,7.86860250155174,6.25751405795154,0.571681846236701,239.2,17.3830069322669,4.67173770512254,2.10000031659843,0,20920,862,19272,0.197222880062671,5.8
28,145,10,100,7.879240725621,6.23213074057575,0.578198895074225,238.5,17.3751041072462,4.67590909999297,2.10000032591336,0,22803,695,22108,0.20452036901169,5.8
28,145,11,100,7.87474789423682,6.20428957757514,0.58453365485566,241.2,17.1990989344984,4.62586047015022,2.10000028583943,0,20825,617,19817,0.203571009281277,5.8
28,145,12,100,7.88444576427869,6.30082448198588,0.582569002204107,241.2,17.4165158955158,4.69016111009165,2.10000028002662,0,20781,896,18381,0.191991128111002,5.8
28,145,13,100,7.88592233665287,6.25825338378615,0.578974331952822,241.6,17.3236169842318,4.66600157031354,2.10000027399258,0,20935,859,19310,0.198277539505832,5.8
28,145,14,100,7.88446320024494,6.29775860485741,0.574949529724876,241.8,17.4027354650427,4.68647398578013,2.10000026536579,0,20751,880,18393,0.190408051970432,5.8
28,145,15,100,7.8783530150949,6.23782926893098,0.57507025387116,241,17.3244516136279,4.66175721145462,2.10000027736146,0,21223,865,20358,0.203659588004711,5.8
28,145,16,100,7.90910495287899,6.33789759941501,0.580579807169869,240.9,17.5038215215052,4.72844126561696,2.1000002853865,0,21036,1083,18822,0.194534273263264,5.8
28,145,17,100,7.93697901995525,6.41153858202268,0.584882889185447,238.3,17.6848847640533,4.79423743929197,2.10000032723917,0,21418,919,16969,0.160973283651246,5.8
28,145,18,100,7.85665719105014,6.20357746548475,0.577561663985872,241.6,17.2212756339952,4.62119417179065,2.10000026962587,0,20868,665,19803,0.202196625171608,5.8
28,145,19,100,7.88116388876277,6.26732972294465,0.580062590430036,238.5,17.4331858508244,4.69269433016176,2.10000032502955,0,21964,724,21240,0.204794244459026,5.80738734487773
20,145,0,100,8.79293441132788,6.75707212811669,0.836534374635958,231.5,16.3261812933803,4.90265790062058,2.10000055632747,0,20682,1185,18782,0.245326024510974,5.8
20,145,1,100,8.7732091456704,6.75190363884191,0.835451665902704,230.3,16.3087335263985,4.8864285460919,2.10000039672911,0,21439,792,20272,0.251234829429025,6.95544430464175
20,145,2,100,8.76830491767994,6.68264010972668,0.834224204810856,230.8,16.2913574877088,4.87860278524268,2.1000002286479,0,22096,1174,20922,0.25225627510137,6.45325253558961
20,145,3,100,8.70274649885751,6.6583004840146,0.816699730222348,220.5,16.463575576667,4.89326084354665,2.10000158972832,0,21243,1206,18595,0.238440563089066,5.8
20,145,4,100,8.70121644264044,6.53823369037505,0.823812607866652,226.1,16.1988636006623,4.81368613603517,2.10000081356361,0,21157,798,20359,0.252975941061677,5.8
20,145,5,100,8.76149980848136,6.68950114940312,0.826968385907562,233.1,16.1657913515719,4.83708458796027,2.10000035871576,0,21332,1126,20206,0.25355059348574,6.94698987909323
20,145,6,100,8.74561153437063,6.67302002047069,0.835457220878472,231.8,16.3221121786436,4.87506342503929,2.10000052385396,0,22788,1129,21659,0.248770694804131,5.8
20,145,7,100,8.73682760243501,6.70694331707051,0.832892954878984,230.6,16.4613814387344,4.91186922660472,2.10000026144996,0,21121,1323,18061,0.241762892780928,6.49901663460447
20,145,8,100,8.79736469868125,6.71446485449405,0.834149168409737,231.9,16.1517662156799,4.85270379532527,2.10000056000024,0,21859,1037,20822,0.248298194232478,5.8
20,145,9,100,8.75222444268021,6.7201545731195,0.831599089849553,230.7,16.3260773973045,4.87998947936823,2.10000040506122,0,20955,1181,19382,0.248868143327449,6.92806781401964
20,145,10,100,8.78738344842579,6.73250584666482,0.834012711174561,230.7,16.3150940811307,4.89626365831126,2.10000044237074,0,23301,969,22301,0.242828178570223,6.97048606973923
20,145,11,100,8.70858308281633,6.58039660649054,0.827642361148043,221.7,16.2026517557545,4.81893799645025,2.10000116175331,0,21856,808,20643,0.250640242008385,5.8
20,145,12,100,8.75071193261072,6.73224956925512,0.832830476084658,232.6,16.3462003185524,4.88510810237735,2.10000040705404,0,21094,1366,18640,0.248268124911824,6.98254751007355
20,145,13,100,8.77888536782006,6.72462097563124,0.826154298005918,233.5,16.2649461424499,4.87655451362069,2.10000055348144,0,22081,1250,20054,0.24485982995094,5.8
20,145,14,100,8.7677324017316,6.72868868676854,0.826698788642334,232.9,16.3480220040947,4.8952483240519,2.1000005508281,0,20281,1354,18209,0.247623647083465,5.8
20,145,15,100,8.80573991555195,6.7405296324916,0.832899400973804,232.4,16.2506081100509,4.8870495862005,2.10000055190199,0,22030,1261,20769,0.243734163427875,5.8
20,145,16,100,8.77712969606767,6.75965946404333,0.828670769492192,232,16.379586203547,4.90985412046321,2.10000041034414,0,21124,1671,18745,0.249155554106722,6.9985613490266
20,145,17,100,8.75151846235273,6.78513548921795,0.828862296256922,223,16.6225495788848,4.96833486253398,2.1000010863421,0,21214,1244,17150,0.225908826451728,5.8
20,145,18,100,8.74548711058475,6.64342085050669,0.833992624634794,229.2,16.1841041666813,4.83374552454654,2.10000041540877,0,20865,883,19982,0.253597309385985,6.9105470207709
20,145,19,100,8.79171490672706,6.76028781104549,0.834916784089894,230.6,16.347977901156,4.90856574464206,2.10000044631647,0,22548,1021,21527,0.249506193258054,6.96489628684349
24,1250,0,100,8.40474632982872,6.58703001577841,0.745350526654491,264.3,16.8132362385126,4.82629751278671,2.10000001843628,0,20624,1049,18424,0.225722775519851,6.26799873096595
24,1250,1,100,8.35421796954436,6.55778630268914,0.725426846054717,257,16.8115337159369,4.79672041750213,2.10000013145782,0,20626,745,19496,0.229648280114271,5.82216702779685
24,1250,2,100,8.40236357095869,6.56681528841607,0.731859407640008,263.8,16.6832960347099,4.78759101366728,2.10000005750362,0,21068,1242,19826,0.233339469796685,6.8668038540768
24,1250,3,100,8.39134280368562,6.58675418540998,0.735006961938417,261.5,16.7832861011414,4.81000887012748,2.10000006505004,0,19351,1220,16680,0.224262776032834,6.57884803895351
24,1250,4,100,8.34829454934714,6.48248592824806,0.725792327546929,259,16.6147161411317,4.73723399329173,2.10000011895579,0,20750,767,19581,0.22968505445564,5.8
24,1250,5,100,8.35101826141285,6.49931342498603,0.724519784627543,259.4,16.6873005437417,4.75948829574894,2.10000011299451,0,20150,975,19175,0.233004841968305,5.8
24,1250,6,100,8.33425544084731,6.50066102760843,0.728989524213654,258.2,16.7634166068864,4.77160200897256,2.1000001212102,0,21868,1001,20867,0.231290540005883,5.8
24,1250,7,100,8.39585597418066,6.59787423884779,0.73747718845579,260.5,16.8278670074246,4.82540515892674,2.10000006768894,0,20033,1167,16698,0.217275778436461,6.31189210194244
24,1250,8,100,8.33854506562518,6.45865292216584,0.733068405652319,262.5,16.6786851215388,4.74994255047857,2.10000002512356,0,21129,991,20138,0.234872947318011,6.27825663491411
24,1250,9,100,8.39692521329983,6.57711131461608,0.741433045300931,264.5,16.809451601847,4.82073381227952,2.10000001902768,0,19970,1067,18541,0.230999522861897,6.27094241814344
24,1250,10,100,8.45357768991095,6.62836654348586,0.743020556018599,264.6,16.7142764280275,4.82574254704547,2.1000000508061,0,22298,911,21261,0.218255106537147,6.69859229310462
24,1250,11,100,8.32383115600044,6.41379039643586,0.721616423401582,253.9,16.6729575775356,4.73990411406454,2.10000020340772,0,20811,718,19697,0.229110880013902,5.8
24,1250,12,100,8.46715992432872,6.67443622867308,0.750028061524658,266.8,16.7305779420014,4.83814694266117,2.10000004271069,0,20376,1164,17647,0.219341588941546,6.86788694186732
24,1250,13,100,8.39755635181072,6.56168220883453,0.732231055536857,263,16.6981867063486,4.78916081138148,2.10000006166865,0,20840,1174,18870,0.228501078344407,6.82659169608871
24,1250,14,100,8.45902077966425,6.65522324811847,0.74159038462578,266.9,16.7281542559215,4.83287270534461,2.10000004368908,0,20397,1141,17708,0.217519682633303,6.79017765189126
24,1250,15,100,8.38280716767612,6.55311557751353,0.729289963010657,262.8,16.6993057862387,4.78098021287443,2.10000005570168,0,21057,1190,19867,0.233165240881805,6.86002493416797
24,1250,16,100,8.48208543917004,6.68222409184917,0.744940464029513,266.5,16.7670132829339,4.85726018343497,2.10000004447863,0,20191,1437,17213,0.221763417100132,6.73329905102458
24,1250,17,100,8.51125809880064,6.71655501686505,0.750382257464501,267.1,16.8022504214539,4.88427536832028,2.10000004399865,0,19329,1266,15512,0.211411430137623,5.8
24,1250,18,100,8.42055640698598,6.57998223683052,0.743974590926839,264.1,16.5974131710296,4.77323200120382,2.10000005301231,0,20642,842,19414,0.225037666788983,6.83066692457189
24,1250,19,100,8.45827197875129,6.66056692815262,0.744877781164705,264.8,16.7636948498404,4.8426718467625,2.10000004842493,0,21531,960,20503,0.225155058946445,6.84816463413094
24,1550,0,100,8.41589664373817,6.58718102444409,0.747398612882789,264.3,16.8132556002759,4.83270541150415,2.10000001819549,0,20605,1049,18405,0.225854178684967,6.26544596089779
24,1550,1,100,8.3588348796579,6.55775337362153,0.726235310853572,257,16.81155385257,4.79937637856758,2.10000013156491,0,20603,746,19472,0.229827465544532,5.82216702779685
24,1550,2,100,8.40402260708691,6.56674361673934,0.732180714573238,263.8,16.6833246785834,4.78854437703856,2.10000005748725,0,21066,1244,19822,0.233372680210271,6.86542897502121
24,1550,3,100,8.39303215032684,6.58676605355328,0.735536598364712,261.5,16.7833133375632,4.81098496706975,2.10000006503878,0,19353,1220,16682,0.224266259242344,6.5792851135454
24,1550,4,100,8.35543054216258,6.48243873468472,0.726674883431139,259,16.6147296806215,4.74128670545741,2.10000011909563,0,20727,770,19555,0.229879697937376,5.8
24,1550,5,100,8.35719440480174,6.49920577375413,0.725405265083349,259.4,16.6873203698356,4.76301326028783,2.10000011312468,0,20140,978,19162,0.233052152478131,5.8
24,1550,6,100,8.34211494283586,6.50075118871082,0.729892497986539,258.2,16.7634413727062,4.77610841434142,2.10000012133924,0,21861,1003,20858,0.231353859934657,5.8
24,1550,7,100,8.39776558540106,6.59787207744278,0.737819534913921,260.5,16.8279040007693,4.82651301647798,2.10000006767223,0,20029,1167,16694,0.21734565995069,6.31245728435654
24,1550,8,100,8.34126592530003,6.45857199262106,0.733590642486824,262.4,16.6787062941873,4.75149837117635,2.1000000250516,0,21131,991,20140,0.234884725145975,6.27716592112086
24,1550,9,100,8.40853384463041,6.57726467014257,0.743530457713127,264.4,16.809466089605,4.82740187006758,2.10000001877881,0,19964,1067,18535,0.231118600934846,6.26844469922441
24,1550,10,100,8.45648592891196,6.62829846229755,0.744028123472961,264.6,16.7142886983856,4.82740601723045,2.10000005079223,0,22302,911,21265,0.218117999286947,6.69971161365311
24,1550,11,100,8.33796466049766,6.41336676315052,0.72328331779214,253.7,16.6731647139187,4.7480108208847,2.10000020413258,0,20803,716,19691,0.229208198156944,5.8
24,1550,12,100,8.47411195766395,6.67419741469941,0.751479234301388,266.7,16.730602112473,4.84212582888703,2.1000000426792,0,20391,1166,17660,0.218975572633816,6.86498783914782
24,1550,13,100,8.39928925521508,6.56155790253731,0.732489305986443,262.9,16.6982338579194,4.79016258307834,2.10000006166104,0,20837,1174,18867,0.228546054490594,6.82719443666969
24,1550,14,100,8.46604715670915,6.65523985092122,0.743211665139851,266.9,16.7281862632729,4.8368961204132,2.10000004367896,0,20407,1143,17716,0.217255713193072,6.79097639245629
24,1550,15,100,8.38702435766787,6.55318433024188,0.730054913782071,262.8,16.6993483089942,4.78339732864511,2.10000005568406,0,21052,1193,19859,0.233187780917364,6.8583478065832
24,1550,16,100,8.49209520862964,6.68235307192239,0.746704627637785,266.5,16.767010650965,4.86299098192485,2.10000004446306,0,20160,1437,17207,0.221662143370959,6.73392552333902
24,1550,17,100,8.51716835094552,6.71644956376497,0.751715237370786,267,16.802174960697,4.88764442867733,2.10000004397943,0,19320,1268,15500,0.211369963312218,5.8
24,1550,18,100,8.42767959096834,6.57986242668198,0.745130022039833,263.9,16.5974238041684,4.77727288327792,2.10000005302345,0,20646,842,19418,0.224810682174509,6.82936878052067
24,1550,19,100,8.46970826960556,6.66079502782429,0.74681487043369,264.8,16.7636850051386,4.84921613005295,2.10000004839321,0,21523,960,20495,0.225102059754969,6.84508116105747
24,2015,0,100,8.47996537762702,6.63988606784875,0.755245527480371,270.3,16.7577453234809,4.85333688547886,2.10000001275785,0,20226,1177,17898,0.223087188816651,6.26544596089779
24,2015,1,100,8.49370150726377,6.6749584074621,0.74032253513105,270.6,16.676777974301,4.83772297807487,2.10000006587245,0,20011,870,18756,0.229367434274855,5.82216702779685
24,2015,2,100,8.455603516203,6.60535584318093,0.73944682299632,266.1,16.6659842418396,4.8128476551068,2.10000005189863,0,20831,1279,19552,0.230079317615087,6.32828079352646
24,2015,3,100,8.4062182546802,6.59155149281264,0.735662022338295,260.4,16.8002556027959,4.82335952678936,2.1000000687801,0,19431,1174,16716,0.22020702020215,5.88109973543301
24,2015,4,100,8.43872347383842,6.5647293369972,0.736759384274604,267.6,16.5375546172714,4.76619920425067,2.10000007792337,0,20635,863,19370,0.228815049007484,5.8
24,2015,5,100,8.48298523207103,6.60731254024109,0.736705932806157,271.6,16.5473058665607,4.79399764272163,2.1000000599397,0,19876,1176,18700,0.232312477622181,5.8
24,2015,6,100,8.47755877089904,6.60249740662459,0.744357243185527,269,16.6420004448887,4.81836016134034,2.10000006942528,0,21337,1212,20125,0.230839320059985,5.8
24,2015,7,100,8.44488126607475,6.6357947598154,0.740273697559516,264.3,16.7871120951311,4.84174661143372,2.10000005372274,0,20151,1306,16557,0.212156944875279,5.8
24,2015,8,100,8.38239542778324,6.49239836585894,0.739730636944187,265.1,16.6563463984513,4.76844529452383,2.10000002024526,0,21075,1043,20032,0.232887370003579,6.27716592112086
24,2015,9,100,8.4721206485152,6.63392954260667,0.751927048773167,270.4,16.7568913255503,4.84861483972182,2.10000001316678,0,19603,1221,18020,0.226848643889694,6.26844469922441
24,2015,10,100,8.54055261015856,6.66396163014975,0.75180597850196,270.5,16.6349366581851,4.85212877863202,2.10000003806294,0,21095,1053,19581,0.225698610972702,5.83245635422206
24,2015,11,100,8.38610226961763,6.4440128891761,0.731797251274641,257.3,16.6504281476708,4.76882979335197,2.10000016496861,0,20746,733,19617,0.229053485670019,5.8
24,2015,12,100,8.54341187050855,6.70317078500994,0.756249903977456,272.2,16.6314662389197,4.85282394072172,2.10000003510925,0,19461,1367,16606,0.225172433675858,5.8
24,2015,13,100,8.43701115349008,6.5950156216244,0.73509187547333,265.6,16.6768801131912,4.80544025248273,2.10000005370705,0,20809,1225,18788,0.226005552850225,5.94703184622406
24,2015,14,100,8.53300521627815,6.68437812948124,0.749072609478414,272.7,16.6307459541939,4.84663635299517,2.10000003306584,0,19574,1341,16723,0.223607468946412,5.92132836449391
24,2015,15,100,8.44797172385817,6.6037140585185,0.738618943434331,266.2,16.6703496793811,4.80985061423464,2.10000005209713,0,20831,1286,19545,0.225530984810213,5.8
24,2015,16,100,8.54401041357366,6.70190229218897,0.752518643578702,271,16.6828535822013,4.86807526863633,2.10000003566483,0,18984,1669,16166,0.22776314302753,6.03186416908536
24,2015,17,100,8.5305090079496,6.71881212349965,0.752990033493328,266.9,16.8093426425066,4.89734458883201,2.10000004519918,0,18719,1266,15124,0.215017707078851,5.8
24,2015,18,100,8.50025589140572,6.64253839586144,0.753277878983152,270.6,16.5402078165518,4.80170288144673,2.10000003847563,0,20197,945,18866,0.22042764313748,6.27335245819027
24,2015,19,100,8.54615831422413,6.69556273232416,0.75354352171055,270.5,16.6810511953992,4.86874859391928,2.10000003734649,0,20514,1091,19272,0.231951713511435,6.13107803930304
24,2040,0,100,8.39383102743682,6.55620527752425,0.752258347109795,262.4,16.840907098571,4.82796938934559,1.83619793438572,0,20363,1021,18191,0.230484486299908,5.8
24,2040,1,100,8.35941188671403,6.54046275726905,0.735306351205067,256,16.8341985329887,4.80621001892329,2.1000001164407,0,20663,730,19548,0.231507644033618,6.35425717136877
24,2040,2,100,8.3745891857896,6.52464556479009,0.741376402667474,262.3,16.7528324702223,4.79171550682396,1.982772892502,0,21086,1087,19999,0.235539463731983,5.8
24,2040,3,100,8.37718257820846,6.5861698392542,0.744773834482604,263,16.8475951891384,4.82031554945424,2.03797731095312,0,19645,1100,17094,0.227258992217377,6.34693088164772
24,2040,4,100,8.35858248698916,6.46747996833514,0.736874586356354,258.4,16.6341754758933,4.74856213927471,2.10000008719203,0,20761,762,19597,0.232150846691812,6.2
24,2040,5,100,8.35840496205372,6.48373843321455,0.735537923780525,258.9,16.7093329164333,4.76991991827893,2.10000008705879,0,20187,958,19229,0.235234514431866,6.2
24,2040,6,100,8.3418355412396,6.48336614867234,0.736985548196274,256.8,16.7852087985729,4.78214099052901,2.1000001131149,0,21914,979,20935,0.232651515211498,5.8
24,2040,7,100,8.3829155563443,6.59641612170489,0.746750939169689,261.8,16.8883147341912,4.83529240335632,2.07572252958505,0,20348,1099,17081,0.220226658755105,6.35242456275083
24,2040,8,100,8.32998261446479,6.42943277340883,0.754553147156839,261.9,16.7056762513189,4.75267618728387,1.35990146166057,0,20595,917,19678,0.240271417456016,5.8
24,2040,9,100,8.38468891730598,6.53708808458976,0.748441413231713,261.3,16.8441272213528,4.82365197222574,1.86645745881708,0,19709,1026,18321,0.236243599661683,5.8
24,2040,10,100,8.41134528313788,6.58167602675858,0.761532185734584,263.4,16.7847625924953,4.82183526062251,1.47329578835024,0,22032,846,21186,0.233491958835008,5.8
24,2040,11,100,8.30485365272532,6.38372624075539,0.718463310183382,248.3,16.6983479148729,4.73633676358752,2.1000002999242,0,20842,712,19734,0.228629249387846,5.8
24,2040,12,100,8.43597785726895,6.64879283663374,0.759276856147517,265.5,16.8017953928289,4.84090623643973,1.85230465897268,0,20230,1112,17630,0.227411762753229,5.99590940170275
24,2040,13,100,8.37158637998114,6.52445388118671,0.75110620673504,262.5,16.7682692387986,4.79434113113545,1.46979718934074,0,20456,1035,18625,0.234593759248543,5.8
24,2040,14,100,8.42541722403792,6.62758115605971,0.749859911224219,265.1,16.8011912851901,4.83470785895863,2.07039652772733,0,20532,1086,17936,0.224497744884214,6.14521745873613
24,2040,15,100,8.36069223389477,6.5106648645013,0.740860493339855,261.3,16.7648401445403,4.78713717225384,1.79372391485651,0,20722,1056,19666,0.238221798796474,5.90720304869527
24,2040,16,100,8.44907838498655,6.68407113901107,0.753697463297141,266.2,16.8701177772826,4.8681554935449,2.03912854566693,0,20493,1354,17976,0.226043485128396,6.16183574549262
24,2040,17,100,8.4818507389421,6.72626555050515,0.757006365059395,264.9,16.9366902069145,4.90635989343955,2.10000000561286,0,18631,1207,15095,0.218082164768861,6.57803587743931
24,2040,18,100,8.39924664263488,6.51531995495056,0.754135991527501,260,16.6502369269948,4.77635880831235,2.03945933198156,0,20644,781,19477,0.232629228657511,5.8
24,2040,19,100,8.42414688727106,6.61583764906422,0.75480626225666,262.6,16.83354574266,4.84328899442874,1.97033787697706,0,21623,891,20732,0.232911530629523,5.9058806837034
