k1,sp1,penetration,n,L100_saving_pct,L100_ci95,sigma_reduction_pct,sigma_ci95,arms_reduction_pct,arms_ci95,stop_reduction_veh_s,stop_ci95,speed_gain_pct,speed_ci95,total_fuel_saving_pct,total_fuel_ci95,completion_gain_pp,completion_ci95

25,40,0,20,-0.0446531123469363,0.00162312995989873,0.00550582063917724,0.00034389484771832,-0.619131470543193,0.00515276670351083,4.74499999999997,0.0751205517887327,-0.0603709351387973,6.46960694554459e-06,0.0115603927269736,0.00162371846111161,0,0
25,40,0.25,20,-0.0410713807633684,0.00247302619826201,0.00472710486065559,0.0106969611733708,-0.621142850820334,0.00506801481488497,4.68499999999998,0.150528573264854,-0.0704633807781196,0.00477736491589458,0.0253157372302772,0.00387299597884143,0,0
25,40,0.5,20,-0.037700272430369,0.00167848526456611,0.0107429707703976,0.00217361565621136,-0.624735882587468,0.00472379970011276,4.74499999999998,0.0751205517887297,-0.0735895974734792,0.00171016902908841,0.0318884443593011,0.0030361264101976,0,0
25,40,0.75,20,-0.0432790631379979,0.00490707598995558,-0.0333661974942921,0.0266966942514798,-0.633202445181135,0.00514143928518444,4.32499999999999,0.304398784716943,-0.0916873830055348,0.00947878073905581,0.0445664892966483,0.00598435245456726,0,0
25,40,1,20,-0.0409091646420293,0.00144247735611889,-0.0306963591957066,0.000323475769007595,-0.637564665973595,0.00540730356017887,4.74499999999999,0.075120551788729,-0.0547204797104804,5.62907048343264e-06,0.0100370451538438,0.00144176916428366,0,0
29.4117647058824,34,0,20,-0.263638213147821,0.00310638918283253,-0.0146745364656255,0.00087245748003015,-0.674820531390921,0.00787576822228681,4.74499999999999,0.0751205517887268,-0.0497100503083138,0.00055293855451621,-0.217809807520163,0.00304100646385976,0,0
29.4117647058824,34,0.25,20,-0.185022367655691,0.0212900226642445,-0.0450095873737138,0.0331669434798125,-0.700653028935201,0.0149637761526513,4.265,0.26003687653653,-0.0841694811712455,0.00730917635009137,-0.104702819208518,0.0165198081771502,0,0
29.4117647058824,34,0.5,20,-0.136468128875386,0.0134748516198892,-0.0360235389172754,0.0301555437911233,-0.724639065111485,0.0143311300151789,4.20499999999999,0.277286713069258,-0.103833920807785,0.0101871270933393,-0.0364675245433194,0.0102156304573462,0,0
29.4117647058824,34,0.75,20,-0.136920134113747,0.00519321861668294,-0.095507422025695,0.0186099976704821,-0.772246662529557,0.0115015628496586,3.66499999999999,0.203309318539222,-0.134146324521262,0.0061190791288345,-0.00644559050092015,0.00548117549101282,0,0
29.4117647058824,34,1,20,-0.148771427469837,0.00635493959480023,-0.160939161506909,0.0274719714109928,-0.816011534411858,0.0128606311184755,3.30499999999999,0.252479052928671,-0.154302181871998,0.00778455612746482,0.00212226841670562,0.00561304854142971,0,0
35.7142857142857,28,0,20,-0.291109323539867,0.00514623758804079,-0.26307380726378,0.0209523589933291,-0.896710746986673,0.00603236849832399,3.48499999999999,0.130863565633901,-0.0545516717793037,0.00119001217904022,-0.24064443031962,0.00475783127675576,0,0
35.7142857142857,28,0.25,20,-2.00680367840104,0.827823996731635,-2.18058583151967,0.969886206189538,-5.43059858309874,2.07546921702247,-10.75,7.19808271159489,-0.353178327051051,0.170564572323949,-1.64345476956875,0.650390717706118,0,0
35.7142857142857,28,0.5,20,-3.45552348832333,0.759436225280788,-3.55006661567093,0.769184291986321,-10.3471664637858,1.92821911839421,-22.685,5.66299009456923,-0.904315090927998,0.180797111121409,-2.51564382362777,0.576991155463318,0,0
35.7142857142857,28,0.75,20,-4.12015291445989,0.689288914069593,-4.79491364805686,0.76471813594371,-15.223361619712,1.53386163826535,-35.365,5.3507324486406,-1.80711216180685,0.2772757044995,-2.23450952825923,0.534442083270147,0,0
35.7142857142857,28,1,20,-4.98697113705988,0.557161499786467,-5.6884004594011,0.419251901430547,-17.0809511999795,1.28314706101069,-53.94,3.87227015587342,-3.7628258374002,0.226696872890825,-1.03011379412038,0.326487586361493,0,0
41.6666666666667,24,0,20,-0.27896502174269,0.00869870855502948,-0.357991854117348,0.0427512185486009,-0.68033265983043,0.00430556627669549,3.18499999999999,0.273013095578385,-0.063870712852716,0.00247285802244851,-0.219242532336632,0.0075072196759472,0,0
41.6666666666667,24,0.25,20,-1.29107965511182,0.446828064699488,-1.64321184649587,0.605507606947513,-2.68048620257593,0.901247023019107,-3.47500000000001,3.61180731292833,-0.253963411935893,0.0947094562353421,-1.03532553370911,0.362259102138142,0,0
41.6666666666667,24,0.5,20,-2.42739980167068,0.395711982749312,-2.79227040165156,0.536832477033202,-5.07287188212331,0.930433339000566,-11.175,3.37834390233474,-0.709780232560572,0.143216382207229,-1.69963191978958,0.260260039346052,0,0
41.6666666666667,24,0.75,20,-2.35052991662077,0.261342814620818,-3.58380923060724,0.369083989581004,-7.2302246361353,0.615853219962893,-18.975,2.18026276558696,-1.53535041744913,0.225466461877581,-0.779560733595865,0.172654818054741,0,0
41.6666666666667,24,1,20,-3.07872993799249,0.031182300125398,-4.07013947299405,0.0422281639365739,-7.93704295474739,0.0581850664672614,-32.015,0.572247152588928,-3.2120707249604,0.021671161567159,0.232130684017183,0.0223219894172736,0,0
50,20,0,20,-0.269366735373178,0.00978957091509831,-0.408964251249556,0.04373223905154,-0.53673120188077,0.00322730990695506,3.00499999999999,0.305759148548264,-0.0753216755365455,0.00502675121604907,-0.198275335357596,0.00942787436190542,0,0
50,20,0.25,20,-1.70099602943436,0.492264126420787,-0.833665109107773,0.461639608163092,-2.39056642677789,0.69424465375346,19.475,5.47522903824349,-0.336054748776659,0.118188148876206,-1.35951227066644,0.37711313301241,0,0
50,20,0.5,20,-2.60062399573399,0.417208405053584,-1.28097304406573,0.419701340091185,-3.87544325936917,0.675694830138874,17.725,4.08936507484007,-0.689269446330135,0.147300687295464,-1.89252644349512,0.284966673646838,0,0
50,20,0.75,20,-2.32936906103682,0.175667649701132,-1.60825476285095,0.356785697893797,-5.12042115447145,0.40977669469824,16.505,2.0936009335131,-1.40161381332208,0.130608369189696,-0.896345976188211,0.128945450136004,0,0
50,20,1,20,-2.80910223615302,0.047483866317609,-1.99568882065355,0.0367082252889599,-5.16855650517655,0.052850540104406,3.71999999999999,0.60691999422751,-2.79001666069192,0.0228109835861713,0.0588042777281091,0.0490136031200156,0,0
