k1,sp1,penetration,mode,seed,comp,fuelL,perveh_mL,perkm_L100,co2_gkm,sigma_v,a_rms,stop_veh_s,min_gap,n_hard,n_abort,final_gap_violation,pre_gap_violation,n_gap_correction,n_safety,v_mean,n_merged

25,40,0,3,0,100,4.19122148757675,349.268457298063,7.31048292759821,168.638951222128,6.7971308915777,0.450441675807738,348.2,2.10000000048797,0,0,0,0,0,4794,16.7863297670877,12
25,40,0,3,1,100,4.18975366582079,349.146138818399,7.30486735266342,168.509410577975,6.79250426845727,0.449179905019452,346.9,2.10000000052889,0,0,0,0,0,4804,16.7933548831897,12
25,40,0,3,2,100,4.19271700104018,349.393083420015,7.31360714935972,168.711021082145,6.78746313778961,0.44646608628859,346,2.10000000057244,0,0,0,0,0,4788,16.78510410186,12
25,40,0,3,3,100,4.19094323013259,349.245269177715,7.30750858249343,168.570338731817,6.79305833723038,0.448617821488352,347.1,2.10000000051707,0,0,0,0,0,4806,16.7920337010573,12
25,40,0,3,4,100,4.19121036377006,349.267530314172,7.31183434602647,168.670125877573,6.79445693140178,0.449597771974036,348.2,2.10000000049615,0,0,0,0,0,4819,16.7831825645466,12
25,40,0,3,5,100,4.18867359398755,349.056132832296,7.30501324341797,168.51277600049,6.79316005071016,0.447607703692944,347.2,2.1000000005273,0,0,0,0,0,4808,16.7886875085704,12
25,40,0,3,6,100,4.18611140994372,348.84261749531,7.29915519292658,168.37764190595,6.79678459269721,0.449592312391877,347.2,2.10000000051775,0,0,0,0,0,4820,16.7919289765892,12
25,40,0,3,7,100,4.19137767019137,349.281472515948,7.30894404355898,168.603452091223,6.7925276747542,0.449084886064015,346.5,2.1000000005447,0,0,0,0,0,4800,16.7904982391095,12
25,40,0,3,8,100,4.18762509755674,348.968758129728,7.30315827981013,168.469985514488,6.79684529233043,0.448501560945565,348.4,2.10000000047648,0,0,0,0,0,4806,16.7887651997916,12
25,40,0,3,9,100,4.1929409081444,349.411742345366,7.31313235677809,168.700068519393,6.7979270111513,0.447029810796463,347.2,2.10000000053128,0,0,0,0,0,4812,16.7871036515877,12
25,40,0,3,10,100,4.19032802796167,349.194002330139,7.30655764700075,168.548402456778,6.79346507264004,0.449227193338903,346.5,2.10000000054652,0,0,0,0,0,4788,16.7917749161946,12
25,40,0,3,11,100,4.19088976248835,349.240813540696,7.30915298283873,168.608271923422,6.78729616511752,0.450309123126764,345.6,2.10000000059335,0,0,0,0,0,4799,16.7880832016239,12
25,40,0,3,12,100,4.18712112093252,348.92676007771,7.29996392804318,168.396297888493,6.79463289865671,0.448520121298009,346.8,2.10000000054129,0,0,0,0,0,4805,16.7940941885775,12
25,40,0,3,13,100,4.19339753563714,349.449794636429,7.31460328784119,168.734000104249,6.79244190990364,0.44870628102912,347.2,2.10000000052969,0,0,0,0,0,4811,16.785578693858,12
25,40,0,3,14,100,4.19084181720801,349.236818100667,7.31232382299634,168.681417181262,6.80253756249333,0.446220808806071,348.6,2.10000000047785,0,0,0,0,0,4821,16.780549025317,12
25,40,0,3,15,100,4.19531607318382,349.609672765318,7.31653593522807,168.778582607435,6.79113829338284,0.44832338714588,346.6,2.10000000053617,0,0,0,0,0,4797,16.7887757296815,12
25,40,0,3,16,100,4.19032443516659,349.193702930549,7.30792973429407,168.580053903669,6.7901689803317,0.44708732908995,346.5,2.10000000055197,0,0,0,0,0,4806,16.7885838422404,12
25,40,0,3,17,100,4.19513556361913,349.594630301594,7.31810652753943,168.814813187932,6.7884538099479,0.449921977351253,346.3,2.10000000054902,0,0,0,0,0,4806,16.7844925570383,12
25,40,0,3,18,100,4.18778875296048,348.98239608004,7.30347670391383,168.477330953555,6.79576189430687,0.449647396231974,347.2,2.10000000052139,0,0,0,0,0,4809,16.788679696298,12
25,40,0,3,19,100,4.18684165528693,348.903471273911,7.30061324914609,168.411276492627,6.79259920486631,0.449026794949681,346.5,2.10000000054492,0,0,0,0,0,4830,16.7914821795115,12
25,40,0.25,3,0,100,4.25247688319784,354.37307359982,7.31108718015554,168.652890180546,6.78255907334921,0.449809418812753,332.6,2.10000000122784,0,0,0,0,0,8969,17.0299879520095,12
25,40,0.25,3,1,100,4.27132679667108,355.94389972259,7.32144392444456,168.89180059348,6.81667967151855,0.44817976852361,333.7,2.10000000115463,0,0,0,0,0,9877,17.0812709268898,12
25,40,0.25,3,2,100,4.27511960496296,356.259967080246,7.32886606299471,169.063015227768,6.8048445356201,0.445611337965519,331.6,2.10000000134187,0,0,0,0,0,9889,17.0790634689967,12
25,40,0.25,3,3,100,4.28233991767811,356.861659806509,7.33820362891552,169.278415132186,6.87075669422561,0.447232192510932,338.7,2.10000000085006,0,0,0,0,0,9783,17.0862068937403,12
25,40,0.25,3,4,100,4.26142874818234,355.119062348528,7.3278091612632,169.038634512936,6.80555680975875,0.449132739363773,336.2,2.10000000100922,0,0,0,0,0,9837,17.0269170332016,12
25,40,0.25,3,5,100,4.27464575322459,356.220479435382,7.3323531223597,169.143455061906,6.86991817504031,0.446348621639709,341.2,2.10000000075217,0,0,0,0,0,10730,17.0691395900507,12
25,40,0.25,3,6,100,4.26781297651919,355.651081376599,7.32570049250469,168.989991531148,6.88107577753971,0.448150722187525,342.4,2.10000000068783,0,0,0,0,0,9909,17.0573937585678,12
25,40,0.25,3,7,100,4.25666390643398,354.721992202832,7.31357680475764,168.71032108983,6.79862603228277,0.447990555503716,333.3,2.10000000118919,0,0,0,0,0,9834,17.040975251313,12
25,40,0.25,3,8,100,4.27576161033039,356.313467527533,7.33206489028438,169.136806095569,6.82615313896734,0.448177167286042,336.4,2.10000000096909,0,0,0,0,0,10626,17.0742579566338,12
25,40,0.25,3,9,100,4.25793005259178,354.827504382648,7.31119919716711,168.655474200171,6.7742615410758,0.446318602965315,330.4,2.10000000143521,0,0,0,0,0,10726,17.0515113547732,12
25,40,0.25,3,10,100,4.28271952950564,356.89329412547,7.35203745505717,169.597535217004,6.89513750454027,0.448604748620354,344.1,2.10000000062996,0,0,0,0,0,10492,17.0556271981442,12
25,40,0.25,3,11,100,4.27582869862638,356.319058218865,7.32079994730674,168.876945264467,6.80925292313966,0.448957765483185,330,2.10000000149341,0,0,0,0,0,8999,17.1007718352649,12
25,40,0.25,3,12,100,4.26025990173693,355.021658478077,7.3231601105883,168.931389747062,6.83534351739177,0.448026550127051,338.4,2.10000000088996,0,0,0,0,0,9809,17.0330895748399,12
25,40,0.25,3,13,100,4.25774955201591,354.812462667992,7.3301089781244,169.091686918271,6.83102158536999,0.447833127501109,340,2.10000000081106,0,0,0,0,0,9928,17.0069009768192,12
25,40,0.25,3,14,100,4.29347111161267,357.789259301055,7.3418669037,169.362919921242,6.88526739126317,0.444378989827841,339,2.10000000084347,0,0,0,0,0,10727,17.1220101253418,12
25,40,0.25,3,15,100,4.25765003538311,354.804169615259,7.32828886247698,169.049700308505,6.80112213914919,0.447894354857237,335.8,2.10000000101604,0,0,0,0,0,9827,17.0106702144638,12
25,40,0.25,3,16,100,4.25140848337846,354.284040281538,7.3187716373305,168.830156007104,6.83800322275811,0.445900505161067,340.5,2.10000000078708,0,0,0,0,0,9922,17.0078755842346,12
25,40,0.25,3,17,100,4.30460046364918,358.716705304098,7.36645764170236,169.930181524554,6.87145932401163,0.449195321518028,337.9,2.10000000090247,0,0,0,0,0,10670,17.1091316283932,12
25,40,0.25,3,18,100,4.26717835380317,355.598196150264,7.31840995109243,168.821812592795,6.8453268377829,0.448211802782825,337.6,2.10000000092009,0,0,0,0,0,10727,17.0717668064132,12
25,40,0.25,3,19,100,4.26920478811016,355.767065675846,7.32026905657025,168.864698623868,6.82603712377874,0.448331163951402,334.5,2.10000000110881,0,0,0,0,0,9817,17.0755430047905,12
25,40,0.5,3,0,100,4.35333353903037,362.777794919197,7.3450006105852,169.435208585041,6.82676770982791,0.449230375531309,320.6,2.10000000249761,0,0,0,0,0,13685,17.3530976894187,12
25,40,0.5,3,1,100,4.33716375707316,361.43031308943,7.30410844825396,168.491904095167,6.74369767421412,0.447481376239798,309.7,2.10000000477726,0,0,0,0,0,14514,17.3853624413148,12
25,40,0.5,3,2,100,4.37018670012816,364.18222501068,7.3705691421284,170.025026027532,6.9228888005948,0.444286790057306,330.4,2.10000000144066,0,0,0,0,0,13958,17.3598517798461,12
25,40,0.5,3,3,100,4.37974324911812,364.978604093177,7.37018795439291,170.016232750731,6.91574996461038,0.44654664617816,326.7,2.10000000172909,0,0,0,0,0,11402,17.3987058094917,12
25,40,0.5,3,4,100,4.32789152066593,360.657626722161,7.30716026707864,168.562303756997,6.72421274369357,0.448037832393726,309.8,2.1000000048125,0,0,0,0,0,14355,17.3409817142606,12
25,40,0.5,3,5,100,4.37075779145894,364.229815954911,7.35121416454025,169.578543469031,6.92579843411539,0.444742718032455,329.2,2.10000000153047,0,0,0,0,0,14676,17.4078206187236,12
25,40,0.5,3,6,100,4.34826954029242,362.355795024369,7.33425597385302,169.187350230439,6.86308484071765,0.447498846102781,324.4,2.10000000199568,0,0,0,0,0,14646,17.3583712060002,12
25,40,0.5,3,7,100,4.38179431069713,365.149525891428,7.36796170541468,169.964877416676,6.92837975498087,0.446458937677028,326.1,2.10000000182072,0,0,0,0,0,9801,17.4121238689767,12
25,40,0.5,3,8,100,4.37723945502706,364.769954585588,7.35761452502504,169.72618762473,6.903730513628,0.446336072448725,326.8,2.1000000017101,0,0,0,0,0,14607,17.4184763106538,12
25,40,0.5,3,9,100,4.34156141808398,361.796784840332,7.33478872005324,169.19963967306,6.81749964158546,0.445288525136286,320.8,2.10000000253274,0,0,0,0,0,14801,17.3302578678193,12
25,40,0.5,3,10,100,4.35489385063355,362.907820886129,7.33892998844042,169.295170866343,6.89554863749212,0.446632527154509,327.3,2.10000000170294,0,0,0,0,0,15358,17.3736847055968,12
25,40,0.5,3,11,100,4.3636013525148,363.6334460429,7.35293654915778,169.618275609627,6.86098541782569,0.448320002888828,321.6,2.10000000245498,0,0,0,0,0,12960,17.3752905417133,12
25,40,0.5,3,12,100,4.34651829688161,362.209858073468,7.33954266300147,169.309304104384,6.85618664871646,0.446880698792902,324,2.10000000208663,0,0,0,0,0,12965,17.3388764979133,12
25,40,0.5,3,13,100,4.35702562401602,363.085468668002,7.36164757706256,169.819222472437,6.91216929290006,0.446753889957981,331.6,2.10000000133334,0,0,0,0,0,13757,17.3285879166645,12
25,40,0.5,3,14,100,4.36613778221099,363.844815184249,7.35598825567317,169.688672680694,6.90269001980428,0.443428469226757,327,2.10000000171556,0,0,0,0,0,13240,17.3781192498368,12
25,40,0.5,3,15,100,4.3507268738387,362.560572819892,7.35281672812372,169.615511566031,6.81846285929984,0.447290154212286,321.4,2.10000000238222,0,0,0,0,0,14621,17.3242514877088,12
25,40,0.5,3,16,100,4.35748297893082,363.123581577568,7.34730636429171,169.488397942118,6.90652870145999,0.444225177742993,328.5,2.10000000160085,0,0,0,0,0,13209,17.3642022769616,12
25,40,0.5,3,17,100,4.39371949031779,366.143290859816,7.38427472163148,170.341187706067,6.96024025381939,0.44731070896752,331.9,2.10000000128707,0,0,0,0,0,15472,17.4209221665882,12
25,40,0.5,3,18,100,4.35663559729556,363.052966441296,7.36551953876391,169.90854127216,6.92757723420609,0.448554896942888,332.8,2.10000000122216,0,0,0,0,0,12410,17.3179600236395,12
25,40,0.5,3,19,100,4.36476465258808,363.730387715674,7.34029171390834,169.326583285609,6.88433995352544,0.446703797612911,323.7,2.10000000210107,0,0,0,0,0,14550,17.4098167397776,12
25,40,0.75,3,0,100,4.51853812114882,376.544843429068,7.40019445300171,170.708425661289,6.94673819817452,0.447323904529201,307.4,2.10000000545415,0,0,0,0,0,16166,17.876822972182,12
25,40,0.75,3,1,100,4.52670714930572,377.225595775477,7.36083041117104,169.800372007935,6.85989785073625,0.444717196915592,291.7,2.10000001385924,0,0,0,0,0,17612,18.0047673524137,12
25,40,0.75,3,2,100,4.51592207613948,376.32683967829,7.39395971782003,170.564602166644,6.98014898288467,0.442230657303316,310,2.10000000481728,0,0,0,0,0,18305,17.8814947643325,12
25,40,0.75,3,3,100,4.52323895242252,376.936579368543,7.39930949737603,170.68801141642,6.92312206789008,0.445264834830663,302.7,2.10000000715445,0,0,0,0,0,14695,17.8975417219246,12
25,40,0.75,3,4,100,4.49058912349254,374.215760291045,7.34222149270152,169.371099615788,6.77923649407547,0.445836625420122,288.2,2.10000001727587,0,0,0,0,0,17202,17.9064171365311,12
25,40,0.75,3,5,100,4.49662830155089,374.719025129241,7.3674898267814,169.953992073176,6.90106797597444,0.443635002672007,302.8,2.1000000072986,0,0,0,0,0,17663,17.8690991387432,12
25,40,0.75,3,6,100,4.49808134690714,374.840112242262,7.35590461479948,169.686743244656,6.93820959005756,0.444539474741246,305.2,2.10000000621619,0,0,0,0,0,19460,17.9030495107616,12
25,40,0.75,3,7,100,4.51626830944034,376.355692453362,7.38896946533995,170.449486523409,6.93381362087942,0.444751365602899,303.3,2.100000007017,0,0,0,0,0,14180,17.8949929772851,12
25,40,0.75,3,8,100,4.49617936791124,374.681613992603,7.36168654512883,169.820121391686,6.90964455838895,0.444563528747744,304,2.10000000659068,0,0,0,0,0,18010,17.8813937304541,12
25,40,0.75,3,9,100,4.51891887670172,376.576573058476,7.39859251437607,170.671471980879,6.97175026732068,0.443371621641003,308.8,2.10000000515174,0,0,0,0,0,16829,17.8821703645828,12
25,40,0.75,3,10,100,4.53476085399809,377.896737833174,7.39063985862069,170.488019322648,6.99091765414266,0.445011832100236,306.9,2.10000000569369,0,0,0,0,0,17171,17.9641208819491,12
25,40,0.75,3,11,100,4.48812686021089,374.01057168424,7.34215497466539,169.369565171079,6.77663097677709,0.446551042861396,286.8,2.10000001924482,0,0,0,0,0,17207,17.8968098927885,12
25,40,0.75,3,12,100,4.51119172685544,375.93264390462,7.37814723669407,170.199838270782,6.95294992066099,0.443946534898751,306,2.10000000605351,0,0,0,0,0,15734,17.9011072277295,12
25,40,0.75,3,13,100,4.51008154951545,375.840129126287,7.38192357132887,170.286951135771,6.93471062422346,0.444297768704987,305.2,2.10000000635887,0,0,0,0,0,16989,17.8875024472651,12
25,40,0.75,3,14,100,4.52072376429759,376.726980358133,7.39915972665142,170.684556490368,6.95100354049786,0.442491277013021,306.6,2.10000000573643,0,0,0,0,0,15728,17.8879274932634,12
25,40,0.75,3,15,100,4.52307785240088,376.92315436674,7.41039314730775,170.94369016141,6.98862588176196,0.44514315408396,311.8,2.10000000420405,0,0,0,0,0,17824,17.8701157598591,12
25,40,0.75,3,16,100,4.53989894329078,378.324911940899,7.41833291745889,171.126845573233,7.0601006572128,0.442414283548528,316.5,2.10000000325601,0,0,0,0,0,15405,17.9174165904393,12
25,40,0.75,3,17,100,4.57236383226848,381.030319355706,7.43567285555746,171.526844999285,7.05101077232723,0.44469279677907,310.3,2.10000000462003,0,0,0,0,0,11273,18.0033894268141,12
25,40,0.75,3,18,100,4.4883601013195,374.030008443292,7.36422860429141,169.878761866655,6.87346755598853,0.446669684749509,300.4,2.10000000831246,0,0,0,0,0,16905,17.8441472871563,12
25,40,0.75,3,19,100,4.53739106836963,378.115922364136,7.38481650285495,170.353685569508,7.01061559781428,0.444019321621867,308.1,2.10000000528885,0,0,0,0,0,18145,17.9887213785212,12
25,40,1,3,0,100,4.72382802730602,393.652335608835,7.46377622798625,172.17513640481,7.00889935171336,0.444581123108697,282.2,2.10000002422714,0,0,0,0,0,4409,18.529222849053,12
25,40,1,3,1,100,4.7166102687236,393.050855726967,7.45367392804365,171.942095539504,7.01054531167319,0.44284636623965,282.1,2.10000002445895,0,0,0,0,0,4426,18.5260011469596,12
25,40,1,3,2,100,4.72275486244006,393.562905203338,7.4611349522405,172.114207191779,7.00078228747269,0.440013183115615,280,2.10000002842571,0,0,0,0,0,4403,18.5315259073426,12
25,40,1,3,3,100,4.71885667248105,393.238056040088,7.4575726136038,172.032030807874,7.01172194525503,0.442353119195708,282.3,2.10000002392292,0,0,0,0,0,4428,18.5251174015216,12
25,40,1,3,4,100,4.71996394086318,393.330328405265,7.46041488919427,172.097596705422,7.01660529810238,0.443174365021064,283.4,2.10000002295033,0,0,0,0,0,4441,18.5224128421063,12
25,40,1,3,5,100,4.71348251851633,392.790209876361,7.44926194591609,171.840319494587,7.0132636145506,0.440792899453025,282.4,2.10000002440484,0,0,0,0,0,4430,18.5246756661937,12
25,40,1,3,6,100,4.70953725177813,392.461437648177,7.44012379377944,171.629519687283,7.0068709790964,0.442622842787112,281.2,2.10000002572008,0,0,0,0,0,4435,18.5319413822643,12
25,40,1,3,7,100,4.71627129349132,393.022607790943,7.45378236181841,171.944596900663,7.01166508322717,0.442405412081977,281.7,2.10000002518939,0,0,0,0,0,4422,18.5244031103665,12
25,40,1,3,8,100,4.71414535869803,392.845446558169,7.4473429917107,171.796052867082,7.00863686125813,0.44175882156211,282.4,2.10000002365859,0,0,0,0,0,4421,18.5320614779043,12
25,40,1,3,9,100,4.72281422231737,393.567851859781,7.46448269094298,172.191433162942,7.0085972953528,0.441046683244965,281.2,2.10000002637605,0,0,0,0,0,4427,18.5234693477893,12
25,40,1,3,10,100,4.71453250775513,392.877708979594,7.45114960561435,171.883864217272,7.01209830978429,0.442532606218488,281.7,2.10000002529091,0,0,0,0,0,4410,18.5241176247721,12
25,40,1,3,11,100,4.71210949356131,392.675791130109,7.4466813232119,171.780789431984,7.00813156591186,0.443082292639416,280.8,2.10000002744721,0,0,0,0,0,4421,18.5257203719072,12
25,40,1,3,12,100,4.70738054646186,392.281712205155,7.43930899230153,171.610723765311,7.01260415420597,0.441483546779708,282,2.10000002504614,0,0,0,0,0,4427,18.5254689648404,12
25,40,1,3,13,100,4.72214209826088,393.51184152174,7.46350654379646,172.168915302951,7.0138773262031,0.442295302739857,282.4,2.10000002450647,0,0,0,0,0,4433,18.5232795366949,12
25,40,1,3,14,100,4.72097134441585,393.414278701321,7.46229136748048,172.140883494176,7.01553326408406,0.439988000650276,282.6,2.10000002373476,0,0,0,0,0,4436,18.5216685498507,12
25,40,1,3,15,100,4.72656604133037,393.880503444198,7.46738173186234,172.258308528774,7.00241936752676,0.442268851195557,280.6,2.10000002663321,0,0,0,0,0,4412,18.5309581414152,12
25,40,1,3,16,100,4.71568757169495,392.973964307913,7.45266654867578,171.918857211508,7.01046514727703,0.440401431461491,281.7,2.10000002552545,0,0,0,0,0,4428,18.5248560359379,12
25,40,1,3,17,100,4.72216031431547,393.51335952629,7.46329530057144,172.164042323112,7.01026838419333,0.443301053875815,281.5,2.10000002539402,0,0,0,0,0,4428,18.523869669055,12
25,40,1,3,18,100,4.71561371233563,392.967809361303,7.45330394312239,171.933560690341,7.01526220528727,0.44328583898601,282.4,2.10000002411573,0,0,0,0,0,4431,18.5230088805163,12
25,40,1,3,19,100,4.71210395211105,392.675329342588,7.44362792696273,171.710353381969,7.00304820620592,0.44225088514894,280.5,2.10000002707864,0,0,0,0,0,4445,18.5332899031781,12
29.4117647058824,34,0,3,0,100,4.16557951853794,347.131626544828,7.26611434260129,167.615452266561,6.27008617972274,0.463753962615547,284.6,2.1000000210197,0,0,0,0,0,4888,16.7851253011528,12
29.4117647058824,34,0,3,1,100,4.16762110295315,347.301758579429,7.26844757775364,167.669275568379,6.26315836191297,0.464532494663792,283.3,2.10000002278241,0,0,0,0,0,4903,16.7879636754262,12
29.4117647058824,34,0,3,2,100,4.16817597457147,347.347997880956,7.27264165061161,167.766024860474,6.25852919249532,0.461316243886183,282.4,2.10000002466256,0,0,0,0,0,4867,16.7804723549984,12
29.4117647058824,34,0,3,3,100,4.16623249343689,347.186041119741,7.26593267293793,167.6112614926,6.2644736949023,0.462122762067347,283.5,2.10000002228321,0,0,0,0,0,4908,16.7881632894556,12
29.4117647058824,34,0,3,4,100,4.16628183024921,347.190152520767,7.27145310763515,167.738607432238,6.26524251829583,0.462837839236261,284.6,2.10000002137724,0,0,0,0,0,4925,16.775633908261,12
29.4117647058824,34,0,3,5,100,4.16938484549462,347.448737124552,7.27619599452958,167.848016821408,6.26128989989435,0.465382771025248,283.6,2.10000002273205,0,0,0,0,0,4910,16.7771753739042,12
29.4117647058824,34,0,3,6,100,4.16380512960106,346.983760800088,7.26187411080018,167.51763817535,6.26807875880473,0.464676070722334,283.6,2.10000002231504,0,0,0,0,0,4910,16.7878179598181,12
29.4117647058824,34,0,3,7,100,4.1671383477121,347.261528976008,7.26739871116202,167.645080208957,6.26432555552378,0.462743643633767,282.9,2.10000002346283,0,0,0,0,0,4908,16.7884453574839,12
29.4117647058824,34,0,3,8,100,4.1654596234265,347.121635285542,7.26918223955914,167.686222820374,6.26537274378204,0.46433721024712,284.8,2.10000002052652,0,0,0,0,0,4918,16.7775733179558,12
29.4117647058824,34,0,3,9,100,4.16766782323076,347.305651935896,7.26560656682445,167.603738844163,6.26360274785649,0.459601843050505,282.4,2.1000000245682,0,0,0,0,0,4887,16.7946783486757,12
29.4117647058824,34,0,3,10,100,4.1653156683403,347.109639028359,7.26478276382599,167.584735274214,6.26426119929566,0.462607598625935,282.9,2.10000002355741,0,0,0,0,0,4883,16.7871463273393,12
29.4117647058824,34,0,3,11,100,4.17152694528704,347.627245440586,7.28043886542417,167.945891791491,6.25490757425851,0.466703591412268,282,2.10000002556592,0,0,0,0,0,4920,16.7760457918783,12
29.4117647058824,34,0,3,12,100,4.16352778023305,346.960648352755,7.26081560965794,167.49322056515,6.26506684228704,0.462199609059546,283.2,2.10000002332936,0,0,0,0,0,4899,16.7891221271559,12
29.4117647058824,34,0,3,13,100,4.17272515417592,347.727096181326,7.28407586240594,168.029790401566,6.26009916445874,0.46524718761047,283.6,2.10000002282675,0,0,0,0,0,4915,16.7724498163445,12
29.4117647058824,34,0,3,14,100,4.16853272486254,347.377727071878,7.27208461752899,167.75317516562,6.26688454157335,0.460529499489198,283.8,2.10000002210791,0,0,0,0,0,4897,16.7831897576115,12
29.4117647058824,34,0,3,15,100,4.16866732366424,347.388943638687,7.27056764685623,167.718181534444,6.26326771612758,0.461903617274388,283,2.10000002310733,0,0,0,0,0,4910,16.7872201775779,12
29.4117647058824,34,0,3,16,100,4.16960638772269,347.467198976891,7.27589955246865,167.841178466302,6.25863675058224,0.463175002003666,282.9,2.10000002377581,0,0,0,0,0,4919,16.778735483059,12
29.4117647058824,34,0,3,17,100,4.17074971806113,347.562476505094,7.27792453830932,167.887891042173,6.25937154125519,0.463613935535233,282.7,2.10000002365348,0,0,0,0,0,4901,16.7786778672905,12
29.4117647058824,34,0,3,18,100,4.16513816289753,347.094846908127,7.26571278352897,167.606189061725,6.26686753887218,0.463836497010852,283.6,2.10000002246272,0,0,0,0,0,4911,16.7842795139161,12
29.4117647058824,34,0,3,19,100,4.16418302104186,347.015251753489,7.26273686085465,167.537540179881,6.26349193860447,0.464274352278282,282.9,2.10000002349375,0,0,0,0,0,4945,16.7873203414665,12
29.4117647058824,34,0.25,3,0,100,4.21978521724923,351.648768104103,7.27597190125389,167.842847415315,6.28582625758549,0.4617234713254,276.2,2.10000003455298,0,0,0,0,0,9281,16.9803784848747,12
29.4117647058824,34,0.25,3,1,100,4.25278782346204,354.398985288504,7.30393780734211,168.487967733549,6.31451900165429,0.461894415798939,276.1,2.10000003488381,0,0,0,0,0,10054,17.0476608452683,12
29.4117647058824,34,0.25,3,2,100,4.24923038841865,354.102532368221,7.30345689757663,168.476874058988,6.30923375761396,0.458548648986587,275.2,2.10000003776236,0,0,0,0,0,10062,17.0344833140812,12
29.4117647058824,34,0.25,3,3,100,4.27148589625614,355.957158021345,7.32039554258519,168.867616415909,6.37343030134442,0.459878311470739,279.9,2.10000002757329,0,0,0,0,0,10116,17.0840721916257,12
29.4117647058824,34,0.25,3,4,100,4.22222351884897,351.851959904081,7.28106544999904,167.960345907123,6.28604994636816,0.460244561461381,277.4,2.10000003273205,0,0,0,0,0,10176,16.9783271307067,12
29.4117647058824,34,0.25,3,5,100,4.25713547515619,354.761289596349,7.31575367613863,168.760537376534,6.32201998582519,0.461855083156959,278.8,2.10000003019866,0,0,0,0,0,10927,17.0375622379107,12
29.4117647058824,34,0.25,3,6,100,4.25079452916625,354.232877430521,7.30242203896209,168.453001836981,6.34558782097314,0.461664979612444,280,2.10000002761274,0,0,0,0,0,10083,17.0432766006663,12
29.4117647058824,34,0.25,3,7,100,4.22717002262273,352.264168551894,7.28129916741997,167.965737323961,6.29148785847963,0.460273078323091,275.7,2.1000000359254,0,0,0,0,0,10149,16.9976651229662,12
29.4117647058824,34,0.25,3,8,100,4.24275684885881,353.563070738234,7.29752797124701,168.340104993523,6.3015426384847,0.461449816721217,277.6,2.10000003142954,0,0,0,0,0,10977,17.0224219268694,12
29.4117647058824,34,0.25,3,9,100,4.21618444187209,351.348703489341,7.26885304279834,167.678628876576,6.25148056119636,0.456755951027365,272.8,2.10000004335814,0,0,0,0,0,10944,16.9825125929881,12
29.4117647058824,34,0.25,3,10,100,4.25559870088673,354.633225073894,7.3082397758318,168.587205972865,6.33433409518765,0.459014456672277,279.3,2.10000002915001,0,0,0,0,0,10874,17.0489455545713,12
29.4117647058824,34,0.25,3,11,100,4.26296361315049,355.246967762541,7.31526448218407,168.74925260147,6.32857992946013,0.464205936690392,274.8,2.1000000391457,0,0,0,0,0,9926,17.0619850609841,12
29.4117647058824,34,0.25,3,12,100,4.22713193259002,352.260994382501,7.28006114072322,167.937178400317,6.30116071499147,0.45947251924247,277.2,2.10000003327275,0,0,0,0,0,10099,17.0004428602006,12
29.4117647058824,34,0.25,3,13,100,4.23346114392454,352.788428660378,7.3098760473229,168.624951647249,6.28984933874702,0.46249445649595,278.8,2.1000000303244,0,0,0,0,0,10044,16.9564733986545,12
29.4117647058824,34,0.25,3,14,100,4.28027800804963,356.689834004136,7.3258459572069,168.993347125444,6.37832187168029,0.457052089400367,280.2,2.10000002735637,0,0,0,0,0,10932,17.1064876308652,12
29.4117647058824,34,0.25,3,15,100,4.22356716668047,351.963930556706,7.28994377300907,168.165151950151,6.28151814646187,0.459368449490556,277,2.10000003295602,0,0,0,0,0,10066,16.9630343359718,12
29.4117647058824,34,0.25,3,16,100,4.2341918485718,352.849320714317,7.30525973072765,168.518461994398,6.29039085072566,0.460500936982474,278.1,2.1000000315853,0,0,0,0,0,10041,16.9700980665979,12
29.4117647058824,34,0.25,3,17,100,4.27821775451452,356.518146209543,7.3268661727111,169.016881558717,6.35432147352188,0.46026180067912,277.9,2.10000003142261,0,0,0,0,0,10982,17.0959007091489,12
29.4117647058824,34,0.25,3,18,100,4.24079478900263,353.399565750219,7.28813129283856,168.123341476329,6.30806825668472,0.460442446920615,276.4,2.10000003439416,0,0,0,0,0,10951,17.0364733393156,12
29.4117647058824,34,0.25,3,19,100,4.24849021106543,354.040850922119,7.29895598687847,168.373046600911,6.31252799402926,0.461735371333754,275.7,2.10000003597281,0,0,0,0,0,10100,17.0420833792409,12
29.4117647058824,34,0.5,3,0,100,4.32102840026713,360.085700022261,7.32357463591541,168.94095205876,6.35590497549698,0.45898854464956,270.2,2.10000004927997,0,0,0,0,0,14374,17.2746354555846,12
29.4117647058824,34,0.5,3,1,100,4.30542266227616,358.785221856347,7.31067257674497,168.643326067611,6.28146203222422,0.459603227949402,264.1,2.10000007095698,0,0,0,0,0,15203,17.2426424272314,12
29.4117647058824,34,0.5,3,2,100,4.35370984807138,362.809154005948,7.35318892094186,169.624097347179,6.39893081706666,0.455624610955552,271.6,2.10000004672725,0,0,0,0,0,14349,17.3351351686803,12
29.4117647058824,34,0.5,3,3,100,4.38116173899138,365.096811582615,7.36914617571486,169.992200896008,6.45617057182054,0.457902546632602,272.7,2.10000004221922,0,0,0,0,0,13090,17.4066224503015,12
29.4117647058824,34,0.5,3,4,100,4.28169247146513,356.807705955427,7.29367406406161,168.25120267718,6.28149987271254,0.457954923118396,266.6,2.10000006201653,0,0,0,0,0,15325,17.1875779964116,12
29.4117647058824,34,0.5,3,5,100,4.36347960090557,363.623300075464,7.36436193935068,169.881837653135,6.39026330892858,0.459601874157146,271.6,2.10000004623907,0,0,0,0,0,15861,17.3477242283076,12
29.4117647058824,34,0.5,3,6,100,4.32210775706731,360.175646422276,7.32270444395687,168.920878383642,6.35660882195572,0.45921511028884,270.4,2.10000004873086,0,0,0,0,0,15253,17.2810635591085,12
29.4117647058824,34,0.5,3,7,100,4.39677708052376,366.398090043646,7.37405725335588,170.105490126139,6.48660959367568,0.457662906555282,272.1,2.1000000444543,0,0,0,0,0,14495,17.4569956378777,12
29.4117647058824,34,0.5,3,8,100,4.35964196782167,363.303497318472,7.35519511896306,169.670376523752,6.38941173315978,0.458841859124776,271.6,2.10000004482549,0,0,0,0,0,15199,17.354071172677,12
29.4117647058824,34,0.5,3,9,100,4.30148910189739,358.457425158116,7.30887649002908,168.60189375964,6.31032560227613,0.454471068303024,268,2.10000005759957,0,0,0,0,0,15213,17.2311221206141,12
29.4117647058824,34,0.5,3,10,100,4.32642211518,360.535176265,7.32457556346892,168.964041555657,6.33622521858364,0.456465196021829,268.5,2.10000005522977,0,0,0,0,0,16046,17.2938719461197,12
29.4117647058824,34,0.5,3,11,100,4.35227300435774,362.689417029811,7.3538383034177,169.63907736707,6.3830979078485,0.461759411958313,268.8,2.10000005583015,0,0,0,0,0,14210,17.3279224251193,12
29.4117647058824,34,0.5,3,12,100,4.32141654031878,360.118045026565,7.31848421136293,168.823525636141,6.36463818810308,0.456824403277957,270,2.10000005094605,0,0,0,0,0,14165,17.2882291999757,12
29.4117647058824,34,0.5,3,13,100,4.33682693676771,361.402244730643,7.35350277562661,169.631337378432,6.35804120200979,0.460190454376435,271.6,2.10000004643155,0,0,0,0,0,14320,17.2672565113332,12
29.4117647058824,34,0.5,3,14,100,4.36422307455644,363.685256213037,7.36126376951853,169.81036876163,6.42868181039777,0.455444260279703,273,2.10000004188714,0,0,0,0,0,14182,17.3579031845139,12
29.4117647058824,34,0.5,3,15,100,4.30580583540706,358.817152950588,7.3173774977704,168.797995856317,6.31254371387675,0.456603381320917,268.6,2.10000005417442,0,0,0,0,0,15226,17.2283510895965,12
29.4117647058824,34,0.5,3,16,100,4.35718716394937,363.098930329114,7.3613440925841,169.812221662139,6.39047968974794,0.458545968096177,270.9,2.10000004836229,0,0,0,0,0,14163,17.3297732397196,12
29.4117647058824,34,0.5,3,17,100,4.37330177322557,364.441814435464,7.36652254605833,169.931678744728,6.40973971646801,0.457160079694552,271.9,2.1000000448156,0,0,0,0,0,16102,17.3816490401435,12
29.4117647058824,34,0.5,3,18,100,4.33548417534207,361.290347945173,7.33496480341572,169.203701581674,6.38392134895327,0.458322916922537,271.6,2.10000004569144,0,0,0,0,0,14147,17.3055230238551,12
29.4117647058824,34,0.5,3,19,100,4.34635429862897,362.196191552414,7.33456705420625,169.194526263135,6.36126879681615,0.458761886271657,267.3,2.10000005913344,0,0,0,0,0,15263,17.3498249170072,12
29.4117647058824,34,0.75,3,0,100,4.50849476816797,375.707897347331,7.40233046680496,170.757699441304,6.47522422220977,0.456678221710024,258.2,2.10000010024021,0,0,0,0,0,19979,17.8319066388148,12
29.4117647058824,34,0.75,3,1,100,4.51384573582048,376.153811318374,7.39612373502738,170.614521931985,6.4332018416948,0.456731676349038,252.1,2.10000014433297,0,0,0,0,0,20938,17.8680183353482,12
29.4117647058824,34,0.75,3,2,100,4.49616371319428,374.680309432856,7.39686193431116,170.631550786883,6.43836142332683,0.45342491205636,256,2.10000011761201,0,0,0,0,0,20444,17.7962702916507,12
29.4117647058824,34,0.75,3,3,100,4.52772403508906,377.310336257422,7.41567521115205,171.065537338377,6.51093477402666,0.455660185135139,258.3,2.10000009898147,0,0,0,0,0,18909,17.8756907860178,12
29.4117647058824,34,0.75,3,4,100,4.44697682231067,370.581401859222,7.3594191490132,169.767816871351,6.37772379657755,0.455125001516756,254.6,2.10000012614762,0,0,0,0,0,20260,17.6912492922685,12
29.4117647058824,34,0.75,3,5,100,4.48335793499145,373.613161249287,7.39846786352514,170.668596522584,6.41184164567387,0.458404382932064,256,2.10000011638351,0,0,0,0,0,20931,17.7418135130678,12
29.4117647058824,34,0.75,3,6,100,4.47655464003662,373.046220003052,7.37472122835943,170.120806767918,6.42015113698626,0.456511186663019,256,2.10000011424791,0,0,0,0,0,21340,17.7719559525791,12
29.4117647058824,34,0.75,3,7,100,4.53131228874682,377.609357395568,7.4135751999221,171.017094069323,6.52083712993171,0.455091550236401,257.7,2.10000010422164,0,0,0,0,0,20480,17.8949250829513,12
29.4117647058824,34,0.75,3,8,100,4.47134930436381,372.612442030317,7.38450581142262,170.346518508478,6.39378244870606,0.45737485184181,256,2.1000001128258,0,0,0,0,0,20409,17.727772482894,12
29.4117647058824,34,0.75,3,9,100,4.50049048310106,375.040873591755,7.38733111077183,170.411692796396,6.46164678661513,0.451534548777726,256,2.10000011716295,0,0,0,0,0,20085,17.8363552070124,12
29.4117647058824,34,0.75,3,10,100,4.50431862470017,375.359885391681,7.38268522180651,170.304520965155,6.41434353261848,0.454396427705158,251.7,2.1000001492431,0,0,0,0,0,22175,17.8627677230624,12
29.4117647058824,34,0.75,3,11,100,4.45944735759991,371.620613133326,7.37741283321907,170.182896977981,6.37008217087436,0.459056330619356,252,2.10000015086496,0,0,0,0,0,20257,17.6976116795384,12
29.4117647058824,34,0.75,3,12,100,4.51133282040878,375.944401700732,7.39395393442469,170.564468754702,6.49770916464223,0.454258627041921,258,2.10000010362899,0,0,0,0,0,19880,17.8633455129098,12
29.4117647058824,34,0.75,3,13,100,4.50637146405543,375.530955337953,7.41739578404627,171.105227685958,6.44919025044684,0.458203578853611,257.2,2.1000001088571,0,0,0,0,0,20104,17.7873369064306,12
29.4117647058824,34,0.75,3,14,100,4.52128004957932,376.773337464943,7.41213450226287,170.98385991165,6.48795159158193,0.453409269433439,257.4,2.10000010542956,0,0,0,0,0,19867,17.8587528533121,12
29.4117647058824,34,0.75,3,15,100,4.49102325752323,374.251938126936,7.38861422545608,170.441291814243,6.43608261737065,0.453624510325636,256.6,2.10000011019554,0,0,0,0,0,20450,17.7957556281062,12
29.4117647058824,34,0.75,3,16,100,4.56002277964336,380.001898303613,7.44137217790909,171.658317537225,6.54804498861004,0.455757960292627,260.1,2.10000009163059,0,0,0,0,0,20028,17.9409854278809,12
29.4117647058824,34,0.75,3,17,100,4.61777086314001,384.814238595001,7.46594307867088,172.225121533088,6.61090534453847,0.456240026239642,257.5,2.10000010506849,0,0,0,0,0,21116,18.1082521334147,12
29.4117647058824,34,0.75,3,18,100,4.45496787341955,371.247322784963,7.36282248559316,169.846325379912,6.37960553448467,0.456327552794126,253.6,2.10000013255342,0,0,0,0,0,20232,17.7148380675542,12
29.4117647058824,34,0.75,3,19,100,4.53043246931973,377.536039109977,7.40476683769391,170.813901888607,6.45298779219889,0.456577144817941,252.9,2.10000013863646,0,0,0,0,0,21346,17.9127238071397,12
29.4117647058824,34,1,3,0,100,4.79089385673869,399.241154728224,7.47945059017972,172.536714159325,6.51721809758578,0.455081007112324,223.4,2.10000078581015,0,0,0,0,0,24566,18.752577554026,12
29.4117647058824,34,1,3,1,100,4.79255049303948,399.37920775329,7.48662226407834,172.702151049986,6.51595938646773,0.45615173775301,223.3,2.10000079333429,0,0,0,0,0,24362,18.7411160648311,12
29.4117647058824,34,1,3,2,100,4.79044267506226,399.203556255188,7.48648671912731,172.699024285501,6.51215167953246,0.452890654686766,222.4,2.10000085879688,0,0,0,0,0,24583,18.7331684160311,12
29.4117647058824,34,1,3,3,100,4.7892650323005,399.105419358375,7.47957804085297,172.5396542042,6.51914651753174,0.45373745863464,223.5,2.10000077594361,0,0,0,0,0,23569,18.7458825978376,12
29.4117647058824,34,1,3,4,100,4.78269420416206,398.557850346838,7.4810584534315,172.573804509603,6.52622415828235,0.453937328339972,225.8,2.10000069337741,0,0,0,0,0,24721,18.7164997170645,12
29.4117647058824,34,1,3,5,100,4.7998310406974,399.985920058116,7.50157603731486,173.047106186383,6.51589114458496,0.457954694899779,223.6,2.10000079157794,0,0,0,0,0,25333,18.7321664488895,12
29.4117647058824,34,1,3,6,100,4.78677988034407,398.898323362006,7.47311917247711,172.390660382619,6.51363266001037,0.45591909384544,222.4,2.10000083423358,0,0,0,0,0,23636,18.7523957415592,12
29.4117647058824,34,1,3,7,100,4.78788038607413,398.990032172845,7.47811156481921,172.505825388406,6.51861071233098,0.453772936391092,222.9,2.10000081702208,0,0,0,0,0,25448,18.7441571317021,12
29.4117647058824,34,1,3,8,100,4.79151689144327,399.293074286939,7.49436047517638,172.880656877416,6.52621796348198,0.456548713354726,226,2.10000066578652,0,0,0,0,0,24660,18.7177597367421,12
29.4117647058824,34,1,3,9,100,4.78824603760428,399.02050313369,7.47197769223459,172.364328602237,6.50999802791557,0.450371115959452,221.2,2.10000091847087,0,0,0,0,0,24452,18.7609197485008,12
29.4117647058824,34,1,3,10,100,4.7855088203773,398.792401698108,7.47617585426202,172.461172223702,6.51724002390136,0.453640730539705,222.9,2.10000082032252,0,0,0,0,0,24673,18.7397308484549,12
29.4117647058824,34,1,3,11,100,4.79097799330335,399.248166108613,7.49496473331964,172.894595964691,6.51469250764961,0.458270144777605,223.2,2.10000082923762,0,0,0,0,0,24741,18.7141597885527,12
29.4117647058824,34,1,3,12,100,4.78089757588409,398.408131323674,7.46964980494958,172.310628665557,6.51643941710264,0.452983938657347,223.2,2.10000081237456,0,0,0,0,0,24620,18.7380461577278,12
29.4117647058824,34,1,3,13,100,4.79782670284918,399.818891904098,7.50697747437188,173.171707076558,6.52082224675965,0.45740786108867,224.8,2.10000074038612,0,0,0,0,0,24742,18.7108908200553,12
29.4117647058824,34,1,3,14,100,4.79192402689554,399.327002241295,7.48587856244893,172.684995266428,6.52248107519791,0.452049184919598,223.8,2.10000076984215,0,0,0,0,0,24654,18.7404741066274,12
29.4117647058824,34,1,3,15,100,4.79581573025161,399.651310854301,7.48986266144895,172.77690086057,6.51918368710143,0.453801539335547,223,2.10000080464215,0,0,0,0,0,23511,18.7457026153701,12
29.4117647058824,34,1,3,16,100,4.79462049940327,399.551708283606,7.49466451984391,172.887670610211,6.5111878394708,0.454780524690794,222.9,2.10000082792374,0,0,0,0,0,24736,18.7290766592236,12
29.4117647058824,34,1,3,17,100,4.79239866089407,399.366555074506,7.4894923389429,172.768358223969,6.51344775290859,0.455243011723222,222.7,2.10000082365946,0,0,0,0,0,25381,18.7333271947524,12
29.4117647058824,34,1,3,18,100,4.78830491117933,399.025409264945,7.48110313204096,172.574835160234,6.5210314996932,0.4552298793233,223.6,2.10000078220003,0,0,0,0,0,24517,18.7383284963336,12
29.4117647058824,34,1,3,19,100,4.79298532491259,399.415443742715,7.48540751571427,172.674129113248,6.51892065387062,0.456255695102901,222.9,2.10000081809767,0,0,0,0,0,24374,18.7458659707694,12
35.7142857142857,28,0,3,0,100,4.25252866297696,354.377388581414,7.6037042208482,175.403009336948,5.87291717506186,0.578026550816966,249.8,2.10000016477863,0,0,0,0,0,9652,16.3746649921264,12
35.7142857142857,28,0,3,1,100,4.25349802477254,354.458168731045,7.60246989400827,175.374535761972,5.86836934310232,0.5786461963221,248.5,2.10000017859807,0,0,0,0,0,9798,16.3810672869334,12
35.7142857142857,28,0,3,2,100,4.25703447870101,354.752873225084,7.62082580629487,175.797971782191,5.86973897034614,0.5786476654336,248.8,2.1000001800835,0,0,0,0,0,9872,16.355170963175,12
35.7142857142857,28,0,3,3,100,4.2542268436136,354.518903634467,7.60856886059826,175.515227333167,5.86518809009619,0.579246773474668,248.7,2.10000017468292,0,0,0,0,0,9917,16.3707234350158,12
35.7142857142857,28,0,3,4,100,4.25145253312815,354.287711094013,7.61504158621718,175.664540815016,5.86259146160466,0.580769310464925,249.8,2.10000016758204,0,0,0,0,0,10006,16.3461663657686,12
35.7142857142857,28,0,3,5,100,4.25287337383942,354.406114486618,7.61242665984815,175.604219432043,5.86245317333894,0.581889061444622,248.8,2.10000017820266,0,0,0,0,0,9891,16.3572535027638,12
35.7142857142857,28,0,3,6,100,4.25245623395489,354.371352829574,7.60444660273533,175.420134676559,5.86983743312498,0.583252817637236,248.8,2.10000017493269,0,0,0,0,0,9840,16.372839816058,12
35.7142857142857,28,0,3,7,100,4.25607515606796,354.67292967233,7.60903652172046,175.5260153867,5.86611646747921,0.581028553396522,248.1,2.10000018393089,0,0,0,0,0,9690,16.376842132537,12
35.7142857142857,28,0,3,8,100,4.25050552051826,354.208793376522,7.61068459149629,175.564033225096,5.86389224492462,0.583062379175056,250,2.10000016091374,0,0,0,0,0,9925,16.3519035214315,12
35.7142857142857,28,0,3,9,100,4.2513322378316,354.277686485967,7.5959054368005,175.223106206658,5.8537526031232,0.573526732831033,246.4,2.10000020676944,0,0,0,0,0,9723,16.3868133274833,12
35.7142857142857,28,0,3,10,100,4.25329259029465,354.441049191221,7.60873370733543,175.519030034184,5.86237165443543,0.581388086427422,248.1,2.10000018467383,0,0,0,0,0,9842,16.366795146849,12
35.7142857142857,28,0,3,11,100,4.2575818684653,354.798489038775,7.62498408869391,175.8938954564,5.85180042433994,0.587205995597547,247.2,2.10000020041798,0,0,0,0,0,9991,16.348419053164,12
35.7142857142857,28,0,3,12,100,4.25178440472765,354.315367060637,7.60526321721833,175.438972421114,5.86334566125439,0.583114345913149,248.4,2.10000018288463,0,0,0,0,0,9853,16.3684694104076,12
35.7142857142857,28,0,3,13,100,4.25412719989855,354.510599991546,7.61875848667893,175.750282646558,5.85930403179792,0.580561931183612,248.8,2.10000017894367,0,0,0,0,0,9959,16.3484710310986,12
35.7142857142857,28,0,3,14,100,4.25301665445106,354.418054537588,7.60724779057353,175.484752757729,5.86770277135415,0.57576786987492,249,2.10000017330958,0,0,0,0,0,9823,16.3688786465293,12
35.7142857142857,28,0,3,15,100,4.25751171434853,354.792642862377,7.61266022125028,175.609607249824,5.86596830597259,0.578187130858391,248.2,2.10000018114374,0,0,0,0,0,9791,16.374514607668,12
35.7142857142857,28,0,3,16,100,4.25293141814453,354.410951512044,7.61284767671513,175.613931491232,5.85751159575073,0.580579690390492,248.1,2.10000018638505,0,0,0,0,0,9863,16.3565494467402,12
35.7142857142857,28,0,3,17,100,4.25747088402218,354.789240335181,7.62277684209383,175.842978471105,5.87025019281981,0.58127692718645,249.1,2.10000017271568,0,0,0,0,0,9943,16.3526926720405,12
35.7142857142857,28,0,3,18,100,4.25211702441842,354.343085368202,7.6067246530987,175.472684970146,5.86763322295955,0.580713128149059,248.8,2.10000017609173,0,0,0,0,0,9796,16.3665957411702,12
35.7142857142857,28,0,3,19,100,4.25216056721994,354.346713934995,7.60244011043637,175.373848711557,5.86646237346721,0.582225165878088,248.1,2.10000018417304,0,0,0,0,0,9732,16.375999939217,12
35.7142857142857,28,0.25,3,0,100,4.317030272081,359.752522673417,7.64265234577379,176.301468577544,5.94805477358057,0.577503742727534,248.6,2.10000017690413,0,0,0,0,0,12590,16.5382839015178,12
35.7142857142857,28,0.25,3,1,100,4.39821026154768,366.51752179564,7.75868304740077,178.978076405746,6.07994726760123,0.600603726411803,259.3,2.10000015654441,0,0,0,0,0,13034,16.5976355330781,12
35.7142857142857,28,0.25,3,2,100,4.34853931052153,362.378275876794,7.67602038485499,177.071205839873,5.97733190121787,0.578074271708858,247.6,2.10000019333518,0,0,0,0,0,13499,16.5865341261354,12
35.7142857142857,28,0.25,3,3,100,4.3760299979319,364.669166494325,7.67364379568483,177.016382443237,6.02110456042179,0.579980334444561,247.5,2.10000018753726,0,0,0,0,0,13889,16.6964622004812,12
35.7142857142857,28,0.25,3,4,100,4.324485758475,360.37381320625,7.66092840984768,176.723062651207,5.94825400950833,0.579704712027773,249.8,2.10000016758204,0,0,0,0,0,13808,16.5273452639567,12
35.7142857142857,28,0.25,3,5,100,4.45694602875161,371.412169062634,7.90039062789992,182.247001043458,6.20491688285001,0.621562923210007,277.9,2.10000004748258,0,0,0,0,0,13704,16.5176729300549,12
35.7142857142857,28,0.25,3,6,100,4.40332199487259,366.943499572716,7.7627793735738,179.072570867538,6.11428685962328,0.609742574106706,267.6,2.10000008873533,0,0,0,0,0,13500,16.6078682669282,12
35.7142857142857,28,0.25,3,7,100,4.33073653282017,360.894711068347,7.65248541985935,176.528298913858,5.94900404176523,0.58020080449529,246.9,2.10000019746576,0,0,0,0,0,13565,16.5694608407912,12
35.7142857142857,28,0.25,3,8,100,4.39169080203903,365.974233503253,7.76657660501784,179.160165782212,6.08756498709495,0.608549938987691,268.2,2.10000008143948,0,0,0,0,0,14010,16.5561417344741,12
35.7142857142857,28,0.25,3,9,100,4.38857136251336,365.714280209447,7.80484894456525,180.043035938126,6.10708435923105,0.610557526767489,269.7,2.10000005675397,0,0,0,0,0,13391,16.4632018428394,12
35.7142857142857,28,0.25,3,10,100,4.61294975601815,384.412479668179,8.25666632235396,190.465604390693,6.43116489986048,0.687631297505029,302,2.1000000030923,0,0,0,0,0,13390,16.3584868446501,12
35.7142857142857,28,0.25,3,11,100,4.43274099907419,369.395083256183,7.84145394210879,180.88744368196,6.17675030280291,0.622541941325335,269.7,2.10000005223731,0,0,0,0,0,12714,16.5512863079391,12
35.7142857142857,28,0.25,3,12,100,4.39797687774347,366.49807314529,7.78624637989349,179.613910116021,6.02316489069987,0.602077695515978,254,2.10000012960222,0,0,0,0,0,13218,16.5377963081119,12
35.7142857142857,28,0.25,3,13,100,4.39306182854066,366.088485711721,7.81894326325704,180.36816509114,6.10742888296371,0.615395552725537,270.5,2.10000005184406,0,0,0,0,0,13163,16.450345388997,12
35.7142857142857,28,0.25,3,14,100,4.48191618163201,373.493015136001,7.89243685355501,182.063522581492,6.22934275692286,0.62475541265326,276.9,2.10000001832816,0,0,0,0,0,13987,16.6269004748218,12
35.7142857142857,28,0.25,3,15,100,4.32209389418509,360.17449118209,7.65523615614067,176.591753173469,5.93693838265619,0.576961151748852,248.2,2.10000018114374,0,0,0,0,0,13577,16.5304435046231,12
35.7142857142857,28,0.25,3,16,100,4.38672954301889,365.560795251574,7.79002726453488,179.701127941017,6.06686218474167,0.606640561372355,263.8,2.10000011945169,0,0,0,0,0,13509,16.4876704979089,12
35.7142857142857,28,0.25,3,17,100,4.43264914785635,369.387428988029,7.79723045192793,179.867291788119,6.09718861886329,0.593760482099177,256.4,2.10000010576721,0,0,0,0,0,14248,16.6446168263395,12
35.7142857142857,28,0.25,3,18,100,4.45303407305896,371.086172754913,7.90037756089721,182.246699612533,6.21853741496131,0.620975732281809,279.4,2.10000004301867,0,0,0,0,0,13497,16.5031047694325,12
35.7142857142857,28,0.25,3,19,100,4.4415933168573,370.132776404775,7.85101787764489,181.1080655033,5.93061037430759,0.614776263682011,239,2.10000013119463,0,0,0,0,0,13304,16.5644348819442,12
35.7142857142857,28,0.5,3,0,100,4.50239673985327,375.199728321106,7.87847447565141,181.741437051774,6.25156488592442,0.615881759399077,270.4,2.10000005152779,0,0,0,0,0,16045,16.7324532999634,12
35.7142857142857,28,0.5,3,1,100,4.50108109462007,375.090091218339,7.90016239522532,182.241736149297,6.21539990802436,0.63030777270796,274.3,2.10000000148011,0,0,0,0,0,16320,16.681803036712,12
35.7142857142857,28,0.5,3,2,100,4.57373197866589,381.144331555491,7.99986819464721,184.541759500941,6.35222111165727,0.636081876930208,277.5,2.10000001646461,0,0,0,0,0,16210,16.7397975998156,12
35.7142857142857,28,0.5,3,3,100,4.59530959531618,382.942466276348,7.99273273415794,184.377157984829,6.40221291627809,0.628717201453557,276.3,2.1000000381182,0,0,0,0,0,15673,16.8335772766304,12
35.7142857142857,28,0.5,3,4,100,4.41322712824685,367.768927353904,7.72921618400202,178.298331854177,6.03435564226896,0.578054409701882,248.6,2.10000017991388,0,0,0,0,0,17249,16.717534911826,12
35.7142857142857,28,0.5,3,5,100,4.60458556154517,383.715463462097,8.04647091270566,185.616795661385,6.34948458195577,0.64441109997217,276.1,2.10000002096945,0,0,0,0,0,16730,16.7551037907092,12
35.7142857142857,28,0.5,3,6,100,4.5627610489088,380.230087409067,7.98684623555969,184.241367646514,6.33588200003852,0.644932425056575,286.9,2.0914322407898,0,0,0,0,0,16800,16.726883518397,12
35.7142857142857,28,0.5,3,7,100,4.58585650633106,382.154708860922,7.90933048801024,182.453226630469,6.35762480450247,0.624151260902657,268,2.10000002424556,0,0,0,0,0,15685,16.9758345695825,12
35.7142857142857,28,0.5,3,8,100,4.66091169020927,388.409307517439,8.2005012342025,189.169982520707,6.46517837551731,0.670866708338415,286.1,2.10000000277523,0,0,0,0,0,16780,16.6415319902353,12
35.7142857142857,28,0.5,3,9,100,4.484062020639,373.67183505325,7.86462077620696,181.42185852762,6.1935440914897,0.610974479395237,268.8,2.10000005877441,0,0,0,0,0,16877,16.6936880239502,12
35.7142857142857,28,0.5,3,10,100,4.69323070646144,391.102558871786,8.30080233259405,191.483738288513,6.50997827904503,0.687380580944622,299.7,2.10000000354216,0,0,0,0,0,17132,16.5547860523491,12
35.7142857142857,28,0.5,3,11,100,4.5370720698638,378.089339155317,7.91190996228551,182.512730200998,6.26776844006148,0.623523213538397,269,2.10000005497761,0,0,0,0,0,16154,16.7898485338593,12
35.7142857142857,28,0.5,3,12,100,4.56394901874928,380.329084895774,8.00545157247869,184.670557419096,6.32536027713771,0.63856431116714,277.2,2.10000001991762,0,0,0,0,0,15673,16.6923767039438,12
35.7142857142857,28,0.5,3,13,100,4.65748762765144,388.123968970953,8.19626416567724,189.072241400259,6.22866115725603,0.667465066956748,266.4,2.10000001053902,0,0,0,0,0,16257,16.6381933101315,12
35.7142857142857,28,0.5,3,14,100,4.57363629194167,381.136357661806,7.95139733807271,183.423628934395,6.33397617744167,0.627782286430193,276.4,2.10000001923936,0,0,0,0,0,16141,16.8410480542801,12
35.7142857142857,28,0.5,3,15,100,4.49385268158724,374.487723465603,7.88283150475898,181.841945434931,6.19757491366923,0.612673102648092,268.1,2.10000005793688,0,0,0,0,0,16897,16.6913598809253,12
35.7142857142857,28,0.5,3,16,100,4.52857429890287,377.381191575239,7.87703919711085,181.708327902873,6.22350422075243,0.608312130029353,261.5,2.10000013723027,0,0,0,0,0,16426,16.8327839474262,12
35.7142857142857,28,0.5,3,17,100,4.60009118724454,383.340932270378,8.00701926752483,184.70672116519,6.33536370968804,0.630322084920984,274.1,2.10000004189396,0,0,0,0,0,17768,16.8213222619287,12
35.7142857142857,28,0.5,3,18,100,4.58041034712504,381.70086226042,8.02919289908543,185.218224715393,6.37127464672561,0.645475322176346,277.7,2.10000002273932,0,0,0,0,0,15916,16.7029120414953,12
35.7142857142857,28,0.5,3,19,100,4.58653868563891,382.211557136576,8.01541684193814,184.900437251513,6.13135599815956,0.634660562818922,246.2,2.10000005124937,0,0,0,0,0,17204,16.7541586949447,12
35.7142857142857,28,0.75,3,0,100,4.7550233514817,396.251945956809,8.08394235023339,186.481190529419,6.53929346570539,0.655686954696309,283.6,2.09385862534941,0,0,0,0,0,20635,17.2218539354155,12
35.7142857142857,28,0.75,3,1,100,4.71820069809437,393.183391507865,7.9984626736623,184.509336802309,6.43994560527809,0.638126404927829,267.8,2.0973630491776,0,0,0,0,0,20590,17.2712911610909,12
35.7142857142857,28,0.75,3,2,100,4.74437861417646,395.364884514705,8.16756330447902,188.410167064052,6.56404004296677,0.651075431689943,281.7,2.10000001274557,0,0,0,0,0,20518,17.0077271337568,12
35.7142857142857,28,0.75,3,3,100,4.82879760664066,402.399800553389,8.27280711923981,190.837941907336,6.45631276384751,0.670923880663855,264.4,2.10000001256435,0,0,0,0,0,19642,17.0900095726042,12
35.7142857142857,28,0.75,3,4,100,4.72695397590502,393.912831325419,8.19460253025676,189.033910628216,6.55404557497619,0.651494175842403,290.5,2.10000001680817,0,0,0,0,0,20397,16.8891700032046,12
35.7142857142857,28,0.75,3,5,100,4.71892762709068,393.243968924224,8.09281442996797,186.685852551944,6.47043024779244,0.646151059710237,271.6,2.10000002663583,0,0,0,0,0,20558,17.0725665159615,12
35.7142857142857,28,0.75,3,6,100,4.82145092523928,401.787577103273,8.36434616887157,192.949573858146,6.67435474640876,0.69037239562518,298.1,2.10000000374635,0,0,0,0,0,20797,16.8774838396032,12
35.7142857142857,28,0.75,3,7,100,4.76487567023273,397.072972519394,8.18063040359891,188.71160021326,6.60922066062512,0.659963325820732,282.3,2.10000001228229,0,0,0,0,0,19386,17.0539455230243,12
35.7142857142857,28,0.75,3,8,100,4.76811404480965,397.342837067471,8.22994011156417,189.849081487573,6.55931902981348,0.674240697664709,279.4,2.10000000349385,0,0,0,0,0,20778,16.9634284015505,12
35.7142857142857,28,0.75,3,9,100,4.73070658001803,394.225548334836,8.04594133522559,185.604579315117,6.47510521882761,0.625452796407672,267.8,2.10000007004533,0,0,0,0,0,20543,17.2145394067578,12
35.7142857142857,28,0.75,3,10,100,4.87517306257235,406.264421881029,8.40046489263765,193.782764189854,6.72944397159327,0.691203652590014,296.2,2.10000000438845,0,0,0,0,0,21274,16.9924030589702,12
35.7142857142857,28,0.75,3,11,100,4.64769911971179,387.308259975983,7.9761426268988,183.994455731564,6.35745024150906,0.626537586399754,265.6,2.10000007213102,0,0,0,0,0,20720,17.0610104694758,12
35.7142857142857,28,0.75,3,12,100,4.76218313392886,396.848594494072,8.10517706251905,186.971034995896,6.56346884010141,0.659737558779065,279.8,2.1000000008612,0,0,0,0,0,20439,17.2027972509078,12
35.7142857142857,28,0.75,3,13,100,4.81674764833203,401.395637361003,8.27772032137862,190.951280145594,6.43321682433736,0.669516474906963,264.6,2.10000001334379,0,0,0,0,0,20434,17.0371289321981,12
35.7142857142857,28,0.75,3,14,100,4.8291234045446,402.426950378716,8.24112234905019,190.107034460125,6.66633575654146,0.675682115078264,294.8,2.10000000065986,0,0,0,0,0,20342,17.1565316330685,12
35.7142857142857,28,0.75,3,15,100,4.8411118286277,403.425985718975,8.35104660484501,192.642778185225,6.67402649097212,0.686130576585747,295,2.10000000384957,0,0,0,0,0,20267,16.9730469836551,12
35.7142857142857,28,0.75,3,16,100,4.79109521875009,399.25793489584,8.18410059318903,188.791650893744,6.62901126352634,0.655736557423847,281.3,2.10000001367848,0,0,0,0,0,19793,17.1401522558018,12
35.7142857142857,28,0.75,3,17,100,4.81941224567153,401.617687139294,8.21408595139946,189.483356135478,6.64693798506802,0.662219589433853,280.4,2.10000001189735,0,0,0,0,0,19726,17.1789069801594,12
35.7142857142857,28,0.75,3,18,100,4.72841935505067,394.034946254223,8.15683597130886,188.16270786975,6.56324040333754,0.661897026552722,280.9,2.10000001862056,0,0,0,0,0,20400,16.9727635521425,12
35.7142857142857,28,0.75,3,19,100,4.84908935034697,404.090779195581,8.26087216721298,190.562625240486,6.46621682454575,0.672977517650768,261.9,2.10000001503545,0,0,0,0,0,21456,17.1867651216492,12
35.7142857142857,28,1,3,0,100,5.01689456398844,418.074546999037,8.4494037957961,194.911691701804,6.88001287219268,0.69289293936995,290.5,2.10000000552782,0,0,0,0,0,22283,17.3846992397747,12
35.7142857142857,28,1,3,1,100,4.96132641390172,413.443867825144,8.2461978315822,190.224116198721,6.7503253959491,0.662029885540309,270.6,2.10000002226047,0,0,0,0,0,21959,17.615539854907,12
35.7142857142857,28,1,3,2,100,4.96058757762482,413.382298135402,8.26655088492152,190.693622468458,6.7619389957984,0.660607986053645,272,2.10000002036395,0,0,0,0,0,22840,17.56951090528,12
35.7142857142857,28,1,3,3,100,5.02982149219952,419.151791016626,8.4506314521694,194.940011401789,6.86880886434106,0.694855885855054,287.7,2.10000000620823,0,0,0,0,0,22218,17.4265076485112,12
35.7142857142857,28,1,3,4,100,5.02985119073411,419.15426589451,8.44337718171315,194.772669165477,6.86625922265418,0.694534413114757,287.3,2.10000000624586,0,0,0,0,0,22247,17.4415203175331,12
35.7142857142857,28,1,3,5,100,4.97156399842765,414.296999868971,8.31724902383522,191.863132206733,6.79068471135985,0.668733573246495,274.3,2.10000002272477,0,0,0,0,0,21427,17.5011507735045,12
35.7142857142857,28,1,3,6,100,5.01859997755736,418.216664796447,8.44996160443119,194.924559287179,6.88478178420816,0.696553377443104,289.9,2.10000000616958,0,0,0,0,0,22268,17.389381692338,12
35.7142857142857,28,1,3,7,100,4.96357582191154,413.631318492629,8.25394247705022,190.402770454842,6.74906579992163,0.665242751493151,270.7,2.1000000227516,0,0,0,0,0,22843,17.6069107166215,12
35.7142857142857,28,1,3,8,100,5.03653320040548,419.71110003379,8.42518743644871,194.353066302742,6.84789416620156,0.694868368842374,285.1,2.10000000649347,0,0,0,0,0,22245,17.5025243448088,12
35.7142857142857,28,1,3,9,100,4.96040271658752,413.36689304896,8.24025612341069,190.08705228045,6.74296583868836,0.655627495689011,268.8,2.10000002531922,0,0,0,0,0,22874,17.6244788735935,12
35.7142857142857,28,1,3,10,100,5.01833800895543,418.19483407962,8.45860036000223,195.123838964567,6.88985602054451,0.695941571248995,290.4,2.10000000618822,0,0,0,0,0,22277,17.3706851229532,12
35.7142857142857,28,1,3,11,100,4.95821083983042,413.184236652535,8.26020985057406,190.547346854028,6.75104533721673,0.668616989970592,271.5,2.1000000235889,0,0,0,0,0,22900,17.5744025817905,12
35.7142857142857,28,1,3,12,100,4.95800217997678,413.166848331398,8.25637280182578,190.458833429797,6.75159915584036,0.666617018888522,271.8,2.10000002287438,0,0,0,0,0,22891,17.5817138991854,12
35.7142857142857,28,1,3,13,100,5.03697054000867,419.747545000723,8.46232483736673,195.209755580859,6.87405527894277,0.696827722082657,287.7,2.10000000600587,0,0,0,0,0,22270,17.4273773646157,12
35.7142857142857,28,1,3,14,100,5.02942794223969,419.118995186641,8.43952662914229,194.683844233717,6.86607876913167,0.690175702697462,287.3,2.10000000634841,0,0,0,0,0,22246,17.448340477457,12
35.7142857142857,28,1,3,15,100,5.0299803305249,419.165027543742,8.43920970576798,194.676533413626,6.8648408218297,0.692483780716854,286.9,2.10000000627542,0,0,0,0,0,22175,17.450590412461,12
35.7142857142857,28,1,3,16,100,4.95418462342883,412.848718619069,8.2490530701443,190.289981127396,6.7533484861868,0.661834812150484,271.2,2.10000002240656,0,0,0,0,0,22892,17.5840488141224,12
35.7142857142857,28,1,3,17,100,4.96501610000656,413.751341667214,8.27410554046078,190.867894017903,6.76099133638569,0.665422783352351,272,2.10000001955723,0,0,0,0,0,22867,17.5692142503339,12
35.7142857142857,28,1,3,18,100,5.02603640504528,418.836367087107,8.41555759025399,194.130924047738,6.85576144703155,0.692613512730876,285.6,2.10000000671744,0,0,0,0,0,22239,17.4859946889898,12
35.7142857142857,28,1,3,19,100,5.0147705474734,417.897545622783,8.44347031609936,194.774817598812,6.88033836664932,0.695032573521041,289.9,2.10000000622028,0,0,0,0,0,22303,17.389239269183,12
41.6666666666667,24,0,3,0,100,4.34765095037906,362.304245864922,7.97103960259326,183.876738656582,5.91351859971684,0.687727477128455,248.6,2.10000017690413,0,0,0,0,0,10613,15.969952071345,12
41.6666666666667,24,0,3,1,100,4.34910359072576,362.425299227147,7.97254815728162,183.911538146988,5.92111340886235,0.687601626891876,248.5,2.10000017859807,0,0,0,0,0,10629,15.9722833517361,12
41.6666666666667,24,0,3,2,100,4.35264278059646,362.720231716372,7.99360582560523,184.397298545644,5.92387525314198,0.689020106066613,248.8,2.1000001800835,0,0,0,0,0,10673,15.9431533625592,12
41.6666666666667,24,0,3,3,100,4.3484057550255,362.367146252125,7.97929885993812,184.067264030939,5.91679190604252,0.688393807624278,248.7,2.10000017468292,0,0,0,0,0,10772,15.956206325129,12
41.6666666666667,24,0,3,4,100,4.347235852681,362.269654390084,7.99081389739976,184.332894066607,5.92598045712886,0.690255848126629,251,2.10000015609546,0,0,0,0,0,10839,15.9289641815155,12
41.6666666666667,24,0,3,5,100,4.34725190557783,362.270992131486,7.9833411105543,184.160511072378,5.91524872438697,0.689214120349141,248.8,2.10000017820266,0,0,0,0,0,10786,15.9439193356587,12
41.6666666666667,24,0,3,6,100,4.34809928275883,362.341606896569,7.97609314325445,183.993314237908,5.92323364350047,0.692300710596073,248.8,2.10000017493269,0,0,0,0,0,10704,15.9615513301567,12
41.6666666666667,24,0,3,7,100,4.35152614992227,362.627179160189,7.97601452710646,183.991500712744,5.90675953984931,0.690081931707976,246.9,2.10000019746576,0,0,0,0,0,10613,15.9742253581718,12
41.6666666666667,24,0,3,8,100,4.34546775379092,362.12231281591,7.98066897083992,184.098869886232,5.91573970524701,0.69109752004452,250,2.10000016091374,0,0,0,0,0,10753,15.9427278382738,12
41.6666666666667,24,0,3,9,100,4.34837872023669,362.364893353057,7.96708900348388,183.785605841266,5.90340551323573,0.683793004551361,246.4,2.10000020676944,0,0,0,0,0,10643,15.9805039088938,12
41.6666666666667,24,0,3,10,100,4.34892993209495,362.410827674579,7.98021860392422,184.088480777184,5.91262918250584,0.690302893249447,248.1,2.10000018467383,0,0,0,0,0,10729,15.9563097097129,12
41.6666666666667,24,0,3,11,100,4.35299400667562,362.749500556301,7.99654025623841,184.464990284933,5.90437764066105,0.695668976424943,247.2,2.10000020041798,0,0,0,0,0,10752,15.9386568457581,12
41.6666666666667,24,0,3,12,100,4.34817352458327,362.347793715272,7.97634065602256,183.999023887194,5.91466819811691,0.69250746498163,248.4,2.10000018288463,0,0,0,0,0,10680,15.9613023045897,12
41.6666666666667,24,0,3,13,100,4.34983853875247,362.48654489604,7.9881334479269,184.271061190122,5.91195749499374,0.68861449431536,248.8,2.10000017894367,0,0,0,0,0,10727,15.9438212537998,12
41.6666666666667,24,0,3,14,100,4.34947792062996,362.45649338583,7.97847185435669,184.048186583486,5.91935566782475,0.685436231149335,249,2.10000017330958,0,0,0,0,0,10648,15.961752665308,12
41.6666666666667,24,0,3,15,100,4.35404890014615,362.837408345512,7.98411926569055,184.178461632876,5.9198358599591,0.687523876016264,248.2,2.10000018114374,0,0,0,0,0,10620,15.9672139153772,12
41.6666666666667,24,0,3,16,100,4.34742503286443,362.285419405369,7.9830037005899,184.152727665578,5.90872476522106,0.688601511259214,248.1,2.10000018638505,0,0,0,0,0,10779,15.9452061078683,12
41.6666666666667,24,0,3,17,100,4.35184631831126,362.653859859271,7.99545775542233,184.440019047858,5.92389672841971,0.690556594072422,249.1,2.10000017271568,0,0,0,0,0,10793,15.9365820012753,12
41.6666666666667,24,0,3,18,100,4.34811027972481,362.342523310401,7.97681315498955,184.009923540614,5.91983328695072,0.689213014446243,248.8,2.10000017609173,0,0,0,0,0,10654,15.9601069111576,12
41.6666666666667,24,0,3,19,100,4.34773225446132,362.31102120511,7.97038142146191,183.861555668425,5.90867000818944,0.690436047034995,246.9,2.10000019772576,0,0,0,0,0,10649,15.9716001736341,12
41.6666666666667,24,0.25,3,0,100,4.41037172910917,367.530977425764,8.00838999099441,184.738341151258,6.00457785514404,0.687827425637504,248.6,2.10000017690413,0,0,0,0,0,13272,16.1247540216722,12
41.6666666666667,24,0.25,3,1,100,4.47917984504942,373.264987087451,8.10670487931357,187.006278826493,6.14889548375731,0.706989979853363,263.2,2.10000011045088,0,0,0,0,0,13659,16.1779673542914,12
41.6666666666667,24,0.25,3,2,100,4.43976968994181,369.980807495151,8.04152183918638,185.502629938535,6.03891788772189,0.689344882978092,247.6,2.10000019333518,0,0,0,0,0,14092,16.1653197601944,12
41.6666666666667,24,0.25,3,3,100,4.4719693311359,372.664110927992,8.03145632879028,185.270437738167,6.07948371962155,0.691672502602897,246.3,2.10000020133748,0,0,0,0,0,14534,16.302832479338,12
41.6666666666667,24,0.25,3,4,100,4.41777762007491,368.148135006242,8.02835798904454,185.198964927078,6.00969761461769,0.689922744608637,249.8,2.10000016758204,0,0,0,0,0,14454,16.1116889535528,12
41.6666666666667,24,0.25,3,5,100,4.51867903616547,376.556586347122,8.19356468258025,189.009969454229,6.19527149078325,0.717156834220104,265.7,2.10000007475446,0,0,0,0,0,14221,16.1476088400277,12
41.6666666666667,24,0.25,3,6,100,4.4462171367174,370.51809472645,8.02674775559634,185.161819900872,6.04735243356654,0.693091947764653,247.6,2.10000018780545,0,0,0,0,0,14655,16.2186206606539,12
41.6666666666667,24,0.25,3,7,100,4.42544089292856,368.78674107738,8.01372175513891,184.86133481972,5.9995891848044,0.690060018664331,245.7,2.10000021199653,0,0,0,0,0,14238,16.1690529420458,12
41.6666666666667,24,0.25,3,8,100,4.43336701132214,369.447250943512,8.02878265878299,185.208761251072,6.01920325703214,0.690572506456524,248.8,2.10000017275479,0,0,0,0,0,15099,16.1676813432767,12
41.6666666666667,24,0.25,3,9,100,4.48934482288947,374.112068574122,8.17106512348314,188.490947375021,6.10285134255741,0.707888169350529,256.2,2.10000017729453,0,0,0,0,0,13715,16.0870297208195,12
41.6666666666667,24,0.25,3,10,100,4.53499112495759,377.915927079799,8.25636876190399,190.458740236477,6.25257364576948,0.730024272737008,267.4,2.10000004141034,0,0,0,0,0,14669,16.0829967769874,12
41.6666666666667,24,0.25,3,11,100,4.49169376151508,374.30781345959,8.12374871526267,187.399447738551,6.12817567399616,0.710619782655021,250.8,2.10000026003297,0,0,0,0,0,13583,16.1891090138645,12
41.6666666666667,24,0.25,3,12,100,4.500708553184,375.059046098667,8.1787468141034,188.668149382419,6.1460816409963,0.712623687339338,252.9,2.10000010709791,0,0,0,0,0,13538,16.1125303632582,12
41.6666666666667,24,0.25,3,13,100,4.45280682114939,371.067235095782,8.10324899689334,186.926558185235,6.05105517320909,0.701231173197357,250.7,2.10000026564626,0,0,0,0,0,14037,16.0895947651419,12
41.6666666666667,24,0.25,3,14,100,4.54001202012021,378.334335010017,8.19192931825699,188.972244706484,6.23879658656619,0.710811243873681,259.5,2.10000011721559,0,0,0,0,0,14661,16.2269751026044,12
41.6666666666667,24,0.25,3,15,100,4.41527831498603,367.939859582169,8.01779041792873,184.955191139822,5.98696803408763,0.68692837996571,247,2.10000019447352,0,0,0,0,0,14225,16.1237298001519,12
41.6666666666667,24,0.25,3,16,100,4.48554207584969,373.795172987474,8.17087066016467,188.486461475745,6.15228948849533,0.715663412045409,265.2,2.10000007841506,0,0,0,0,0,13467,16.0737370256619,12
41.6666666666667,24,0.25,3,17,100,4.50550946631565,375.459122192971,8.12204044014036,187.360041077202,6.14354426529158,0.699914695996516,247.9,2.10000015555875,0,0,0,0,0,14922,16.2421060625824,12
41.6666666666667,24,0.25,3,18,100,4.50993246735785,375.827705613154,8.17632562370146,188.612297120108,6.1851153826589,0.717300130867586,264.5,2.10000007811311,0,0,0,0,0,13979,16.1506322406843,12
41.6666666666667,24,0.25,3,19,100,4.5006548772401,375.054573103342,8.17083543361738,188.485648866229,6.18421290573142,0.714860046880231,258.9,2.10000011902412,0,0,0,0,0,13326,16.1280150645748,12
41.6666666666667,24,0.5,3,0,100,4.61089630111143,384.241358425953,8.25500981729102,190.427391966251,6.26755658144948,0.713295551196037,255.9,2.10000017964489,0,0,0,0,0,16284,16.3543723570947,12
41.6666666666667,24,0.5,3,1,100,4.5647645010206,380.397041751717,8.21750781842088,189.562292106115,6.24305129452786,0.709750565322297,257.9,2.1000001293329,0,0,0,0,0,16662,16.2648222450465,12
41.6666666666667,24,0.5,3,2,100,4.61721990775524,384.76832564627,8.24128980715175,190.110897400357,6.31171592170507,0.713499783936173,258.4,2.10000012452747,0,0,0,0,0,16785,16.4040039820592,12
41.6666666666667,24,0.5,3,3,100,4.66886579349268,389.072149457724,8.28569072229877,191.13514215106,6.40313582963551,0.735107069313744,266.1,2.09988364201854,0,0,0,0,0,15695,16.4989508138836,12
41.6666666666667,24,0.5,3,4,100,4.5050688531462,375.42240442885,8.08807514818237,186.576526325786,6.1065876732917,0.689434289538168,248.6,2.10000017991388,0,0,0,0,0,17644,16.3087573544329,12
41.6666666666667,24,0.5,3,5,100,4.64222127265444,386.851772721203,8.30399169138528,191.557310736045,6.35871572115752,0.722133918051839,262.7,2.10000009416558,0,0,0,0,0,17130,16.3686953676087,12
41.6666666666667,24,0.5,3,6,100,4.57832327451801,381.526939543167,8.16952906653509,188.455513459738,6.20056000301311,0.705331207754501,248.8,2.10000029884793,0,0,0,0,0,17613,16.4090288584766,12
41.6666666666667,24,0.5,3,7,100,4.67654934538666,389.712445448888,8.25777490916069,190.49117738201,6.41324514241481,0.720806229989276,256.5,2.10000013601621,0,0,0,0,0,16291,16.5817838469448,12
41.6666666666667,24,0.5,3,8,100,4.63929835511326,386.608196259438,8.28987572227595,191.231682149034,6.34180403530422,0.731389492229213,266,2.10000001529181,0,0,0,0,0,17403,16.3861168026817,12
41.6666666666667,24,0.5,3,9,100,4.58903680265771,382.419733554809,8.23059841654267,189.864267332648,6.20494142880998,0.70843657052594,254,2.10000019998972,0,0,0,0,0,17052,16.3251951536812,12
41.6666666666667,24,0.5,3,10,100,4.62420924391055,385.350770325879,8.31673843583032,191.851353911577,6.34705718630799,0.728718619326701,265.9,2.10000005204131,0,0,0,0,0,17932,16.2801663490671,12
41.6666666666667,24,0.5,3,11,100,4.60175066520679,383.479222100566,8.19704072696338,189.090155193664,6.24279984105673,0.710389851241256,249.8,2.10000027862168,0,0,0,0,0,16701,16.4375453158393,12
41.6666666666667,24,0.5,3,12,100,4.65816865165772,388.180720971477,8.39365749489003,193.625730457873,6.42846755509465,0.745856074828092,269,2.1000000371007,0,0,0,0,0,15955,16.2495775911799,12
41.6666666666667,24,0.5,3,13,100,4.62183110565865,385.152592138221,8.32349438007798,192.007200709077,6.35833497204843,0.72937597592827,267.5,2.10000003943958,0,0,0,0,0,16645,16.2588381828755,12
41.6666666666667,24,0.5,3,14,100,4.65564678717288,387.97056559774,8.31186503866099,191.738933898336,6.41507347414261,0.721237851820336,264.1,2.10000008617453,0,0,0,0,0,16317,16.4003340357019,12
41.6666666666667,24,0.5,3,15,100,4.56188388212249,380.156990176874,8.17421674424227,188.563649277855,6.16514759951457,0.699326598044728,249.4,2.10000029018295,0,0,0,0,0,17354,16.3406001129162,12
41.6666666666667,24,0.5,3,16,100,4.62556666813114,385.463889010928,8.24881122278869,190.284402168412,6.32348277351309,0.718661078780286,263.3,2.10000009058228,0,0,0,0,0,16342,16.418849834213,12
41.6666666666667,24,0.5,3,17,100,4.69853136883802,391.544280736502,8.38701940294636,193.472602289107,6.43274800825144,0.74229515468117,269.8,2.10000001491221,0,0,0,0,0,18050,16.4030373071882,12
41.6666666666667,24,0.5,3,18,100,4.62744630254193,385.620525211828,8.28615209604531,191.145785166783,6.35124316438451,0.725334956605314,261.4,2.10000010281033,0,0,0,0,0,16119,16.3516956882097,12
41.6666666666667,24,0.5,3,19,100,4.64297645071505,386.914704226254,8.33498896427077,192.272358926695,6.40592721649571,0.73262168591734,267.2,2.10000004060487,0,0,0,0,0,17167,16.3107223353524,12
41.6666666666667,24,0.75,3,0,100,4.83270541150415,402.725450958679,8.41589664373817,194.138745367416,6.58718102444409,0.747398612882789,264.3,2.10000001819549,0,0,0,0,0,20605,16.8132556002759,12
41.6666666666667,24,0.75,3,1,100,4.79937637856758,399.948031547298,8.3588348796579,192.822438887436,6.55775337362153,0.726235310853572,257,2.10000013156491,0,0,0,0,0,20603,16.81155385257,12
41.6666666666667,24,0.75,3,2,100,4.78854437703856,399.045364753213,8.40402260708691,193.864833902542,6.56674361673934,0.732180714573238,263.8,2.10000005748725,0,0,0,0,0,21066,16.6833246785834,12
41.6666666666667,24,0.75,3,3,100,4.81098496706975,400.91541392248,8.39303215032684,193.611304946955,6.58676605355328,0.735536598364712,261.5,2.10000006503878,0,0,0,0,0,19353,16.7833133375632,12
41.6666666666667,24,0.75,3,4,100,4.74128670545741,395.107225454784,8.35543054216258,192.743907289661,6.48243873468472,0.726674883431139,259,2.10000011909563,0,0,0,0,0,20727,16.6147296806215,12
41.6666666666667,24,0.75,3,5,100,4.76301326028783,396.917771690652,8.35719440480174,192.784596249407,6.49920577375413,0.725405265083349,259.4,2.10000011312468,0,0,0,0,0,20140,16.6873203698356,12
41.6666666666667,24,0.75,3,6,100,4.77610841434142,398.009034528452,8.34211494283586,192.436741712832,6.50075118871082,0.729892497986539,258.2,2.10000012133924,0,0,0,0,0,21861,16.7634413727062,12
41.6666666666667,24,0.75,3,7,100,4.82651301647798,402.209418039832,8.39776558540106,193.72049630059,6.59787207744278,0.737819534913921,260.5,2.10000006767223,0,0,0,0,0,20029,16.8279040007693,12
41.6666666666667,24,0.75,3,8,100,4.75149837117635,395.958197598029,8.34126592530003,192.417156491414,6.45857199262106,0.733590642486824,262.4,2.1000000250516,0,0,0,0,0,21131,16.6787062941873,12
41.6666666666667,24,0.75,3,9,100,4.82740187006758,402.283489172298,8.40853384463041,193.968899581319,6.57726467014257,0.743530457713127,264.4,2.10000001877881,0,0,0,0,0,19964,16.809466089605,12
41.6666666666667,24,0.75,3,10,100,4.82740601723045,402.283834769204,8.45648592891196,195.075063056734,6.62829846229755,0.744028123472961,264.6,2.10000005079223,0,0,0,0,0,22302,16.7142886983856,12
41.6666666666667,24,0.75,3,11,100,4.7480108208847,395.667568407058,8.33796466049766,192.341002584826,6.41336676315052,0.72328331779214,253.7,2.10000020413258,0,0,0,0,0,20803,16.6731647139187,12
41.6666666666667,24,0.75,3,12,100,4.84212582888703,403.510485740586,8.47411195766395,195.481662050588,6.67419741469941,0.751479234301388,266.7,2.1000000426792,0,0,0,0,0,20391,16.730602112473,12
41.6666666666667,24,0.75,3,13,100,4.79016258307834,399.180215256528,8.39928925521508,193.755644468227,6.56155790253731,0.732489305986443,262.9,2.10000006166104,0,0,0,0,0,20837,16.6982338579194,12
41.6666666666667,24,0.75,3,14,100,4.8368961204132,403.0746767011,8.46604715670915,195.295622415682,6.65523985092122,0.743211665139851,266.9,2.10000004367896,0,0,0,0,0,20407,16.7281862632729,12
41.6666666666667,24,0.75,3,15,100,4.78339732864511,398.616444053759,8.38702435766787,193.472716585118,6.55318433024188,0.730054913782071,262.8,2.10000005568406,0,0,0,0,0,21052,16.6993483089942,12
41.6666666666667,24,0.75,3,16,100,4.86299098192485,405.249248493738,8.49209520862964,195.896501482189,6.68235307192239,0.746704627637785,266.5,2.10000004446306,0,0,0,0,0,20160,16.767010650965,12
41.6666666666667,24,0.75,3,17,100,4.88764442867733,407.303702389777,8.51716835094552,196.474891236446,6.71644956376497,0.751715237370786,267,2.10000004397943,0,0,0,0,0,19320,16.802174960697,12
41.6666666666667,24,0.75,3,18,100,4.77727288327792,398.106073606493,8.42767959096834,194.410555572417,6.57986242668198,0.745130022039833,263.9,2.10000005302345,0,0,0,0,0,20646,16.5974238041684,12
41.6666666666667,24,0.75,3,19,100,4.84921613005295,404.101344171079,8.46970826960556,195.380077334088,6.66079502782429,0.74681487043369,264.8,2.10000004839321,0,0,0,0,0,21523,16.7636850051386,12
41.6666666666667,24,1,3,0,100,5.03079538708152,419.23294892346,8.55039331223394,197.241327965944,6.84492507088487,0.753093074266721,258.5,2.10000006724169,0,0,0,0,0,23094,17.2270185410233,12
41.6666666666667,24,1,3,1,100,5.02884030318812,419.070025265676,8.55381590642988,197.320280711115,6.84793826972548,0.753035422706912,259.5,2.10000006753023,0,0,0,0,0,22200,17.213229994748,12
41.6666666666667,24,1,3,2,100,5.03492390722317,419.576992268598,8.56765174098157,197.639447126137,6.85114244501449,0.755180169860259,258.9,2.10000006563678,0,0,0,0,0,22191,17.2064377823674,12
41.6666666666667,24,1,3,3,100,5.02517331877228,418.764443231023,8.55025827346216,197.238212878053,6.84670069748967,0.752931753391207,259.3,2.10000006817836,0,0,0,0,0,22211,17.2077355498628,12
41.6666666666667,24,1,3,4,100,5.02674868568957,418.895723807464,8.55862664122536,197.431255222451,6.84962655002625,0.754687212053497,258.8,2.1000000691663,0,0,0,0,0,23134,17.1964550554645,12
41.6666666666667,24,1,3,5,100,5.03122354074026,419.268628395022,8.56356595735761,197.545195860921,6.84981098308273,0.754529080482371,258.8,2.10000006864288,0,0,0,0,0,22221,17.2018743031413,12
41.6666666666667,24,1,3,6,100,5.03093075488548,419.24422957379,8.54822285651184,197.191259676301,6.84686837255374,0.758521860377243,258.6,2.10000006635494,0,0,0,0,0,22985,17.2319468894419,12
41.6666666666667,24,1,3,7,100,5.03486011886356,419.571676571964,8.55501248466196,197.347883497431,6.8436601674147,0.755584889704785,258.5,2.10000006598386,0,0,0,0,0,23024,17.2316859102522,12
41.6666666666667,24,1,3,8,100,5.02666229849084,418.888524874236,8.55622999822911,197.375969222149,6.84770822322371,0.755585349986029,259,2.10000006778114,0,0,0,0,0,23100,17.2010641100519,12
41.6666666666667,24,1,3,9,100,5.03534754908129,419.612295756774,8.55540268437133,197.356884663346,6.84205503129896,0.750767204505687,258.6,2.10000006830944,0,0,0,0,0,22155,17.2322135082569,12
41.6666666666667,24,1,3,10,100,5.02679952029106,418.899960024255,8.55216397966163,197.282173899232,6.84695276837993,0.75504928376553,259.1,2.10000006685357,0,0,0,0,0,23048,17.2095177994517,12
41.6666666666667,24,1,3,11,100,5.03558999915883,419.632499929902,8.57302386269948,197.763371767138,6.84724517057699,0.759612715070266,258.5,2.10000006936286,0,0,0,0,0,23101,17.1977629381778,12
41.6666666666667,24,1,3,12,100,5.03079471926974,419.232893272478,8.5581014635844,197.419140372111,6.84654286973083,0.757942190179956,259.6,2.10000006549581,0,0,0,0,0,23049,17.2113365991821,12
41.6666666666667,24,1,3,13,100,5.02860985426007,419.050821188339,8.5607066270524,197.479236543507,6.84668920400456,0.752041886611558,258.8,2.10000006824816,0,0,0,0,0,23127,17.1986727662002,12
41.6666666666667,24,1,3,14,100,5.03048384689392,419.20698724116,8.55822132292089,197.421905299271,6.84740143744419,0.750886501102319,259.6,2.10000006515008,0,0,0,0,0,23116,17.2099999329081,12
41.6666666666667,24,1,3,15,100,5.03458361223846,419.548634353205,8.56184204043648,197.505428372993,6.84957905465755,0.753388681445397,259.1,2.10000006532039,0,0,0,0,0,22204,17.2167686389017,12
41.6666666666667,24,1,3,16,100,5.02936080251127,419.113400209272,8.55877529558134,197.434684396,6.84775449140705,0.754046891712372,258.9,2.10000006602968,0,0,0,0,0,23049,17.205241183909,12
41.6666666666667,24,1,3,17,100,5.03280556132664,419.400463443887,8.57641319045291,197.841557118687,6.85554218793232,0.755847604854474,259.8,2.10000006733981,0,0,0,0,0,22275,17.1813734601959,12
41.6666666666667,24,1,3,18,100,5.02540828507047,418.784023755872,8.55130972030739,197.262467759023,6.84913537021281,0.753239702843303,258.9,2.10000006776568,0,0,0,0,0,23085,17.2065254405379,12
41.6666666666667,24,1,3,19,100,5.03279223196188,419.39935266349,8.5591701968454,197.443794017849,6.85133584023372,0.757071082884154,259.1,2.10000006461701,0,0,0,0,0,22226,17.2161339623109,12
50,20,0,3,0,100,4.41928527390169,368.273772825141,8.33490371065704,192.270392287808,6.13476984082083,0.787033219899497,252.2,2.10000014296406,0,0,0,0,0,11056,15.525025522581,12
50,20,0,3,1,100,4.41799958367239,368.1666319727,8.33241158267733,192.212903630359,6.13163253319635,0.786555801231633,250.9,2.10000015495393,0,0,0,0,0,11086,15.5251649074548,12
50,20,0,3,2,100,4.421453298373,368.454441531083,8.36059820873655,192.863115538956,6.14742589665216,0.788275593530626,252.4,2.10000014553339,0,0,0,0,0,11141,15.4849224963573,12
50,20,0,3,3,100,4.41626598732715,368.022165610596,8.34416147436887,192.483951306889,6.1367790606128,0.786689751096451,252.3,2.10000014116895,0,0,0,0,0,11263,15.4972368657087,12
50,20,0,3,4,100,4.41526377786663,367.938648155552,8.358665377392,192.818528792216,6.14748538907497,0.788968745491282,254.6,2.10000012614762,0,0,0,0,0,11321,15.4668781659274,12
50,20,0,3,5,100,4.4181123753558,368.17603127965,8.34675990103417,192.543892073046,6.1369918888985,0.787800048809643,252.4,2.10000014401339,0,0,0,0,0,11170,15.4988979008113,12
50,20,0,3,6,100,4.41682677685502,368.068898071252,8.34798855074106,192.57223468735,6.15780007697049,0.790749439776644,253.6,2.10000013168087,0,0,0,0,0,11223,15.4921760397225,12
50,20,0,3,7,100,4.42134090526793,368.445075438994,8.33725261349272,192.324577013312,6.11507221988752,0.788789560760248,249.3,2.10000017132381,0,0,0,0,0,11110,15.5278739549495,12
50,20,0,3,8,100,4.41527295026299,367.939412521916,8.34077691595199,192.405875974872,6.1245465424606,0.789416363902324,252.4,2.10000013961087,0,0,0,0,0,11188,15.5000540583365,12
50,20,0,3,9,100,4.41748287908451,368.123573257043,8.32867613439663,192.126733935875,6.11034295883211,0.783128841762911,248.8,2.10000017939581,0,0,0,0,0,11160,15.5302550085304,12
50,20,0,3,10,100,4.41782453081744,368.152044234787,8.34258053278893,192.447481988428,6.12063070768219,0.788672418204461,250.5,2.10000016022536,0,0,0,0,0,11214,15.5056468669949,12
50,20,0,3,11,100,4.42393491491576,368.661242909647,8.36599937280051,192.987710131699,6.13961050343514,0.793850084866733,252,2.10000015086496,0,0,0,0,0,11165,15.4836836224178,12
50,20,0,3,12,100,4.41771981830887,368.143318192406,8.33757760965271,192.33207405723,6.12420700775991,0.791106380231031,250.8,2.10000015867297,0,0,0,0,0,11139,15.5145907738387,12
50,20,0,3,13,100,4.41979765027045,368.316470855871,8.34891014252691,192.593494058825,6.12275651151548,0.787622887194718,251.2,2.10000015525372,0,0,0,0,0,11148,15.5007953960566,12
50,20,0,3,14,100,4.41898987180639,368.249155983866,8.33965244130093,192.379936481174,6.1293604530722,0.784805263428247,251.4,2.10000015036553,0,0,0,0,0,11113,15.5151171316322,12
50,20,0,3,15,100,4.42456239942674,368.713533285562,8.34909346804899,192.597723030301,6.14194657289714,0.786544853315441,251.8,2.10000014639024,0,0,0,0,0,11080,15.5171144974272,12
50,20,0,3,16,100,4.41678065644975,368.065054704146,8.34201777907151,192.4345003294,6.11695950233023,0.786735739757443,250.5,2.10000016171,0,0,0,0,0,11231,15.5030017066132,12
50,20,0,3,17,100,4.42122157347297,368.435131122747,8.36118592536745,192.876673044969,6.14588796619974,0.788934644589084,252.7,2.10000013957915,0,0,0,0,0,11239,15.4830546322492,12
50,20,0,3,18,100,4.41856405198181,368.213670998484,8.33600873265536,192.295883045767,6.12891924016613,0.78756014341188,251.2,2.10000015277944,0,0,0,0,0,11088,15.5204490763923,12
50,20,0,3,19,100,4.41946939340558,368.289116117132,8.33431497025141,192.256811165257,6.13039056863798,0.788860177845549,250.5,2.10000015979074,0,0,0,0,0,11088,15.5267990539629,12
50,20,0.25,3,0,100,4.50797011567636,375.664176306363,8.42985528397602,194.460744676287,6.17586942549245,0.796726446624535,225.7,2.10000011553564,0,0,0,0,0,13984,15.6582235988273,12
50,20,0.25,3,1,100,4.53300135862425,377.750113218688,8.44029371037822,194.701539340376,6.22567137309445,0.794915487688051,226,2.10000011664181,0,0,0,0,0,14871,15.7256932603756,12
50,20,0.25,3,2,100,4.55686618200483,379.738848500402,8.52949600118927,196.759266705034,6.29003471078714,0.798029053595436,226.6,2.10000086740092,0,0,0,0,0,15144,15.6433152407077,12
50,20,0.25,3,3,100,4.54293097557247,378.577581297705,8.38257882778738,193.370166657282,6.30369964413557,0.792647254574619,248.7,2.10000017468292,0,0,0,0,0,14868,15.8683920542961,12
50,20,0.25,3,4,100,4.48658791422975,373.882326185813,8.39207598159454,193.589247951021,6.24063355168673,0.789189861877574,253.4,2.10000013543038,0,0,0,0,0,14798,15.6540931632753,12
50,20,0.25,3,5,100,4.61824852570873,384.854043809061,8.65047340759952,199.549985613846,6.38054677915053,0.822166189149303,235.1,2.10000028900413,0,0,0,0,0,15819,15.6327700371234,12
50,20,0.25,3,6,100,4.54198605519293,378.498837932744,8.45408128907461,195.019592584502,6.25195085791046,0.800713448307591,226.9,2.10000010641704,0,0,0,0,0,15471,15.7312001908591,12
50,20,0.25,3,7,100,4.49573403575017,374.644502979181,8.37021770024854,193.085018931103,6.21720351830867,0.789419193558079,248.1,2.10000018393089,0,0,0,0,0,14594,15.7268780733607,12
50,20,0.25,3,8,100,4.53962156562609,378.301797135508,8.45789979711471,195.107678309822,6.21182342119364,0.798099668135342,226.9,2.10000010509236,0,0,0,0,0,15766,15.7159128495282,12
50,20,0.25,3,9,100,4.5808701269475,381.739177245625,8.61437283150405,198.717213914419,6.31731956367032,0.815207870354504,234.9,2.10000031284187,0,0,0,0,0,15103,15.5711616452803,12
50,20,0.25,3,10,100,4.57916163852374,381.596803210312,8.51671598288597,196.464455964812,6.207760302313,0.800889927399638,217.6,2.10000195721477,0,0,0,0,0,16436,15.7434071921246,12
50,20,0.25,3,11,100,4.55157794319146,379.298161932622,8.48260938003468,195.677681439578,6.3743797806321,0.809374631573327,260.3,2.10000014078059,0,0,0,0,0,13919,15.7114798465929,12
50,20,0.25,3,12,100,4.58926964757374,382.439137297812,8.60710387060862,198.549532797587,6.33447584996224,0.823643837141142,235.3,2.10000027313765,0,0,0,0,0,15002,15.6129365781312,12
50,20,0.25,3,13,100,4.5770756877779,381.422973981491,8.59519723752776,198.274869395014,6.29842019125617,0.813080455874098,236.7,2.10000050134511,0,0,0,0,0,15077,15.5926672184689,12
50,20,0.25,3,14,100,4.57581966779189,381.318305649324,8.45499931691451,195.040769742516,6.32783183266218,0.793126271199091,237.9,2.10000059050708,0,0,0,0,0,15753,15.8466866682736,12
50,20,0.25,3,15,100,4.57786495613735,381.488746344779,8.58009031942542,197.926381497538,6.27956969401926,0.807653050164788,226.7,2.10000076071947,0,0,0,0,0,14810,15.6227621175069,12
50,20,0.25,3,16,100,4.55899000077949,379.915833398291,8.53925303370983,196.984342906922,6.2303395747991,0.806747601028578,224.5,2.10000098666387,0,0,0,0,0,15170,15.632772355032,12
50,20,0.25,3,17,100,4.60277807511888,383.56483959324,8.5236573574181,196.624580286657,6.26372873046656,0.801757057657313,216.8,2.10000202095546,0,0,0,0,0,16450,15.8117149733366,12
50,20,0.25,3,18,100,4.61349759425404,384.458132854503,8.6347408581523,199.187065589943,6.37083126014684,0.821421644004148,234.1,2.10000032798666,0,0,0,0,0,15480,15.6451648558487,12
50,20,0.25,3,19,100,4.52680791167388,377.23399263949,8.43741238336076,194.635072600604,6.26619682228957,0.795221976933301,238.3,2.10000056377567,0,0,0,0,0,14643,15.7098580534024,12
50,20,0.5,3,0,100,4.68630888473568,390.52574039464,8.62098468739837,198.869736867374,6.39195664535622,0.8200891852209,231.6,2.10000064765177,0,0,0,0,0,17312,15.9168971145146,12
50,20,0.5,3,1,100,4.64446910728721,387.039092273934,8.59039708861996,198.164139079994,6.34789311392118,0.808826982130751,231.2,2.10000046447078,0,0,0,0,0,17786,15.8310421559489,12
50,20,0.5,3,2,100,4.73108687345437,394.257239454531,8.71479098696034,201.0336699663,6.51875850830861,0.823897526196382,234.6,2.10000047326423,0,0,0,0,0,17704,15.8961025510553,12
50,20,0.5,3,3,100,4.71379206945651,392.816005788043,8.56810744866136,197.649959436465,6.40436325019517,0.804730698949698,215.4,2.10000223191673,0,0,0,0,0,17398,16.1089804441193,12
50,20,0.5,3,4,100,4.57319764275619,381.099803563016,8.44567984828928,194.825787308322,6.34643346468523,0.789888449473738,252.2,2.10000014539628,0,0,0,0,0,17844,15.8550159963697,12
50,20,0.5,3,5,100,4.71966308373691,393.305256978076,8.71616457672715,201.0653560724,6.5289118084633,0.821942949865414,234.2,2.10000039103682,0,0,0,0,0,18638,15.8553611713189,12
50,20,0.5,3,6,100,4.67517359172719,389.597799310599,8.60118714359331,198.413045147125,6.43349381455045,0.81738941725385,236.9,2.10000012250964,0,0,0,0,0,18415,15.9160030804374,12
50,20,0.5,3,7,100,4.71621568559428,393.017973799523,8.52240834741781,196.595767999069,6.5061686879918,0.803667510854461,235.8,2.10000067728288,0,0,0,0,0,16414,16.2035589725391,12
50,20,0.5,3,8,100,4.73260639798503,394.383866498753,8.70419725862322,200.789292781646,6.50284746801114,0.826829001180012,234.8,2.10000020421239,0,0,0,0,0,18250,15.9208390982443,12
50,20,0.5,3,9,100,4.67552688914714,389.627240762261,8.66570545909433,199.901360100934,6.43823934697003,0.816649684249687,234.1,2.10000032976097,0,0,0,0,0,18330,15.7988200624233,12
50,20,0.5,3,10,100,4.69596852657651,391.330710548043,8.63986412755905,199.305249680945,6.37730903706607,0.808842992187622,222.6,2.10000141835951,0,0,0,0,0,19292,15.9149573666658,12
50,20,0.5,3,11,100,4.66036437261895,388.363697718245,8.54552273598524,197.128973025981,6.49196849191146,0.810089899665579,258,2.10000016079334,0,0,0,0,0,16972,15.9685015293465,12
50,20,0.5,3,12,100,4.68560261448154,390.466884540128,8.67492021398419,200.113926988209,6.48237956946536,0.824068124782373,236,2.10000034453026,0,0,0,0,0,16906,15.8158167152198,12
50,20,0.5,3,13,100,4.70402071330503,392.001726108752,8.716934840367,201.08312459107,6.49551588238678,0.818508376126995,236.4,2.10000048693087,0,0,0,0,0,17937,15.8013705006226,12
50,20,0.5,3,14,100,4.70939708889641,392.449757408034,8.59384470564755,198.243669054348,6.39668177781689,0.810800206436388,224.2,2.10000086439413,0,0,0,0,0,17354,16.0458511745351,12
50,20,0.5,3,15,100,4.70329372118606,391.941143432172,8.70164553714983,200.730429415526,6.44411057231263,0.824493392959089,235.5,2.10000048134566,0,0,0,0,0,18027,15.8269432642035,12
50,20,0.5,3,16,100,4.71508098839224,392.923415699354,8.69772587807544,200.640010328032,6.52029116290032,0.822625962919271,234.1,2.10000037979273,0,0,0,0,0,17115,15.8735078524206,12
50,20,0.5,3,17,100,4.74247055084108,395.205879236757,8.66818182122648,199.958485070235,6.49517553182592,0.817628061737143,227.1,2.10000082557769,0,0,0,0,0,19365,16.020142041777,12
50,20,0.5,3,18,100,4.72464170452547,393.720142043789,8.71760148417869,201.098502797182,6.50998859383889,0.833087693582071,231.7,2.10000031459833,0,0,0,0,0,16399,15.869668891202,12
50,20,0.5,3,19,100,4.71149278606141,392.624398838451,8.65775525104393,199.717963906606,6.44596557864593,0.823396844963156,233.1,2.10000010085162,0,0,0,0,0,18472,15.9346979355531,12
50,20,0.75,3,0,100,4.90265790062058,408.554825051715,8.79293441132788,202.836290293953,6.75707212811669,0.836534374635958,231.5,2.10000055632747,0,0,0,0,0,20682,16.3261812933803,12
50,20,0.75,3,1,100,4.8864285460919,407.202378840991,8.7732091456704,202.381265893239,6.75190363884191,0.835451665902704,230.3,2.10000039672911,0,0,0,0,0,21439,16.3087335263985,12
50,20,0.75,3,2,100,4.87860278524268,406.550232103556,8.76830491767994,202.268134671533,6.68264010972668,0.834224204810856,230.8,2.1000002286479,0,0,0,0,0,22096,16.2913574877088,12
50,20,0.75,3,3,100,4.89326084354665,407.771736962221,8.70274649885751,200.755826510295,6.6583004840146,0.816699730222348,220.5,2.10000158972832,0,0,0,0,0,21243,16.463575576667,12
50,20,0.75,3,4,100,4.81368613603517,401.140511336264,8.70121644264044,200.720531020474,6.53823369037505,0.823812607866652,226.1,2.10000081356361,0,0,0,0,0,21157,16.1988636006623,12
50,20,0.75,3,5,100,4.83708458796027,403.090382330023,8.76149980848136,202.111153732029,6.68950114940312,0.826968385907562,233.1,2.10000035871576,0,0,0,0,0,21332,16.1657913515719,12
50,20,0.75,3,6,100,4.87506342503929,406.255285419941,8.74561153437063,201.744641436015,6.67302002047069,0.835457220878472,231.8,2.10000052385396,0,0,0,0,0,22788,16.3221121786436,12
50,20,0.75,3,7,100,4.91186922660472,409.322435550394,8.73682760243501,201.542012815731,6.70694331707051,0.832892954878984,230.6,2.10000026144996,0,0,0,0,0,21121,16.4613814387344,12
50,20,0.75,3,8,100,4.85270379532527,404.391982943772,8.79736469868125,202.938488605649,6.71446485449405,0.834149168409737,231.9,2.10000056000024,0,0,0,0,0,21859,16.1517662156799,12
50,20,0.75,3,9,100,4.87998947936823,406.665789947352,8.75222444268021,201.897188666191,6.7201545731195,0.831599089849553,230.7,2.10000040506122,0,0,0,0,0,20955,16.3260773973045,12
50,20,0.75,3,10,100,4.89626365831126,408.021971525938,8.78738344842579,202.708240126631,6.73250584666482,0.834012711174561,230.7,2.10000044237074,0,0,0,0,0,23301,16.3150940811307,12
50,20,0.75,3,11,100,4.81893799645025,401.578166370854,8.70858308281633,200.890465412715,6.58039660649054,0.827642361148043,221.7,2.10000116175331,0,0,0,0,0,21856,16.2026517557545,12
50,20,0.75,3,12,100,4.88510810237735,407.092341864779,8.75071193261072,201.862297932657,6.73224956925512,0.832830476084658,232.6,2.10000040705404,0,0,0,0,0,21094,16.3462003185524,12
50,20,0.75,3,13,100,4.87655451362069,406.379542801724,8.77888536782006,202.51220555341,6.72462097563124,0.826154298005918,233.5,2.10000055348144,0,0,0,0,0,22081,16.2649461424499,12
50,20,0.75,3,14,100,4.8952483240519,407.937360337659,8.7677324017316,202.254927816385,6.72868868676854,0.826698788642334,232.9,2.1000005508281,0,0,0,0,0,20281,16.3480220040947,12
50,20,0.75,3,15,100,4.8870495862005,407.254132183375,8.80573991555195,203.131688945944,6.7405296324916,0.832899400973804,232.4,2.10000055190199,0,0,0,0,0,22030,16.2506081100509,12
50,20,0.75,3,16,100,4.90985412046321,409.154510038601,8.77712969606767,202.471705541859,6.75965946404333,0.828670769492192,232,2.10000041034414,0,0,0,0,0,21124,16.379586203547,12
50,20,0.75,3,17,100,4.96833486253398,414.027905211165,8.75151846235273,201.880903041399,6.78513548921795,0.828862296256922,223,2.1000010863421,0,0,0,0,0,21214,16.6225495788848,12
50,20,0.75,3,18,100,4.83374552454654,402.812127045545,8.74548711058475,201.74177121568,6.64342085050669,0.833992624634794,229.2,2.10000041540877,0,0,0,0,0,20865,16.1841041666813,12
50,20,0.75,3,19,100,4.90856574464206,409.047145386838,8.79171490672706,202.808158639871,6.76028781104549,0.834916784089894,230.6,2.10000044631647,0,0,0,0,0,22548,16.347977901156,12
50,20,1,3,0,100,5.11642225511101,426.368521259251,8.8710619245697,204.638543582166,6.97445960803896,0.845749711857285,225.8,2.10000072375396,0,0,0,0,0,22387,16.8873884861739,12
50,20,1,3,1,100,5.10199923797247,425.166603164373,8.85637002253653,204.299629316875,6.97684650747727,0.845552817402462,225.5,2.10000060924358,0,0,0,0,0,23184,16.8678408505799,12
50,20,1,3,2,100,5.10104977677175,425.087481397646,8.87109738525963,204.639361592908,6.98746774083703,0.846039260303953,225.7,2.10000061827384,0,0,0,0,0,23156,16.8366577081456,12
50,20,1,3,3,100,5.09781303740444,424.817753117036,8.85629245706228,204.297840028758,6.97617368548039,0.844041229177826,224.8,2.10000068113754,0,0,0,0,0,23249,16.8537879502485,12
50,20,1,3,4,100,5.10665350344824,425.554458620686,8.8873635727682,205.014591632974,6.99456900480685,0.846173777615014,227.6,2.10000066789416,0,0,0,0,0,22544,16.8241875145575,12
50,20,1,3,5,100,5.10203895530564,425.169912942137,8.86373621436465,204.469553366585,6.98107808936158,0.845952957306805,224.8,2.10000063351401,0,0,0,0,0,23209,16.8539980031762,12
50,20,1,3,6,100,5.10584483451195,425.487069542663,8.87603865796585,204.753347365822,6.99047643220732,0.849080908148116,226.5,2.1000007054289,0,0,0,0,0,21631,16.8432001607951,12
50,20,1,3,7,100,5.10385368890302,425.321140741918,8.86304378835764,204.453580414213,6.97743923630795,0.845547154831179,225.2,2.10000066301473,0,0,0,0,0,23211,16.8608905953315,12
50,20,1,3,8,100,5.11120018620353,425.933348850294,8.88327127908168,204.920190192984,6.9855808703113,0.84760175126849,226.5,2.10000068759962,0,0,0,0,0,22498,16.8468554707029,12
50,20,1,3,9,100,5.10175755707392,425.146463089493,8.84795887588756,204.105600144862,6.96827749597054,0.841452789397217,225,2.10000064574592,0,0,0,0,0,23235,16.8828748883082,12
50,20,1,3,10,100,5.10419972002104,425.34997666842,8.86524132939466,204.504273510609,6.97691283568229,0.847067550421213,225.1,2.10000065266411,0,0,0,0,0,23206,16.8580521854235,12
50,20,1,3,11,100,5.10888158497066,425.740132080888,8.8729077627391,204.681123561642,6.98087544123093,0.852541443432672,224.9,2.10000065974475,0,0,0,0,0,24004,16.8589672043617,12
50,20,1,3,12,100,5.10475590499675,425.396325416396,8.86291389610721,204.450584046791,6.97531652020056,0.849578219645303,225.7,2.10000064728263,0,0,0,0,0,23226,16.8642417186095,12
50,20,1,3,13,100,5.11647196962163,426.372664135136,8.88078229197944,204.862773989611,6.97724069198636,0.84495003105697,226.5,2.10000069092212,0,0,0,0,0,23286,16.8688825385231,12
50,20,1,3,14,100,5.11853767530617,426.544806275514,8.8713577521066,204.64536776137,6.97406784018585,0.844292051279039,225.6,2.10000071847071,0,0,0,0,0,21535,16.8938503818531,12
50,20,1,3,15,100,5.12082470656214,426.735392213512,8.88608205386911,204.985029426858,6.97771403129081,0.847315741403335,226.8,2.10000069214789,0,0,0,0,0,22373,16.8730883822125,12
50,20,1,3,16,100,5.10122393585042,425.101994654202,8.87192434352155,204.658437948789,6.98209380630744,0.844514010945192,225.8,2.10000064848475,0,0,0,0,0,23234,16.8353835556096,12
50,20,1,3,17,100,5.10022890600775,425.019075500646,8.87451502010783,204.71819993535,6.98689773951629,0.845864774770437,225.2,2.10000067817862,0,0,0,0,0,23216,16.8272038471163,12
50,20,1,3,18,100,5.10376110950161,425.313425791801,8.86270338977168,204.445728065592,6.9797448554552,0.845288379536354,225.1,2.10000066269674,0,0,0,0,0,23225,16.8612545223314,12
50,20,1,3,19,100,5.10655415150803,425.546179292336,8.8667091264362,204.538132799543,6.98070537676219,0.847583041634225,225.1,2.10000066789587,0,0,0,0,0,23239,16.8628427704395,12
