variant,seed,comp,fuelL,L100,sigma_v,a_rms,stop_veh_s,min_gap,n_hard,n_abort,final_gap_violation,pre_gap_violation,n_gap_correction,n_safety,v_mean,n_merged,perveh_mL

1,0,100,4.83270541150415,8.41589664373817,6.58718102444409,0.747398612882789,264.3,2.10000001819549,0,0,0,0,0,20605,16.8132556002759,12,402.725450958679
1,1,100,4.79937637856758,8.3588348796579,6.55775337362153,0.726235310853572,257,2.10000013156491,0,0,0,0,0,20603,16.81155385257,12,399.948031547298
1,2,100,4.78854437703856,8.40402260708691,6.56674361673934,0.732180714573238,263.8,2.10000005748725,0,0,0,0,0,21066,16.6833246785834,12,399.045364753213
1,3,100,4.81098496706975,8.39303215032684,6.58676605355328,0.735536598364712,261.5,2.10000006503878,0,0,0,0,0,19353,16.7833133375632,12,400.91541392248
1,4,100,4.74128670545741,8.35543054216258,6.48243873468472,0.726674883431139,259,2.10000011909563,0,0,0,0,0,20727,16.6147296806215,12,395.107225454784
1,5,100,4.76301326028783,8.35719440480174,6.49920577375413,0.725405265083349,259.4,2.10000011312468,0,0,0,0,0,20140,16.6873203698356,12,396.917771690652
1,6,100,4.77610841434142,8.34211494283586,6.50075118871082,0.729892497986539,258.2,2.10000012133924,0,0,0,0,0,21861,16.7634413727062,12,398.009034528452
1,7,100,4.82651301647798,8.39776558540106,6.59787207744278,0.737819534913921,260.5,2.10000006767223,0,0,0,0,0,20029,16.8279040007693,12,402.209418039832
1,8,100,4.75149837117635,8.34126592530003,6.45857199262106,0.733590642486824,262.4,2.1000000250516,0,0,0,0,0,21131,16.6787062941873,12,395.958197598029
1,9,100,4.82740187006758,8.40853384463041,6.57726467014257,0.743530457713127,264.4,2.10000001877881,0,0,0,0,0,19964,16.809466089605,12,402.283489172298
1,10,100,4.82740601723045,8.45648592891196,6.62829846229755,0.744028123472961,264.6,2.10000005079223,0,0,0,0,0,22302,16.7142886983856,12,402.283834769204
1,11,100,4.7480108208847,8.33796466049766,6.41336676315052,0.72328331779214,253.7,2.10000020413258,0,0,0,0,0,20803,16.6731647139187,12,395.667568407058
1,12,100,4.84212582888703,8.47411195766395,6.67419741469941,0.751479234301388,266.7,2.1000000426792,0,0,0,0,0,20391,16.730602112473,12,403.510485740586
1,13,100,4.79016258307834,8.39928925521508,6.56155790253731,0.732489305986443,262.9,2.10000006166104,0,0,0,0,0,20837,16.6982338579194,12,399.180215256528
1,14,100,4.8368961204132,8.46604715670915,6.65523985092122,0.743211665139851,266.9,2.10000004367896,0,0,0,0,0,20407,16.7281862632729,12,403.0746767011
1,15,100,4.78339732864511,8.38702435766787,6.55318433024188,0.730054913782071,262.8,2.10000005568406,0,0,0,0,0,21052,16.6993483089942,12,398.616444053759
1,16,100,4.86299098192485,8.49209520862964,6.68235307192239,0.746704627637785,266.5,2.10000004446306,0,0,0,0,0,20160,16.767010650965,12,405.249248493738
1,17,100,4.88764442867733,8.51716835094552,6.71644956376497,0.751715237370786,267,2.10000004397943,0,0,0,0,0,19320,16.802174960697,12,407.303702389777
1,18,100,4.77727288327792,8.42767959096834,6.57986242668198,0.745130022039833,263.9,2.10000005302345,0,0,0,0,0,20646,16.5974238041684,12,398.106073606493
1,19,100,4.84921613005295,8.46970826960556,6.66079502782429,0.74681487043369,264.8,2.10000004839321,0,0,0,0,0,21523,16.7636850051386,12,404.101344171079
2,0,100,4.93510001915795,8.78374157102061,6.78437078361206,0.793353099484803,262.3,2.10000002509423,0,0,0,0,0,19793,16.4511059424001,12,411.258334929829
2,1,100,4.89459406297843,8.91447213664091,6.99155914738839,0.804081935192964,281.3,1.04771349319276,9,0,0,0,0,19897,16.0775815858272,12,407.882838581535
2,2,100,4.84368448218085,8.86237804987565,6.84043246548322,0.788481286962963,277.2,2.1000000135266,0,0,0,0,0,20744,16.0036436603649,12,403.640373515071
2,3,100,4.83801279778835,8.89147694923725,6.92941094490242,0.798730120551105,285.1,2.10000000803859,0,0,0,0,0,19520,15.9326069688384,12,403.167733149029
2,4,100,4.84149307152709,8.94741134688232,6.96577534858172,0.800340029532259,287.4,1.19201683901144,7,0,0,0,0,20160,15.8446046951115,12,403.457755960591
2,5,100,4.85236823399538,8.91541691156818,6.92634055983165,0.800162770265994,283.3,1.38296074847881,5,0,0,0,0,19563,15.9370813472416,12,404.364019499615
2,6,100,4.8781838223689,8.87627480800109,6.88613500764534,0.803941922435829,275.8,1.97273392805801,0,0,0,0,0,21236,16.0924004380271,12,406.515318530742
2,7,100,4.85657574313347,8.88831664614111,6.92216577821265,0.800332489704891,282.2,2.10000000961418,0,0,0,0,0,20258,15.9992982967474,12,404.714645261122
2,8,100,4.85414576804987,8.78440048245838,6.74603454057154,0.781784552433531,269.1,2.10000002177594,0,0,0,0,0,21061,16.1802983055301,12,404.51214733749
2,9,100,4.93766442315617,8.77813275656375,6.77772226735597,0.791058054069612,261.3,2.10000002694289,0,0,0,0,0,19122,16.4701044040827,12,411.472035263014
2,10,100,4.88058249401724,8.81559147494295,6.77142399937729,0.794279809724034,266,2.10000002252298,0,0,0,0,0,21840,16.2108022629252,12,406.71520783477
2,11,100,4.87601406614025,8.98336699974673,6.9717670467598,0.812300845527258,287.6,-4.63469915537837,30,1,24,24,0,20284,15.893750123506,12,406.334505511688
2,12,100,4.88281202722758,8.85322099208588,6.85937387417898,0.800335025668488,272.3,2.10000001528317,0,0,0,0,0,20056,16.1495753444846,12,406.901002268965
2,13,100,4.84016823268793,8.89990321372018,6.89514709323235,0.794655212281778,283.1,2.10000000935383,0,0,0,0,0,20533,15.9245910895389,12,403.347352723994
2,14,100,4.88092865518536,8.83606618012266,6.83215104343794,0.790652336440852,271.4,2.10000001580158,0,0,0,0,0,20054,16.174383924267,12,406.74405459878
2,15,100,4.84116163282466,8.87118938222994,6.8497427077251,0.790935242320398,278.4,2.10000001253991,0,0,0,0,0,20781,15.9796635793086,12,403.430136068722
2,16,100,4.8876544678073,8.83479858426378,6.83524605064002,0.794446687650963,269.8,2.10000001715559,0,0,0,0,0,20445,16.1991049397647,12,407.304538983941
2,17,100,4.91239406073316,8.86877066641293,6.88603551950086,0.797912768009978,271.7,2.10000001517517,0,0,0,0,0,19599,16.2185252788357,12,409.366171727764
2,18,100,4.89616768482112,8.83822562561804,6.8338057834319,0.798872134982022,266.3,2.10000002305298,0,0,0,0,0,19835,16.2210574401181,12,408.013973735093
2,19,100,4.90116543113502,8.84614455251808,6.83064420505374,0.798090050828093,268.3,2.10000001926312,0,0,0,0,0,21013,16.2230843712939,12,408.430452594585
3,0,100,4.8415999000556,7.96674319681738,6.08563120457947,0.695444491102494,214.8,-4.74727543939707,198,0,76,76,0,0,17.7930747291029,12,403.466658337967
3,1,100,4.81605936341449,7.93228817520106,6.06536899554256,0.726568404785198,212.3,-4.58464050529153,184,0,71,71,0,0,17.7759642337592,12,401.33828028454
3,2,100,4.83890630760129,8.0376364363427,6.10640494633723,0.638349649249614,201.6,-4.99111519072471,232,0,105,105,0,0,17.6269698912002,12,403.242192300107
3,3,100,4.79085506450238,7.90106652767753,6.09189685527515,0.688192275683006,218.2,-4.97085805300435,155,0,112,112,0,0,17.7528479522174,12,399.237922041865
3,4,100,4.73757772575869,7.89705831082781,6.0183387146275,0.728805663289515,220.9,-4.86965600374606,336,0,246,246,0,0,17.5647275084081,12,394.798143813224
3,5,100,4.78070398290426,7.91724434141508,5.99587508567233,0.731709585952446,219.2,-4.91697999534006,164,0,69,69,0,0,17.678928997269,12,398.391998575355
3,6,100,4.79479919153758,7.91980738184231,5.98028636743787,0.730218345635088,215.6,-4.7599396229275,162,0,73,73,0,0,17.7258213476871,12,399.566599294798
3,7,100,4.80973202778495,7.9913923213706,6.22576027929192,0.73242864042252,225.3,-4.88084802903859,187,0,94,94,0,0,17.622068816369,12,400.811002315413
3,8,100,4.76593881460977,7.89290211498327,5.89837417648222,0.631070527436536,194.6,-4.75889680023101,221,0,93,93,0,0,17.679591270125,12,397.161567884148
3,9,100,4.83516870657884,7.94823050698837,6.05404098164226,0.696788260172914,213.3,-4.49570739215062,189,0,81,81,0,0,17.8109544570196,12,402.930725548236
3,10,100,4.85229889896236,8.01225564108872,6.10668173410111,0.687350653791228,214.5,-4.37180937452661,209,0,68,68,0,0,17.7313512741409,12,404.358241580197
3,11,100,4.72319903952605,7.86218112433266,5.89239589417563,0.667470094741191,198.9,-4.99741237438411,191,0,106,106,0,0,17.588865052049,12,393.599919960504
3,12,100,4.85824572629339,8.03596092597469,6.19372635320927,0.693275734310475,220.3,-3.95549565002977,209,0,69,69,0,0,17.7005260315406,12,404.853810524449
3,13,100,4.78718357665506,7.96095086313089,6.13063349417182,0.727669148767148,221.2,-4.86181499978045,188,0,96,96,0,0,17.6062100987842,12,398.931964721255
3,14,100,4.87022604709757,8.06777870030476,6.20712759613905,0.698159481952998,221.8,-4.76274519508161,209,0,70,70,0,0,17.6745207753651,12,405.852170591464
3,15,100,4.78872424125487,7.94737963520288,6.10138328632912,0.727097540984539,218.2,-4.96208851854522,189,0,95,95,0,0,17.6414930904396,12,399.060353437906
3,16,100,4.89570533419122,8.08860175938808,6.24519059270366,0.694195619277379,223.5,-4.643443141234,212,0,66,66,0,0,17.7214210196298,12,407.975444515935
3,17,100,4.93054932640609,8.13383913011987,6.29343541190862,0.700357666076649,224.3,-3.89556913160573,211,0,66,66,0,0,17.7480169660119,12,410.879110533841
3,18,100,4.80222703696357,7.98435046079001,6.03276424606401,0.684743352851479,210.7,-4.75994895149677,212,0,69,69,0,0,17.6100539018821,12,400.185586413631
3,19,100,4.89916410095191,8.06643114234386,6.16831869181767,0.690482419262054,214.2,-3.86512472049446,213,0,64,64,0,0,17.7821851915166,12,408.263675079326
4,0,100,5.00431476001417,8.37010623358936,6.15246222321907,0.749572544252833,196.7,-4.99900000000002,302,0,193,193,0,0,17.5052172460172,12,417.026230001181
4,1,100,4.9398030854891,8.37970946989082,6.33828755419168,0.792040605547219,206.8,-4.82884814655893,354,0,110,110,0,0,17.2597930625848,12,411.650257124092
4,2,100,4.96178733497741,8.39038643985958,6.09615279099482,0.687763089642664,178.8,-4.99900000000002,436,0,233,233,0,0,17.3152395034719,12,413.482277914784
4,3,100,4.82658585709021,8.31632359538369,6.4471921884905,0.759659522562316,242.3,-4.99900000000002,198,0,110,110,0,0,16.9931520896253,12,402.215488090851
4,4,100,4.87002720002412,8.207664723919,6.11815972367403,0.773970819574498,213.4,-4.93233183987206,481,0,320,320,0,0,17.3727871141205,12,405.83560000201
4,5,100,4.87598987306647,8.35263005151706,6.34794814619876,0.797837177359017,234.9,-4.91697999534006,219,0,98,98,0,0,17.0923182160059,12,406.332489422206
4,6,100,4.90466194453353,8.34049458018457,6.30329252674037,0.79698764075031,229.2,-4.9681400644622,207,0,89,89,0,0,17.2179985828657,12,408.721828711127
4,7,100,4.83187667219628,8.32486419694922,6.4615316091148,0.784589172958239,238.8,-4.99900000000002,220,0,95,95,0,0,16.9945201016922,12,402.65638934969
4,8,100,4.91178545147847,8.2271896871563,5.94197891441271,0.686201313846788,175.3,-4.99900000000002,413,0,184,184,0,0,17.4804876498143,12,409.315454289872
4,9,100,5.00944325578303,8.36103602085346,6.14061404046615,0.757499404068209,197.4,-4.99900000000002,300,0,191,191,0,0,17.5419944407215,12,417.453604648585
4,10,100,4.95556813398092,8.45868435684335,6.24563497461329,0.74968321935474,202.3,-4.99900000000002,333,0,218,218,0,0,17.1534163050355,12,412.964011165076
4,11,100,4.80651916243148,8.0517537374762,5.93657281296931,0.688723485188609,189.4,-4.94500000000005,332,0,118,118,0,0,17.4779441206845,12,400.543263535957
4,12,100,4.93159669186983,8.44262649096322,6.34448643778705,0.742873625804422,207.1,-4.99900000000002,332,0,221,221,0,0,17.1028948099638,12,410.966390989153
4,13,100,4.8465911499782,8.36601077478835,6.4400764522615,0.790518718905759,239.3,-4.99900000000002,226,0,95,95,0,0,16.9627260528605,12,403.882595831516
4,14,100,4.93837462913474,8.49162700083757,6.39353951244826,0.751266784168069,211.9,-4.99900000000002,334,0,220,220,0,0,17.027790181449,12,411.531219094562
4,15,100,4.85637197593527,8.37310985591954,6.42684542057349,0.797163122607574,237.4,-4.99900000000002,249,0,99,99,0,0,16.9819028311223,12,404.697664661273
4,16,100,4.96402362078547,8.46178278547217,6.29894927142775,0.737959230211212,201.1,-4.99900000000002,338,0,219,219,0,0,17.1766099302599,12,413.668635065456
4,17,100,4.99389518658425,8.54199338012479,6.45158148949233,0.747250351923352,209.5,-4.99900000000002,323,0,187,187,0,0,17.117568940891,12,416.157932215355
4,18,100,4.97233376577048,8.4528997372148,6.25274471995251,0.750191893055939,199.1,-4.99900000000002,338,0,225,225,0,0,17.2234629583649,12,414.36114714754
4,19,100,4.99314328436638,8.47196074789796,6.24631039024311,0.738552066912042,195.2,-4.99900000000002,350,0,222,222,0,0,17.2561507701442,12,416.095273697198
